,name,search_name,country,feature_class,lat,long,latitude,longitude
0,Ciudad del Este,Alto Paraná,Paraguay,seat of a first-order administrative division,S 25° 30′ 12'',W 54° 39′ 2'',-25.5033333333333,-54.6505555555556
1,Alto Paraná Department,Alto Paraná,Paraguay,first-order administrative division,S 25° 30′ 0'',W 54° 50′ 0'',-25.5,-54.8333333333333
2,Presidente Franco,Alto Paraná,Paraguay,populated place,S 25° 33′ 49'',W 54° 36′ 39'',-25.5636111111111,-54.6108333333333
3,Santa Fe Del Parana,Alto Paraná,Paraguay,second-order administrative division,S 25° 11′ 20'',W 54° 37′ 42'',-25.1888888888889,-54.6283333333333
4,Guaraní International Airport,Alto Paraná,Paraguay,airport,S 25° 27′ 19'',W 54° 50′ 36'',-25.4552777777778,-54.8433333333333
5,Mbaracayu,Alto Paraná,Paraguay,second-order administrative division,S 25° 0′ 55'',W 54° 41′ 20'',-25.0152777777778,-54.6888888888889
6,Santa Rita,Alto Paraná,Paraguay,second-order administrative division,S 25° 46′ 28'',W 55° 8′ 9'',-25.7744444444444,-55.1358333333333
7,Yguazu,Alto Paraná,Paraguay,second-order administrative division,S 25° 25′ 4'',W 55° 6′ 0'',-25.4177777777778,-55.1
8,Naranjal,Alto Paraná,Paraguay,second-order administrative division,S 25° 57′ 23'',W 55° 12′ 12'',-25.9563888888889,-55.2033333333333
9,Tavapy,Alto Paraná,Paraguay,second-order administrative division,S 25° 37′ 28'',W 55° 4′ 17'',-25.6244444444444,-55.0713888888889
10,San Cristobal,Alto Paraná,Paraguay,second-order administrative division,S 25° 47′ 0'',W 55° 23′ 5'',-25.7833333333333,-55.3847222222222
11,Iruña,Alto Paraná,Paraguay,second-order administrative division,S 26° 7′ 58'',W 55° 2′ 0'',-26.1327777777778,-55.0333333333333
12,Itakyry,Alto Paraná,Paraguay,second-order administrative division,S 24° 48′ 51'',W 55° 9′ 9'',-24.8141666666667,-55.1525
13,Ñacunday,Alto Paraná,Paraguay,second-order administrative division,S 26° 4′ 10'',W 54° 46′ 53'',-26.0694444444444,-54.7813888888889
14,Hernandarias,Alto Paraná,Paraguay,second-order administrative division,S 25° 18′ 54'',W 54° 46′ 40'',-25.315,-54.7777777777778
15,Minga Pora District,Alto Paraná,Paraguay,second-order administrative division,S 24° 52′ 0'',W 54° 55′ 0'',-24.8666666666667,-54.9166666666667
16,Domingo Martinez De Irala,Alto Paraná,Paraguay,second-order administrative division,S 25° 51′ 29'',W 54° 41′ 24'',-25.8580555555556,-54.69
17,Los Cedrales District,Alto Paraná,Paraguay,second-order administrative division,S 25° 41′ 9'',W 54° 45′ 4'',-25.6858333333333,-54.7511111111111
18,San Alberto,Alto Paraná,Paraguay,second-order administrative division,S 24° 58′ 33'',W 54° 54′ 22'',-24.9758333333333,-54.9061111111111
19,Dr. Raul Peña,Alto Paraná,Paraguay,second-order administrative division,S 26° 8′ 5'',W 55° 13′ 29'',-26.1347222222222,-55.2247222222222
20,Presidente Franco,Alto Paraná,Paraguay,second-order administrative division,S 25° 35′ 48'',W 54° 38′ 29'',-25.5966666666667,-54.6413888888889
21,Juan E. O´Leary,Alto Paraná,Paraguay,second-order administrative division,S 25° 28′ 48'',W 55° 21′ 54'',-25.48,-55.365
22,Ciudad Del Este,Alto Paraná,Paraguay,second-order administrative division,S 25° 29′ 52'',W 54° 40′ 47'',-25.4977777777778,-54.6797222222222
23,Minga Guazu,Alto Paraná,Paraguay,second-order administrative division,S 25° 30′ 12'',W 54° 50′ 29'',-25.5033333333333,-54.8413888888889
24,Santa Rosa Del Monday,Alto Paraná,Paraguay,second-order administrative division,S 25° 50′ 44'',W 54° 55′ 23'',-25.8455555555556,-54.9230555555556
25,Dr. Juan Leon Mallorquin,Alto Paraná,Paraguay,second-order administrative division,S 25° 29′ 1'',W 55° 15′ 16'',-25.4836111111111,-55.2544444444444
26,Itakyry,Alto Paraná,Paraguay,populated place,S 24° 59′ 2'',W 55° 8′ 57'',-24.9838888888889,-55.1491666666667
27,Yguazú,Alto Paraná,Paraguay,populated place,S 25° 27′ 39'',W 55° 0′ 17'',-25.4608333333333,-55.0047222222222
28,Doctor Juan León Mallorquín,Alto Paraná,Paraguay,populated place,S 25° 25′ 49'',W 55° 15′ 14'',-25.4302777777778,-55.2538888888889
29,Ypecuarujhá,Alto Paraná,Paraguay,locality,S 24° 19′ 0'',W 54° 50′ 0'',-24.3166666666667,-54.8333333333333
30,Ryguazú,Alto Paraná,Paraguay,area,S 24° 46′ 0'',W 55° 12′ 0'',-24.7666666666667,-55.2
31,Península,Alto Paraná,Paraguay,locality,S 25° 39′ 21'',W 54° 35′ 54'',-25.6558333333333,-54.5983333333333
32,Colonia Yguazú,Alto Paraná,Paraguay,area,S 25° 27′ 6'',W 55° 5′ 3'',-25.4516666666667,-55.0841666666667
33,Cabayú Acangué,Alto Paraná,Paraguay,locality,S 25° 5′ 59'',W 54° 55′ 0'',-25.0997222222222,-54.9166666666667
34,Agrícola Itabó,Alto Paraná,Paraguay,locality,S 25° 2′ 2'',W 54° 30′ 29'',-25.0338888888889,-54.5080555555556
35,San Alberto,Alto Paraná,Paraguay,seat of a second-order administrative division,S 24° 58′ 0'',W 54° 54′ 0'',-24.9666666666667,-54.9
36,Ñacunday,Alto Paraná,Paraguay,populated place,S 26° 1′ 0'',W 54° 46′ 0'',-26.0166666666667,-54.7666666666667
37,Minga Guazú,Alto Paraná,Paraguay,populated place,S 25° 28′ 55'',W 54° 45′ 43'',-25.4819444444444,-54.7619444444444
38,Minga Porá,Alto Paraná,Paraguay,populated place,S 24° 52′ 31'',W 54° 56′ 2'',-24.8752777777778,-54.9338888888889
39,Juan Emiliano O’Leary,Alto Paraná,Paraguay,populated place,S 25° 25′ 11'',W 55° 22′ 23'',-25.4197222222222,-55.3730555555556
40,Domingo Martínez de Irala,Alto Paraná,Paraguay,populated place,S 25° 54′ 39'',W 54° 37′ 41'',-25.9108333333333,-54.6280555555556
41,Planchada Timbo,Alto Paraná,Paraguay,locality,S 25° 11′ 38'',W 54° 47′ 32'',-25.1938888888889,-54.7922222222222
42,Colonia Paraguasil,Alto Paraná,Paraguay,locality,S 25° 12′ 46'',W 54° 34′ 48'',-25.2127777777778,-54.58
43,Carreria Petroinna,Alto Paraná,Paraguay,locality,S 25° 12′ 34'',W 54° 46′ 7'',-25.2094444444444,-54.7686111111111
44,Glebas Cinco,Alto Paraná,Paraguay,locality,S 25° 8′ 18'',W 54° 37′ 5'',-25.1383333333333,-54.6180555555556
45,Puerto Palma,Alto Paraná,Paraguay,locality,S 25° 18′ 51'',W 54° 31′ 52'',-25.3141666666667,-54.5311111111111
46,Dos Hermanas,Alto Paraná,Paraguay,locality,S 25° 15′ 56'',W 54° 31′ 51'',-25.2655555555556,-54.5308333333333
47,Santa Fe del Paraná,Alto Paraná,Paraguay,populated place,S 25° 13′ 22'',W 54° 42′ 10'',-25.2227777777778,-54.7027777777778
48,Yacarecuá,Alto Paraná,Paraguay,locality,S 25° 41′ 0'',W 55° 15′ 0'',-25.6833333333333,-55.25
49,Villa Mercedes,Alto Paraná,Paraguay,area,S 25° 31′ 0'',W 55° 19′ 0'',-25.5166666666667,-55.3166666666667
50,Pedro Juan Caballero,Amambay,Paraguay,seat of a first-order administrative division,S 22° 32′ 57'',W 55° 44′ 19'',-22.5491666666667,-55.7386111111111
51,Amambay Department,Amambay,Paraguay,first-order administrative division,S 22° 50′ 0'',W 55° 57′ 0'',-22.8333333333333,-55.95
52,Dr Augusto Roberto Fuster International Airport,Amambay,Paraguay,airport,S 22° 38′ 24'',W 55° 49′ 48'',-22.64,-55.83
53,Capitan Bado,Amambay,Paraguay,second-order administrative division,S 23° 25′ 27'',W 55° 48′ 46'',-23.4241666666667,-55.8127777777778
54,Zanja Pyta,Amambay,Paraguay,second-order administrative division,S 22° 46′ 18'',W 55° 42′ 31'',-22.7716666666667,-55.7086111111111
55,Pedro Juan Caballero,Amambay,Paraguay,second-order administrative division,S 22° 47′ 34'',W 55° 59′ 0'',-22.7927777777778,-55.9833333333333
56,Bella Vista,Amambay,Paraguay,second-order administrative division,S 22° 28′ 15'',W 56° 27′ 17'',-22.4708333333333,-56.4547222222222
57,Capitán Bado,Amambay,Paraguay,populated place,S 23° 16′ 2'',W 55° 32′ 19'',-23.2672222222222,-55.5386111111111
58,Bella Vista,Amambay,Paraguay,populated place,S 22° 7′ 20'',W 56° 30′ 54'',-22.1222222222222,-56.515
59,Zanja Pytá,Amambay,Paraguay,populated place,S 22° 37′ 51'',W 55° 37′ 47'',-22.6308333333333,-55.6297222222222
60,Chingüelo,Amambay,Paraguay,populated place,S 22° 40′ 0'',W 55° 55′ 0'',-22.6666666666667,-55.9166666666667
61,Cerro Corá,Amambay,Paraguay,populated place,S 22° 37′ 0'',W 55° 59′ 0'',-22.6166666666667,-55.9833333333333
62,Cerro Corá,Amambay,Paraguay,hill,S 22° 40′ 0'',W 55° 59′ 0'',-22.6666666666667,-55.9833333333333
63,Fraccion Amambay,Amambay,Paraguay,third-order administrative division,S 22° 33′ 58'',W 55° 43′ 47'',-22.5661111111111,-55.7297222222222
64,Solares De Amambay,Amambay,Paraguay,third-order administrative division,S 22° 34′ 22'',W 55° 45′ 46'',-22.5727777777778,-55.7627777777778
65,Torín,Amambay,Paraguay,populated place,S 23° 32′ 0'',W 55° 33′ 0'',-23.5333333333333,-55.55
66,Cascada,Amambay,Paraguay,third-order administrative division,S 22° 27′ 57'',W 56° 11′ 48'',-22.4658333333333,-56.1966666666667
67,Kachimbo,Amambay,Paraguay,third-order administrative division,S 22° 30′ 19'',W 55° 56′ 39'',-22.5052777777778,-55.9441666666667
68,Guarani,Amambay,Paraguay,third-order administrative division,S 22° 32′ 42'',W 55° 44′ 24'',-22.545,-55.74
69,Obrero,Amambay,Paraguay,third-order administrative division,S 22° 7′ 0'',W 56° 30′ 38'',-22.1166666666667,-56.5105555555556
70,Ysoso,Amambay,Paraguay,third-order administrative division,S 23° 27′ 10'',W 55° 52′ 23'',-23.4527777777778,-55.8730555555556
71,Obrero,Amambay,Paraguay,third-order administrative division,S 23° 16′ 7'',W 55° 32′ 54'',-23.2686111111111,-55.5483333333333
72,Centro,Amambay,Paraguay,third-order administrative division,S 22° 6′ 58'',W 56° 31′ 4'',-22.1161111111111,-56.5177777777778
73,Potrerito,Amambay,Paraguay,third-order administrative division,S 23° 22′ 55'',W 55° 34′ 45'',-23.3819444444444,-55.5791666666667
74,Kurupayty,Amambay,Paraguay,third-order administrative division,S 23° 13′ 5'',W 55° 35′ 23'',-23.2180555555556,-55.5897222222222
75,Apa,Amambay,Paraguay,third-order administrative division,S 22° 7′ 12'',W 56° 31′ 14'',-22.12,-56.5205555555556
76,Menta,Amambay,Paraguay,third-order administrative division,S 23° 17′ 48'',W 55° 38′ 44'',-23.2966666666667,-55.6455555555556
77,Primavera,Amambay,Paraguay,third-order administrative division,S 23° 15′ 38'',W 55° 32′ 14'',-23.2605555555556,-55.5372222222222
78,Guillermina,Amambay,Paraguay,third-order administrative division,S 22° 29′ 31'',W 55° 45′ 59'',-22.4919444444444,-55.7663888888889
79,Chiriguelo,Amambay,Paraguay,third-order administrative division,S 22° 40′ 16'',W 55° 54′ 23'',-22.6711111111111,-55.9063888888889
80,Gasory,Amambay,Paraguay,third-order administrative division,S 22° 39′ 51'',W 56° 9′ 45'',-22.6641666666667,-56.1625
81,Obrero,Amambay,Paraguay,third-order administrative division,S 22° 34′ 6'',W 55° 44′ 38'',-22.5683333333333,-55.7438888888889
82,Santa Lucia,Amambay,Paraguay,third-order administrative division,S 22° 37′ 59'',W 55° 37′ 42'',-22.6330555555556,-55.6283333333333
83,Apami,Amambay,Paraguay,third-order administrative division,S 22° 9′ 58'',W 56° 30′ 21'',-22.1661111111111,-56.5058333333333
84,Piky,Amambay,Paraguay,third-order administrative division,S 22° 41′ 53'',W 56° 12′ 31'',-22.6980555555556,-56.2086111111111
85,Yvype,Amambay,Paraguay,third-order administrative division,S 22° 35′ 37'',W 55° 48′ 2'',-22.5936111111111,-55.8005555555556
86,Casualidad,Amambay,Paraguay,third-order administrative division,S 22° 33′ 49'',W 56° 25′ 38'',-22.5636111111111,-56.4272222222222
87,Aguara,Amambay,Paraguay,third-order administrative division,S 23° 21′ 13'',W 55° 44′ 24'',-23.3536111111111,-55.74
88,Guavira,Amambay,Paraguay,third-order administrative division,S 22° 45′ 51'',W 56° 8′ 6'',-22.7641666666667,-56.135
89,Fortuna,Amambay,Paraguay,third-order administrative division,S 22° 44′ 30'',W 55° 44′ 24'',-22.7416666666667,-55.74
90,Jaguarundi,Amambay,Paraguay,third-order administrative division,S 23° 37′ 11'',W 55° 39′ 43'',-23.6197222222222,-55.6619444444444
91,Rinconada,Amambay,Paraguay,third-order administrative division,S 22° 18′ 10'',W 56° 40′ 58'',-22.3027777777778,-56.6827777777778
92,Florida,Amambay,Paraguay,third-order administrative division,S 22° 37′ 52'',W 55° 37′ 53'',-22.6311111111111,-55.6313888888889
93,Republica,Amambay,Paraguay,third-order administrative division,S 22° 36′ 16'',W 55° 42′ 39'',-22.6044444444444,-55.7108333333333
94,Arroyito,Amambay,Paraguay,third-order administrative division,S 23° 20′ 37'',W 55° 51′ 12'',-23.3436111111111,-55.8533333333333
95,Umbu,Amambay,Paraguay,third-order administrative division,S 23° 15′ 51'',W 55° 42′ 45'',-23.2641666666667,-55.7125
96,Jaguary,Amambay,Paraguay,third-order administrative division,S 22° 59′ 56'',W 56° 7′ 19'',-22.9988888888889,-56.1219444444444
97,Colonia Costa Jhoby,Amambay,Paraguay,populated place,S 23° 19′ 0'',W 55° 35′ 0'',-23.3166666666667,-55.5833333333333
98,Com Indig Jasuka Venda Jerope,Amambay,Paraguay,third-order administrative division,S 23° 5′ 48'',W 55° 59′ 2'',-23.0966666666667,-55.9838888888889
99,Com Indig Arroyo Kaa,Amambay,Paraguay,third-order administrative division,S 22° 33′ 27'',W 56° 14′ 20'',-22.5575,-56.2388888888889
100,Salvador,Bahia,Brazil,seat of a first-order administrative division,S 12° 58′ 32'',W 38° 29′ 27'',-12.9755555555556,-38.4908333333333
101,Feira de Santana,Bahia,Brazil,populated place,S 12° 16′ 0'',W 38° 58′ 0'',-12.2666666666667,-38.9666666666667
102,Bahia,Bahia,Brazil,first-order administrative division,S 12° 0′ 0'',W 42° 0′ 0'',-12,-42
103,Alagoinhas,Bahia,Brazil,populated place,S 12° 8′ 8'',W 38° 25′ 9'',-12.1355555555556,-38.4191666666667
104,Camaçari,Bahia,Brazil,populated place,S 12° 41′ 51'',W 38° 19′ 27'',-12.6975,-38.3241666666667
105,Jequié,Bahia,Brazil,populated place,S 13° 51′ 31'',W 40° 5′ 6'',-13.8586111111111,-40.085
106,Itabuna,Bahia,Brazil,populated place,S 14° 47′ 8'',W 39° 16′ 49'',-14.7855555555556,-39.2802777777778
107,Ilhéus,Bahia,Brazil,populated place,S 14° 47′ 56'',W 39° 1′ 56'',-14.7988888888889,-39.0322222222222
108,Barreiras,Bahia,Brazil,populated place,S 12° 9′ 10'',W 44° 59′ 24'',-12.1527777777778,-44.99
109,Valença,Bahia,Brazil,populated place,S 13° 22′ 13'',W 39° 4′ 23'',-13.3702777777778,-39.0730555555556
110,Eunápolis,Bahia,Brazil,populated place,S 16° 22′ 39'',W 39° 34′ 49'',-16.3775,-39.5802777777778
111,Juazeiro,Bahia,Brazil,populated place,S 9° 24′ 42'',W 40° 29′ 55'',-9.41166666666667,-40.4986111111111
112,Vitória da Conquista,Bahia,Brazil,populated place,S 14° 51′ 58'',W 40° 50′ 22'',-14.8661111111111,-40.8394444444444
113,Porto Seguro,Bahia,Brazil,populated place,S 16° 26′ 59'',W 39° 3′ 53'',-16.4497222222222,-39.0647222222222
114,Santo Antônio de Jesus,Bahia,Brazil,populated place,S 12° 58′ 8'',W 39° 15′ 41'',-12.9688888888889,-39.2613888888889
115,Jacobina,Bahia,Brazil,populated place,S 11° 10′ 53'',W 40° 30′ 49'',-11.1813888888889,-40.5136111111111
116,Guanambi,Bahia,Brazil,populated place,S 14° 13′ 24'',W 42° 46′ 53'',-14.2233333333333,-42.7813888888889
117,Paulo Afonso,Bahia,Brazil,populated place,S 9° 24′ 22'',W 38° 12′ 53'',-9.40611111111111,-38.2147222222222
118,Ilhéus/Bahia-Jorge Amado Airport,Bahia,Brazil,airport,S 14° 48′ 57'',W 39° 1′ 53'',-14.8158333333333,-39.0313888888889
119,Caetité,Bahia,Brazil,populated place,S 14° 4′ 10'',W 42° 28′ 30'',-14.0694444444444,-42.475
120,Serrinha,Bahia,Brazil,populated place,S 11° 39′ 51'',W 39° 0′ 27'',-11.6641666666667,-39.0075
121,Candeias,Bahia,Brazil,populated place,S 12° 40′ 4'',W 38° 33′ 2'',-12.6677777777778,-38.5505555555556
122,Itapetinga,Bahia,Brazil,populated place,S 15° 14′ 56'',W 40° 14′ 52'',-15.2488888888889,-40.2477777777778
123,Itamaraju,Bahia,Brazil,populated place,S 17° 2′ 21'',W 39° 31′ 52'',-17.0391666666667,-39.5311111111111
124,Itaberaba,Bahia,Brazil,populated place,S 12° 31′ 39'',W 40° 18′ 25'',-12.5275,-40.3069444444444
125,Ipirá,Bahia,Brazil,populated place,S 12° 9′ 30'',W 39° 44′ 14'',-12.1583333333333,-39.7372222222222
126,Chapada Diamantina Airport,Bahia,Brazil,airport,S 12° 28′ 56'',W 41° 16′ 37'',-12.4822222222222,-41.2769444444444
127,Barra,Bahia,Brazil,airport,S 11° 4′ 50'',W 43° 8′ 51'',-11.0805555555556,-43.1475
128,Porto Seguro,Bahia,Brazil,airport,S 16° 26′ 19'',W 39° 4′ 51'',-16.4386111111111,-39.0808333333333
129,Paulo Afonso,Bahia,Brazil,airport,S 9° 24′ 3'',W 38° 15′ 2'',-9.40083333333333,-38.2505555555556
130,Barra Grande Airport,Bahia,Brazil,airport,S 13° 54′ 18'',W 38° 55′ 59'',-13.905,-38.9330555555556
131,Mucugê Airport,Bahia,Brazil,airport,S 13° 1′ 55'',W 41° 26′ 43'',-13.0319444444444,-41.4452777777778
132,Deputado Luís Eduardo Magalhães International Airport,Bahia,Brazil,airport,S 12° 54′ 39'',W 38° 19′ 51'',-12.9108333333333,-38.3308333333333
133,Santo Amaro,Bahia,Brazil,populated place,S 12° 32′ 48'',W 38° 42′ 43'',-12.5466666666667,-38.7119444444445
134,Ribeira do Pombal,Bahia,Brazil,populated place,S 10° 50′ 4'',W 38° 32′ 9'',-10.8344444444444,-38.5358333333333
135,Campo Formoso,Bahia,Brazil,populated place,S 10° 30′ 27'',W 40° 19′ 17'',-10.5075,-40.3213888888889
136,Brumado,Bahia,Brazil,populated place,S 14° 12′ 13'',W 41° 39′ 55'',-14.2036111111111,-41.6652777777778
137,Bom Jesus da Lapa,Bahia,Brazil,populated place,S 13° 15′ 18'',W 43° 25′ 5'',-13.255,-43.4180555555556
138,Barra,Bahia,Brazil,populated place,S 11° 5′ 22'',W 43° 8′ 30'',-11.0894444444444,-43.1416666666667
139,Tucano,Bahia,Brazil,populated place,S 10° 57′ 29'',W 38° 47′ 27'',-10.9580555555556,-38.7908333333333
140,Senhor do Bonfim,Bahia,Brazil,populated place,S 10° 27′ 41'',W 40° 11′ 22'',-10.4613888888889,-40.1894444444444
141,Monte Santo,Bahia,Brazil,populated place,S 10° 26′ 16'',W 39° 19′ 58'',-10.4377777777778,-39.3327777777778
142,Dias d'Ávila,Bahia,Brazil,populated place,S 12° 36′ 45'',W 38° 17′ 49'',-12.6125,-38.2969444444444
143,Cruz das Almas,Bahia,Brazil,populated place,S 12° 40′ 12'',W 39° 6′ 7'',-12.67,-39.1019444444445
144,Conceição do Coité,Bahia,Brazil,populated place,S 11° 33′ 50'',W 39° 16′ 58'',-11.5638888888889,-39.2827777777778
145,Gandu,Bahia,Brazil,populated place,S 13° 44′ 38'',W 39° 29′ 12'',-13.7438888888889,-39.4866666666667
146,Una-Comandatuba Airport,Bahia,Brazil,airport,S 15° 21′ 26'',W 38° 59′ 53'',-15.3572222222222,-38.9980555555556
147,Barreiras Airport,Bahia,Brazil,airport,S 12° 4′ 44'',W 45° 0′ 32'',-12.0788888888889,-45.0088888888889
148,Guanambi Airport,Bahia,Brazil,airport,S 14° 12′ 29'',W 42° 44′ 46'',-14.2080555555556,-42.7461111111111
149,Valença Airport,Bahia,Brazil,airport,S 13° 17′ 47'',W 38° 59′ 32'',-13.2963888888889,-38.9922222222222
150,Ufa,Bashkortostan,Russia,seat of a first-order administrative division,N 54° 44′ 35'',E 55° 58′ 4'',54.7430555555556,55.9677777777778
151,Bashkortostan Republic,Bashkortostan,Russia,first-order administrative division,N 54° 16′ 0'',E 56° 31′ 30'',54.2666666666667,56.525
152,Neftekamsk,Bashkortostan,Russia,seat of a second-order administrative division,N 56° 5′ 19'',E 54° 15′ 49'',56.0886111111111,54.2636111111111
153,Oktyabrsky,Bashkortostan,Russia,populated place,N 54° 28′ 53'',E 53° 28′ 15'',54.4813888888889,53.4708333333333
154,Salavat,Bashkortostan,Russia,seat of a second-order administrative division,N 53° 22′ 58'',E 55° 54′ 39'',53.3827777777778,55.9108333333333
155,Sterlitamak,Bashkortostan,Russia,seat of a second-order administrative division,N 53° 38′ 16'',E 55° 57′ 11'',53.6377777777778,55.9530555555556
156,Meleuz,Bashkortostan,Russia,populated place,N 52° 57′ 52'',E 55° 55′ 58'',52.9644444444444,55.9327777777778
157,Ishimbay,Bashkortostan,Russia,seat of a second-order administrative division,N 53° 26′ 51'',E 56° 2′ 19'',53.4475,56.0386111111111
158,Beloretsk,Bashkortostan,Russia,seat of a second-order administrative division,N 53° 57′ 43'',E 58° 23′ 59'',53.9619444444445,58.3997222222222
159,Belebey,Bashkortostan,Russia,seat of a second-order administrative division,N 54° 6′ 27'',E 54° 7′ 2'',54.1075,54.1172222222222
160,Tuymazy,Bashkortostan,Russia,seat of a second-order administrative division,N 54° 36′ 23'',E 53° 42′ 42'',54.6063888888889,53.7116666666667
161,Kumertau,Bashkortostan,Russia,seat of a second-order administrative division,N 52° 45′ 53'',E 55° 47′ 16'',52.7647222222222,55.7877777777778
162,Blagoveshchensk,Bashkortostan,Russia,seat of a second-order administrative division,N 55° 2′ 6'',E 55° 58′ 37'',55.035,55.9769444444445
163,Birsk,Bashkortostan,Russia,seat of a second-order administrative division,N 55° 25′ 12'',E 55° 32′ 31'',55.42,55.5419444444444
164,Sibay,Bashkortostan,Russia,seat of a second-order administrative division,N 52° 43′ 4'',E 58° 40′ 0'',52.7177777777778,58.6666666666667
165,Davlekanovo,Bashkortostan,Russia,seat of a second-order administrative division,N 54° 13′ 3'',E 55° 1′ 50'',54.2175,55.0305555555556
166,Dyurtyuli,Bashkortostan,Russia,seat of a second-order administrative division,N 55° 29′ 14'',E 54° 51′ 42'',55.4872222222222,54.8616666666667
167,Agidel,Bashkortostan,Russia,seat of a second-order administrative division,N 55° 54′ 31'',E 53° 56′ 3'',55.9086111111111,53.9341666666667
168,Magnitogorsk International Airport,Bashkortostan,Russia,airport,N 53° 23′ 35'',E 58° 45′ 20'',53.3930555555556,58.7555555555556
169,Neftekamsk Airport,Bashkortostan,Russia,airport,N 56° 6′ 24'',E 54° 20′ 49'',56.1066666666667,54.3469444444444
170,Oktyabrskiy Airport,Bashkortostan,Russia,airport,N 54° 26′ 24'',E 53° 23′ 17'',54.44,53.3880555555556
171,Ufa International Airport,Bashkortostan,Russia,airport,N 54° 33′ 49'',E 55° 52′ 49'',54.5636111111111,55.8802777777778
172,Boyanda,Bashkortostan,Russia,area,N 53° 57′ 38'',E 56° 33′ 57'',53.9605555555556,56.5658333333333
173,Ilishevo,Bashkortostan,Russia,populated place,N 55° 37′ 52'',E 54° 11′ 48'',55.6311111111111,54.1966666666667
174,Bashkiriya,Bashkortostan,Russia,region,N 54° 0′ 0'',E 56° 0′ 0'',54,56
175,Rayevskiy,Bashkortostan,Russia,seat of a second-order administrative division,N 54° 3′ 50'',E 54° 56′ 1'',54.0638888888889,54.9336111111111
176,Yanaul,Bashkortostan,Russia,seat of a second-order administrative division,N 56° 16′ 20'',E 54° 55′ 46'',56.2722222222222,54.9294444444444
177,Uchaly,Bashkortostan,Russia,populated place,N 54° 21′ 29'',E 59° 26′ 10'',54.3580555555556,59.4361111111111
178,Kushnarenkovo,Bashkortostan,Russia,populated place,N 55° 6′ 18'',E 55° 21′ 3'',55.105,55.3508333333333
179,Krasnogorskiy,Bashkortostan,Russia,populated place,N 53° 5′ 57'',E 56° 0′ 10'',53.0991666666667,56.0027777777778
180,Beloretsk Airport,Bashkortostan,Russia,airport,N 53° 56′ 17'',E 58° 20′ 24'',53.9380555555556,58.34
181,Meleuzovsky District,Bashkortostan,Russia,second-order administrative division,N 53° 2′ 21'',E 56° 11′ 17'',53.0391666666667,56.1880555555556
182,Mechetlinsky District,Bashkortostan,Russia,second-order administrative division,N 55° 54′ 34'',E 58° 19′ 56'',55.9094444444444,58.3322222222222
183,Burzyansky District,Bashkortostan,Russia,second-order administrative division,N 53° 10′ 48'',E 57° 28′ 10'',53.18,57.4694444444445
184,Buribay,Bashkortostan,Russia,populated place,N 51° 57′ 42'',E 58° 9′ 33'',51.9616666666667,58.1591666666667
185,Burayevsky District,Bashkortostan,Russia,second-order administrative division,N 55° 47′ 48'',E 55° 22′ 30'',55.7966666666667,55.375
186,Iglinsky District,Bashkortostan,Russia,second-order administrative division,N 54° 50′ 26'',E 56° 46′ 12'',54.8405555555556,56.77
187,Iglino,Bashkortostan,Russia,seat of a second-order administrative division,N 54° 49′ 36'',E 56° 24′ 43'',54.8266666666667,56.4119444444444
188,Ishimbaysky District,Bashkortostan,Russia,second-order administrative division,N 53° 28′ 40'',E 56° 31′ 23'',53.4777777777778,56.5230555555556
189,Ilishevsky District,Bashkortostan,Russia,second-order administrative division,N 55° 29′ 8'',E 54° 18′ 24'',55.4855555555556,54.3066666666667
190,Urochishche Lukanovka,Bashkortostan,Russia,area,N 55° 48′ 30'',E 58° 10′ 38'',55.8083333333333,58.1772222222222
191,Aurgazinsky District,Bashkortostan,Russia,second-order administrative division,N 54° 4′ 9'',E 55° 56′ 6'',54.0691666666667,55.935
192,Askinsky District,Bashkortostan,Russia,second-order administrative division,N 56° 2′ 39'',E 56° 49′ 57'',56.0441666666667,56.8325
193,Arkhangel’skiy Rayon,Bashkortostan,Russia,second-order administrative division,N 54° 29′ 28'',E 56° 55′ 27'',54.4911111111111,56.9241666666667
194,Urochishche Andreyevka,Bashkortostan,Russia,area,N 52° 46′ 0'',E 55° 23′ 54'',52.7666666666667,55.3983333333333
195,Alsheyevsky District,Bashkortostan,Russia,second-order administrative division,N 53° 58′ 46'',E 54° 57′ 41'',53.9794444444445,54.9613888888889
196,Urochishche Alikudra,Bashkortostan,Russia,area,N 55° 17′ 53'',E 57° 8′ 12'',55.2980555555556,57.1366666666667
197,Urochishche Alekseyevskiy,Bashkortostan,Russia,area,N 53° 8′ 50'',E 56° 26′ 36'',53.1472222222222,56.4433333333333
198,Urochishche Alatauayry,Bashkortostan,Russia,area,N 53° 32′ 22'',E 56° 52′ 50'',53.5394444444444,56.8805555555556
199,Akyar,Bashkortostan,Russia,populated place,N 51° 51′ 32'',E 58° 13′ 16'',51.8588888888889,58.2211111111111
200,Belgorod,Belgorod,Russia,seat of a first-order administrative division,N 50° 36′ 12'',E 36° 34′ 51'',50.6033333333333,36.5808333333333
201,Belgorod Oblast,Belgorod,Russia,first-order administrative division,N 50° 50′ 0'',E 37° 32′ 30'',50.8333333333333,37.5416666666667
202,Gubkin,Belgorod,Russia,seat of a second-order administrative division,N 51° 17′ 1'',E 37° 32′ 6'',51.2836111111111,37.535
203,Stary Oskol,Belgorod,Russia,seat of a second-order administrative division,N 51° 18′ 9'',E 37° 50′ 46'',51.3025,37.8461111111111
204,Belgorod International Airport,Belgorod,Russia,airport,N 50° 38′ 37'',E 36° 35′ 24'',50.6436111111111,36.59
205,Alexeyevka,Belgorod,Russia,populated place,N 50° 37′ 51'',E 38° 41′ 25'',50.6308333333333,38.6902777777778
206,Prokhorovka,Belgorod,Russia,seat of a second-order administrative division,N 51° 2′ 9'',E 36° 43′ 53'',51.0358333333333,36.7313888888889
207,Shebekino,Belgorod,Russia,seat of a second-order administrative division,N 50° 24′ 48'',E 36° 55′ 31'',50.4133333333333,36.9252777777778
208,Valuyki,Belgorod,Russia,seat of a second-order administrative division,N 50° 11′ 47'',E 38° 7′ 0'',50.1963888888889,38.1166666666667
209,Borisovka,Belgorod,Russia,seat of a second-order administrative division,N 50° 35′ 58'',E 36° 1′ 1'',50.5994444444444,36.0169444444444
210,Chernyanka,Belgorod,Russia,seat of a second-order administrative division,N 50° 56′ 17'',E 37° 48′ 54'',50.9380555555556,37.815
211,Novy Oskol,Belgorod,Russia,populated place,N 50° 45′ 47'',E 37° 51′ 50'',50.7630555555556,37.8638888888889
212,Belgorod Urban District,Belgorod,Russia,second-order administrative division,N 50° 35′ 5'',E 36° 37′ 57'',50.5847222222222,36.6325
213,Urochishche Novopavlovka,Belgorod,Russia,area,N 50° 50′ 20'',E 36° 5′ 44'',50.8388888888889,36.0955555555556
214,Urochishche Krasnyy Vzliv,Belgorod,Russia,area,N 50° 55′ 17'',E 36° 8′ 50'',50.9213888888889,36.1472222222222
215,Urochishche Dolgoye,Belgorod,Russia,area,N 50° 55′ 41'',E 36° 10′ 50'',50.9280555555556,36.1805555555556
216,Urochishche Cheremkhov Tretiy,Belgorod,Russia,area,N 49° 57′ 58'',E 39° 10′ 15'',49.9661111111111,39.1708333333333
217,Urochishche Ivanovskiy Vyselok,Belgorod,Russia,area,N 50° 58′ 33'',E 36° 37′ 50'',50.9758333333333,36.6305555555556
218,Urochishche Kalinina,Belgorod,Russia,area,N 50° 39′ 26'',E 36° 48′ 16'',50.6572222222222,36.8044444444444
219,Grayvoronsky District,Belgorod,Russia,second-order administrative division,N 50° 33′ 34'',E 35° 38′ 30'',50.5594444444444,35.6416666666667
220,Krasnensky District,Belgorod,Russia,second-order administrative division,N 50° 55′ 0'',E 38° 35′ 0'',50.9166666666667,38.5833333333333
221,Krasnoyaruzhsky District,Belgorod,Russia,second-order administrative division,N 50° 49′ 2'',E 35° 32′ 34'',50.8172222222222,35.5427777777778
222,Borisovsky District,Belgorod,Russia,second-order administrative division,N 50° 35′ 13'',E 36° 0′ 34'',50.5869444444445,36.0094444444445
223,Gubkinsky Urban Okrug,Belgorod,Russia,second-order administrative division,N 51° 10′ 0'',E 37° 25′ 0'',51.1666666666667,37.4166666666667
224,Ivnyansky District,Belgorod,Russia,second-order administrative division,N 51° 0′ 37'',E 36° 14′ 5'',51.0102777777778,36.2347222222222
225,Alexeyevsky District,Belgorod,Russia,second-order administrative division,N 50° 32′ 27'',E 38° 47′ 35'',50.5408333333333,38.7930555555556
226,Chernyansky District,Belgorod,Russia,second-order administrative division,N 50° 59′ 15'',E 37° 49′ 24'',50.9875,37.8233333333333
227,Belgorodsky District,Belgorod,Russia,second-order administrative division,N 50° 31′ 10'',E 36° 31′ 16'',50.5194444444444,36.5211111111111
228,Prokhorovsky District,Belgorod,Russia,second-order administrative division,N 51° 0′ 16'',E 36° 44′ 55'',51.0044444444444,36.7486111111111
229,Rakityansky District,Belgorod,Russia,second-order administrative division,N 50° 51′ 46'',E 35° 54′ 9'',50.8627777777778,35.9025
230,Rakitnoye,Belgorod,Russia,seat of a second-order administrative division,N 50° 50′ 26'',E 35° 51′ 7'',50.8405555555556,35.8519444444445
231,Shebekinsky District,Belgorod,Russia,second-order administrative division,N 50° 29′ 31'',E 37° 4′ 19'',50.4919444444444,37.0719444444445
232,Volokonovsky District,Belgorod,Russia,second-order administrative division,N 50° 28′ 18'',E 37° 48′ 22'',50.4716666666667,37.8061111111111
233,Volokonovka,Belgorod,Russia,seat of a second-order administrative division,N 50° 29′ 6'',E 37° 51′ 39'',50.485,37.8608333333333
234,Veydelevsky District,Belgorod,Russia,second-order administrative division,N 50° 10′ 0'',E 38° 35′ 0'',50.1666666666667,38.5833333333333
235,Valuysky District,Belgorod,Russia,second-order administrative division,N 50° 11′ 22'',E 38° 2′ 51'',50.1894444444444,38.0475
236,Stroitel,Belgorod,Russia,seat of a second-order administrative division,N 50° 47′ 17'',E 36° 28′ 39'',50.7880555555556,36.4775
237,Yakovlevsky District,Belgorod,Russia,second-order administrative division,N 50° 47′ 55'',E 36° 22′ 49'',50.7986111111111,36.3802777777778
238,Korochansky District,Belgorod,Russia,second-order administrative division,N 50° 49′ 43'',E 37° 10′ 11'',50.8286111111111,37.1697222222222
239,Korocha,Belgorod,Russia,seat of a second-order administrative division,N 50° 48′ 39'',E 37° 11′ 45'',50.8108333333333,37.1958333333333
240,Krasnoye,Belgorod,Russia,seat of a second-order administrative division,N 50° 55′ 58'',E 38° 40′ 52'',50.9327777777778,38.6811111111111
241,Biryuch,Belgorod,Russia,populated place,N 50° 38′ 57'',E 38° 24′ 12'',50.6491666666667,38.4033333333333
242,Krasnogvardeyskiy Rayon,Belgorod,Russia,second-order administrative division,N 50° 36′ 28'',E 38° 20′ 2'',50.6077777777778,38.3338888888889
243,Stary Oskol Airport,Belgorod,Russia,airport,N 51° 19′ 47'',E 37° 46′ 10'',51.3297222222222,37.7694444444444
244,Alekseevsky District and City,Belgorod,Russia,second-order administrative division,N 50° 34′ 47'',E 38° 50′ 1'',50.5797222222222,38.8336111111111
245,Gorodskoy Okrug Gubkin,Belgorod,Russia,second-order administrative division,N 51° 17′ 1'',E 37° 32′ 4'',51.2836111111111,37.5344444444444
246,Gorodskoy Okrug Staryy Oskol,Belgorod,Russia,second-order administrative division,N 51° 18′ 53'',E 37° 51′ 9'',51.3147222222222,37.8525
247,Gorodskoy Okrug Valuyki,Belgorod,Russia,second-order administrative division,N 50° 11′ 49'',E 38° 7′ 12'',50.1969444444444,38.12
248,Gorodskoy Okrug Alekseyevka,Belgorod,Russia,second-order administrative division,N 50° 37′ 57'',E 38° 40′ 32'',50.6325,38.6755555555556
249,Novooskolsky District,Belgorod,Russia,second-order administrative division,N 50° 44′ 12'',E 37° 48′ 48'',50.7366666666667,37.8133333333333
250,Bihar,Bihar,India,first-order administrative division,N 25° 45′ 0'',E 85° 45′ 0'',25.75,85.75
251,Patna,Bihar,India,seat of a first-order administrative division,N 25° 35′ 38'',E 85° 8′ 8'',25.5938888888889,85.1355555555556
252,Saharsa,Bihar,India,populated place,N 25° 52′ 29'',E 86° 35′ 46'',25.8747222222222,86.5961111111111
253,Bettiah,Bihar,India,populated place,N 26° 48′ 8'',E 84° 30′ 11'',26.8022222222222,84.5030555555556
254,Begusarai,Bihar,India,seat of a second-order administrative division,N 25° 25′ 6'',E 86° 8′ 2'',25.4183333333333,86.1338888888889
255,Muzaffarpur,Bihar,India,populated place,N 26° 7′ 21'',E 85° 23′ 26'',26.1225,85.3905555555556
256,Purnia,Bihar,India,seat of a second-order administrative division,N 25° 46′ 44'',E 87° 28′ 27'',25.7788888888889,87.4741666666667
257,Darbhanga,Bihar,India,populated place,N 26° 9′ 7'',E 85° 53′ 49'',26.1519444444444,85.8969444444445
258,Chāpra,Bihar,India,populated place,N 25° 46′ 49'',E 84° 44′ 49'',25.7802777777778,84.7469444444445
259,Arrah,Bihar,India,populated place,N 25° 33′ 22'',E 84° 39′ 48'',25.5561111111111,84.6633333333333
260,Bihār Sharīf,Bihar,India,populated place,N 25° 12′ 3'',E 85° 31′ 26'',25.2008333333333,85.5238888888889
261,Hājīpur,Bihar,India,populated place,N 25° 41′ 7'',E 85° 12′ 35'',25.6852777777778,85.2097222222222
262,Kishanganj,Bihar,India,populated place,N 26° 6′ 8'',E 87° 57′ 19'',26.1022222222222,87.9552777777778
263,Kharagpur,Bihar,India,populated place,N 25° 7′ 28'',E 86° 33′ 20'',25.1244444444444,86.5555555555556
264,Siwān,Bihar,India,populated place,N 26° 13′ 15'',E 84° 21′ 21'',26.2208333333333,84.3558333333333
265,Sasarām,Bihar,India,populated place,N 24° 56′ 57'',E 84° 0′ 59'',24.9491666666667,84.0163888888889
266,Buxar,Bihar,India,populated place,N 25° 34′ 31'',E 83° 58′ 49'',25.5752777777778,83.9802777777778
267,Bhagalpur,Bihar,India,populated place,N 25° 14′ 40'',E 86° 58′ 18'',25.2444444444444,86.9716666666667
268,Bagaha,Bihar,India,populated place,N 27° 5′ 57'',E 84° 5′ 24'',27.0991666666667,84.09
269,Munger,Bihar,India,populated place,N 25° 22′ 28'',E 86° 28′ 28'',25.3744444444444,86.4744444444444
270,Mothīhāri,Bihar,India,populated place,N 26° 38′ 55'',E 84° 54′ 59'',26.6486111111111,84.9163888888889
271,Dumraon,Bihar,India,populated place,N 25° 33′ 9'',E 84° 9′ 5'',25.5525,84.1513888888889
272,Jhajha,Bihar,India,populated place,N 24° 46′ 15'',E 86° 22′ 44'',24.7708333333333,86.3788888888889
273,Gaya,Bihar,India,populated place,N 24° 47′ 48'',E 85° 0′ 13'',24.7966666666667,85.0036111111111
274,Aurangābād,Bihar,India,populated place,N 24° 45′ 7'',E 84° 22′ 27'',24.7519444444444,84.3741666666667
275,Arāria,Bihar,India,populated place,N 26° 8′ 57'',E 87° 30′ 47'',26.1491666666667,87.5130555555556
276,Raxaul,Bihar,India,populated place,N 26° 58′ 47'',E 84° 51′ 2'',26.9797222222222,84.8505555555555
277,Marhaura,Bihar,India,populated place,N 25° 58′ 24'',E 84° 52′ 4'',25.9733333333333,84.8677777777778
278,Dinapore,Bihar,India,populated place,N 25° 38′ 13'',E 85° 2′ 52'',25.6369444444444,85.0477777777778
279,Hisua,Bihar,India,populated place,N 24° 50′ 1'',E 85° 25′ 2'',24.8336111111111,85.4172222222222
280,Bodh Gaya,Bihar,India,populated place,N 24° 41′ 53'',E 84° 59′ 12'',24.6980555555556,84.9866666666667
281,Maner,Bihar,India,populated place,N 25° 38′ 45'',E 84° 52′ 22'',25.6458333333333,84.8727777777778
282,Bangaon,Bihar,India,populated place,N 25° 52′ 2'',E 86° 30′ 41'',25.8672222222222,86.5113888888889
283,Bagaha,Bihar,India,populated place,N 24° 31′ 44'',E 85° 3′ 36'',24.5288888888889,85.06
284,Madhubani,Bihar,India,populated place,N 26° 21′ 13'',E 86° 4′ 18'',26.3536111111111,86.0716666666667
285,Luckeesarai,Bihar,India,populated place,N 25° 10′ 35'',E 86° 5′ 40'',25.1763888888889,86.0944444444444
286,Nawāda,Bihar,India,populated place,N 24° 53′ 12'',E 85° 32′ 37'',24.8866666666667,85.5436111111111
287,Jamūī,Bihar,India,populated place,N 24° 55′ 33'',E 86° 13′ 31'',24.9258333333333,86.2252777777778
288,Jamālpur,Bihar,India,seat of a third-order administrative division,N 25° 18′ 45'',E 86° 29′ 20'',25.3125,86.4888888888889
289,Gaya District,Bihar,India,second-order administrative division,N 24° 45′ 0'',E 85° 0′ 0'',24.75,85
290,Katihar,Bihar,India,populated place,N 25° 32′ 18'',E 87° 34′ 13'',25.5383333333333,87.5702777777778
291,Sītāmarhi,Bihar,India,populated place,N 26° 35′ 36'',E 85° 29′ 26'',26.5933333333333,85.4905555555556
292,Samāstipur,Bihar,India,populated place,N 25° 51′ 44'',E 85° 46′ 46'',25.8622222222222,85.7794444444444
293,Sagauli,Bihar,India,populated place,N 26° 45′ 50'',E 84° 44′ 36'',26.7638888888889,84.7433333333333
294,Bhabhua,Bihar,India,populated place,N 25° 2′ 25'',E 83° 36′ 27'',25.0402777777778,83.6075
295,Belsand,Bihar,India,populated place,N 26° 26′ 37'',E 85° 24′ 2'',26.4436111111111,85.4005555555556
296,Bāruni,Bihar,India,populated place,N 25° 28′ 30'',E 85° 58′ 5'',25.475,85.9680555555556
297,Madhepura,Bihar,India,populated place,N 25° 55′ 16'',E 86° 47′ 33'',25.9211111111111,86.7925
298,Naugachhia,Bihar,India,populated place,N 25° 23′ 17'',E 87° 5′ 56'',25.3880555555556,87.0988888888889
299,Forbesganj,Bihar,India,populated place,N 26° 18′ 9'',E 87° 15′ 56'',26.3025,87.2655555555556
300,Bryansk,Bryansk,Russia,seat of a first-order administrative division,N 53° 16′ 15'',E 34° 19′ 17'',53.2708333333333,34.3213888888889
301,Bryansk Oblast,Bryansk,Russia,first-order administrative division,N 52° 54′ 30'',E 33° 25′ 30'',52.9083333333333,33.425
302,Klintsy,Bryansk,Russia,seat of a second-order administrative division,N 52° 45′ 37'',E 32° 14′ 20'',52.7602777777778,32.2388888888889
303,Novozybkov,Bryansk,Russia,seat of a second-order administrative division,N 52° 32′ 13'',E 31° 56′ 11'',52.5369444444444,31.9363888888889
304,Brjansk,Bryansk,Russia,airport,N 53° 12′ 51'',E 34° 10′ 35'',53.2141666666667,34.1763888888889
305,Surazh,Bryansk,Russia,populated place,N 53° 1′ 2'',E 32° 23′ 30'',53.0172222222222,32.3916666666667
306,Gorodskoy Okrug Bryansk,Bryansk,Russia,second-order administrative division,N 53° 16′ 56'',E 34° 21′ 19'',53.2822222222222,34.3552777777778
307,Urochishche Kamenka,Bryansk,Russia,area,N 52° 17′ 13'',E 32° 3′ 5'',52.2869444444444,32.0513888888889
308,Urochishche Kiryushkin,Bryansk,Russia,area,N 52° 24′ 23'',E 32° 31′ 8'',52.4063888888889,32.5188888888889
309,Urochishche Krasnyy Bor,Bryansk,Russia,area,N 52° 26′ 46'',E 32° 54′ 0'',52.4461111111111,32.9
310,Urochishche Gromovshchina,Bryansk,Russia,area,N 52° 30′ 39'',E 32° 46′ 9'',52.5108333333333,32.7691666666667
311,Urochishche Lipenka,Bryansk,Russia,area,N 52° 36′ 20'',E 33° 17′ 21'',52.6055555555556,33.2891666666667
312,Urochishche Selino,Bryansk,Russia,area,N 52° 35′ 37'',E 33° 36′ 12'',52.5936111111111,33.6033333333333
313,Urochishche Shchetinino,Bryansk,Russia,area,N 52° 39′ 43'',E 33° 44′ 42'',52.6619444444444,33.745
314,Urochishche Novyy Dvor,Bryansk,Russia,area,N 52° 31′ 49'',E 33° 52′ 50'',52.5302777777778,33.8805555555556
315,Urochishche Buki,Bryansk,Russia,area,N 52° 37′ 10'',E 33° 45′ 49'',52.6194444444445,33.7636111111111
316,Urochishche Krasnyy Klin,Bryansk,Russia,area,N 53° 0′ 30'',E 31° 19′ 4'',53.0083333333333,31.3177777777778
317,Urochishche Krasnaya Roshcha,Bryansk,Russia,area,N 53° 0′ 22'',E 31° 22′ 43'',53.0061111111111,31.3786111111111
318,Urochishche Bykov,Bryansk,Russia,area,N 53° 4′ 23'',E 32° 29′ 27'',53.0730555555556,32.4908333333333
319,Urochishche Chausy,Bryansk,Russia,area,N 52° 6′ 35'',E 32° 4′ 47'',52.1097222222222,32.0797222222222
320,Urochishche Krucha,Bryansk,Russia,area,N 52° 13′ 8'',E 32° 5′ 55'',52.2188888888889,32.0986111111111
321,Gordeyevsky District,Bryansk,Russia,second-order administrative division,N 52° 58′ 25'',E 31° 53′ 55'',52.9736111111111,31.8986111111111
322,Zhiryatinsky District,Bryansk,Russia,second-order administrative division,N 53° 13′ 53'',E 33° 36′ 23'',53.2313888888889,33.6063888888889
323,Zlynkovsky District,Bryansk,Russia,second-order administrative division,N 52° 21′ 18'',E 31° 48′ 29'',52.355,31.8080555555556
324,Urochishche Pervoye Maya,Bryansk,Russia,area,N 52° 39′ 49'',E 34° 46′ 58'',52.6636111111111,34.7827777777778
325,Urochishche Chistoye Pole,Bryansk,Russia,area,N 52° 28′ 41'',E 34° 43′ 21'',52.4780555555556,34.7225
326,Urochishche Alekseyevskiy,Bryansk,Russia,area,N 52° 12′ 33'',E 34° 37′ 5'',52.2091666666667,34.6180555555556
327,Urochishche Postel’nikovskiy,Bryansk,Russia,area,N 52° 7′ 22'',E 34° 37′ 48'',52.1227777777778,34.63
328,Urochishche Bereznyak,Bryansk,Russia,area,N 52° 2′ 7'',E 34° 26′ 9'',52.0352777777778,34.4358333333333
329,Urochishche Budlyanka,Bryansk,Russia,area,N 52° 3′ 19'',E 34° 27′ 33'',52.0552777777778,34.4591666666667
330,Urochishche Gorartel’,Bryansk,Russia,area,N 52° 5′ 3'',E 34° 27′ 37'',52.0841666666667,34.4602777777778
331,Urochishche Bereza,Bryansk,Russia,area,N 52° 6′ 24'',E 34° 17′ 9'',52.1066666666667,34.2858333333333
332,Urochishche Vesëlyy,Bryansk,Russia,area,N 52° 13′ 0'',E 34° 1′ 24'',52.2166666666667,34.0233333333333
333,Urochishche Gubanovskoye,Bryansk,Russia,area,N 52° 3′ 54'',E 34° 14′ 18'',52.065,34.2383333333333
334,Urochishche Melichi,Bryansk,Russia,area,N 52° 24′ 19'',E 33° 36′ 13'',52.4052777777778,33.6036111111111
335,Ozero Maloye Zherino,Bryansk,Russia,lake,N 52° 29′ 13'',E 33° 41′ 33'',52.4869444444445,33.6925
336,Bryanskiy Rayon,Bryansk,Russia,second-order administrative division,N 53° 20′ 53'',E 34° 21′ 51'',53.3480555555556,34.3641666666667
337,Brasovsky District,Bryansk,Russia,second-order administrative division,N 52° 39′ 32'',E 34° 44′ 45'',52.6588888888889,34.7458333333333
338,Urochishche Igryanov,Bryansk,Russia,area,N 52° 18′ 40'',E 32° 7′ 19'',52.3111111111111,32.1219444444444
339,Urochishche Kalinina,Bryansk,Russia,area,N 53° 10′ 12'',E 32° 26′ 57'',53.17,32.4491666666667
340,Urochishche Lyupin,Bryansk,Russia,area,N 52° 26′ 40'',E 32° 21′ 52'',52.4444444444444,32.3644444444444
341,Urochishche Lyakhovo,Bryansk,Russia,area,N 52° 28′ 19'',E 33° 53′ 8'',52.4719444444444,33.8855555555556
342,Dubrovsky District,Bryansk,Russia,second-order administrative division,N 53° 39′ 58'',E 33° 24′ 50'',53.6661111111111,33.4138888888889
343,Urochishche Dobrylevo,Bryansk,Russia,area,N 52° 21′ 14'',E 33° 31′ 31'',52.3538888888889,33.5252777777778
344,Urochishche Chernyavka,Bryansk,Russia,area,N 52° 17′ 0'',E 31° 43′ 0'',52.2833333333333,31.7166666666667
345,Urochishche Galchinskiy,Bryansk,Russia,area,N 52° 15′ 40'',E 34° 35′ 43'',52.2611111111111,34.5952777777778
346,Urochishche Mostishche,Bryansk,Russia,area,N 52° 17′ 27'',E 32° 9′ 10'',52.2908333333333,32.1527777777778
347,Belyye Berega,Bryansk,Russia,populated place,N 53° 12′ 30'',E 34° 39′ 50'',53.2083333333333,34.6638888888889
348,Pochepsky District,Bryansk,Russia,second-order administrative division,N 52° 54′ 53'',E 33° 29′ 57'',52.9147222222222,33.4991666666667
349,Urochishche Pesochnya,Bryansk,Russia,area,N 52° 22′ 33'',E 32° 6′ 4'',52.3758333333333,32.1011111111111
350,Buenos Aires,Buenos Aires,Argentina,capital of a political entity,S 34° 36′ 47'',W 58° 22′ 38'',-34.6130555555556,-58.3772222222222
351,Greater Buenos Aires,Buenos Aires,Argentina,region,S 34° 37′ 4'',W 58° 28′ 38'',-34.6177777777778,-58.4772222222222
352,Mar del Plata,Buenos Aires,Argentina,seat of a second-order administrative division,S 38° 0′ 1'',W 57° 33′ 22'',-38.0002777777778,-57.5561111111111
353,Bahía Blanca,Buenos Aires,Argentina,seat of a second-order administrative division,S 38° 43′ 3'',W 62° 15′ 55'',-38.7175,-62.2652777777778
354,Buenos Aires,Buenos Aires,Argentina,first-order administrative division,S 36° 0′ 0'',W 60° 0′ 0'',-36,-60
355,La Plata,Buenos Aires,Argentina,seat of a first-order administrative division,S 34° 55′ 16'',W 57° 57′ 15'',-34.9211111111111,-57.9541666666667
356,Quilmes,Buenos Aires,Argentina,seat of a second-order administrative division,S 34° 43′ 14'',W 58° 15′ 16'',-34.7205555555556,-58.2544444444444
357,Tandil,Buenos Aires,Argentina,seat of a second-order administrative division,S 37° 19′ 43'',W 59° 8′ 12'',-37.3286111111111,-59.1366666666667
358,Buenos Aires F.D.,Buenos Aires,Argentina,first-order administrative division,S 34° 36′ 0'',W 58° 27′ 0'',-34.6,-58.45
359,San Miguel,Buenos Aires,Argentina,populated place,S 34° 32′ 36'',W 58° 42′ 44'',-34.5433333333333,-58.7122222222222
360,Castelar,Buenos Aires,Argentina,populated place,S 34° 39′ 5'',W 58° 38′ 26'',-34.6513888888889,-58.6405555555556
361,Morón,Buenos Aires,Argentina,seat of a second-order administrative division,S 34° 39′ 4'',W 58° 37′ 19'',-34.6511111111111,-58.6219444444444
362,Merlo,Buenos Aires,Argentina,seat of a second-order administrative division,S 34° 39′ 55'',W 58° 43′ 38'',-34.6652777777778,-58.7272222222222
363,Luján,Buenos Aires,Argentina,seat of a second-order administrative division,S 34° 33′ 59'',W 59° 6′ 53'',-34.5663888888889,-59.1147222222222
364,Zárate,Buenos Aires,Argentina,seat of a second-order administrative division,S 34° 5′ 45'',W 59° 1′ 27'',-34.0958333333333,-59.0241666666667
365,Junín,Buenos Aires,Argentina,seat of a second-order administrative division,S 34° 35′ 38'',W 60° 56′ 47'',-34.5938888888889,-60.9463888888889
366,San Nicolás de los Arroyos,Buenos Aires,Argentina,seat of a second-order administrative division,S 33° 20′ 3'',W 60° 12′ 38'',-33.3341666666667,-60.2105555555556
367,Olavarría,Buenos Aires,Argentina,seat of a second-order administrative division,S 36° 53′ 37'',W 60° 19′ 23'',-36.8936111111111,-60.3230555555556
368,Belgrano,Buenos Aires,Argentina,section of populated place,S 34° 33′ 45'',W 58° 27′ 29'',-34.5625,-58.4580555555556
369,Villa Lugano,Buenos Aires,Argentina,section of populated place,S 34° 40′ 44'',W 58° 28′ 21'',-34.6788888888889,-58.4725
370,Balvanera,Buenos Aires,Argentina,section of populated place,S 34° 36′ 37'',W 58° 23′ 51'',-34.6102777777778,-58.3975
371,Ministro Pistarini International Airport,Buenos Aires,Argentina,airport,S 34° 49′ 20'',W 58° 32′ 9'',-34.8222222222222,-58.5358333333333
372,Bella Vista,Buenos Aires,Argentina,populated place,S 34° 33′ 54'',W 58° 41′ 25'',-34.565,-58.6902777777778
373,Lomas de Zamora,Buenos Aires,Argentina,seat of a second-order administrative division,S 34° 45′ 26'',W 58° 24′ 10'',-34.7572222222222,-58.4027777777778
374,Don Torcuato,Buenos Aires,Argentina,populated place,S 34° 29′ 40'',W 58° 37′ 38'',-34.4944444444445,-58.6272222222222
375,San Antonio de Padua,Buenos Aires,Argentina,populated place,S 34° 39′ 45'',W 58° 41′ 53'',-34.6625,-58.6980555555556
376,Campana,Buenos Aires,Argentina,seat of a second-order administrative division,S 34° 9′ 47'',W 58° 57′ 33'',-34.1630555555556,-58.9591666666667
377,Azul,Buenos Aires,Argentina,seat of a second-order administrative division,S 36° 46′ 40'',W 59° 51′ 30'',-36.7777777777778,-59.8583333333333
378,Mercedes,Buenos Aires,Argentina,seat of a second-order administrative division,S 34° 39′ 2'',W 59° 25′ 53'',-34.6505555555556,-59.4313888888889
379,Necochea,Buenos Aires,Argentina,seat of a second-order administrative division,S 38° 33′ 16'',W 58° 44′ 22'',-38.5544444444444,-58.7394444444444
380,Pergamino,Buenos Aires,Argentina,seat of a second-order administrative division,S 33° 53′ 27'',W 60° 34′ 28'',-33.8908333333333,-60.5744444444444
381,San Justo,Buenos Aires,Argentina,seat of a second-order administrative division,S 34° 40′ 51'',W 58° 33′ 49'',-34.6808333333333,-58.5636111111111
382,Barracas,Buenos Aires,Argentina,section of populated place,S 34° 38′ 58'',W 58° 23′ 0'',-34.6494444444444,-58.3833333333333
383,El Palomar Airport,Buenos Aires,Argentina,airport,S 34° 36′ 35'',W 58° 36′ 45'',-34.6097222222222,-58.6125
384,Berazategui,Buenos Aires,Argentina,populated place,S 34° 45′ 55'',W 58° 12′ 46'',-34.7652777777778,-58.2127777777778
385,Los Polvorines,Buenos Aires,Argentina,populated place,S 34° 30′ 11'',W 58° 42′ 21'',-34.5030555555556,-58.7058333333333
386,El Palomar,Buenos Aires,Argentina,populated place,S 34° 37′ 3'',W 58° 36′ 5'',-34.6175,-58.6013888888889
387,Astor Piazzolla International Airport,Buenos Aires,Argentina,airport,S 37° 56′ 3'',W 57° 34′ 24'',-37.9341666666667,-57.5733333333333
388,Pilar,Buenos Aires,Argentina,seat of a second-order administrative division,S 34° 27′ 31'',W 58° 54′ 50'',-34.4586111111111,-58.9138888888889
389,Tres Arroyos Airport,Buenos Aires,Argentina,airport,S 38° 23′ 19'',W 60° 19′ 45'',-38.3886111111111,-60.3291666666667
390,Olavarria Airport,Buenos Aires,Argentina,airport,S 36° 53′ 24'',W 60° 12′ 59'',-36.89,-60.2163888888889
391,Junín Airport,Buenos Aires,Argentina,airport,S 34° 32′ 45'',W 60° 55′ 50'',-34.5458333333333,-60.9305555555556
392,La Plata Airport,Buenos Aires,Argentina,airport,S 34° 58′ 0'',W 57° 53′ 31'',-34.9666666666667,-57.8919444444444
393,Comandante Espora Airport,Buenos Aires,Argentina,airport,S 38° 43′ 43'',W 62° 9′ 10'',-38.7286111111111,-62.1527777777778
394,Comodoro P. Zanni Airport,Buenos Aires,Argentina,airport,S 35° 50′ 40'',W 61° 51′ 27'',-35.8444444444445,-61.8575
395,Tandil Aerodrome,Buenos Aires,Argentina,airport,S 37° 14′ 14'',W 59° 13′ 40'',-37.2372222222222,-59.2277777777778
396,Villa Gesell Airport,Buenos Aires,Argentina,airport,S 37° 14′ 7'',W 57° 1′ 45'',-37.2352777777778,-57.0291666666667
397,Brigadier Hector Eduardo Ruiz Airport,Buenos Aires,Argentina,airport,S 37° 26′ 58'',W 61° 53′ 18'',-37.4494444444444,-61.8883333333333
398,Muñiz,Buenos Aires,Argentina,populated place,S 34° 33′ 22'',W 58° 42′ 26'',-34.5561111111111,-58.7072222222222
399,Haedo,Buenos Aires,Argentina,populated place,S 34° 38′ 32'',W 58° 35′ 31'',-34.6422222222222,-58.5919444444444
400,Coronel Oviedo,Caaguazú,Paraguay,seat of a first-order administrative division,S 25° 26′ 46'',W 56° 26′ 21'',-25.4461111111111,-56.4391666666667
401,Caaguazú Department,Caaguazú,Paraguay,first-order administrative division,S 25° 12′ 0'',W 55° 50′ 0'',-25.2,-55.8333333333333
402,Caaguazú,Caaguazú,Paraguay,populated place,S 25° 28′ 15'',W 56° 0′ 57'',-25.4708333333333,-56.0158333333333
403,Caaguazu,Caaguazú,Paraguay,second-order administrative division,S 25° 25′ 9'',W 56° 3′ 6'',-25.4191666666667,-56.0516666666667
404,Simon Bolivar,Caaguazú,Paraguay,second-order administrative division,S 25° 1′ 59'',W 56° 20′ 58'',-25.0330555555556,-56.3494444444444
405,Cecilio Baez,Caaguazú,Paraguay,second-order administrative division,S 25° 5′ 20'',W 56° 13′ 51'',-25.0888888888889,-56.2308333333333
406,Repatriacion,Caaguazú,Paraguay,second-order administrative division,S 25° 35′ 2'',W 55° 48′ 11'',-25.5838888888889,-55.8030555555556
407,Coronel Oviedo,Caaguazú,Paraguay,second-order administrative division,S 25° 29′ 11'',W 56° 25′ 16'',-25.4863888888889,-56.4211111111111
408,Nueva Toledo,Caaguazú,Paraguay,second-order administrative division,S 24° 58′ 27'',W 55° 29′ 25'',-24.9741666666667,-55.4902777777778
409,San Joaquin,Caaguazú,Paraguay,second-order administrative division,S 25° 2′ 41'',W 56° 3′ 0'',-25.0447222222222,-56.05
410,Nueva Londres,Caaguazú,Paraguay,second-order administrative division,S 25° 25′ 12'',W 56° 33′ 57'',-25.42,-56.5658333333333
411,Tembiapora,Caaguazú,Paraguay,second-order administrative division,S 25° 15′ 31'',W 55° 23′ 25'',-25.2586111111111,-55.3902777777778
412,Carayao,Caaguazú,Paraguay,second-order administrative division,S 25° 11′ 14'',W 56° 19′ 44'',-25.1872222222222,-56.3288888888889
413,Yhu,Caaguazú,Paraguay,second-order administrative division,S 25° 3′ 34'',W 55° 54′ 31'',-25.0594444444444,-55.9086111111111
414,Santa Rosa Del Mbutuy,Caaguazú,Paraguay,second-order administrative division,S 24° 55′ 57'',W 56° 15′ 12'',-24.9325,-56.2533333333333
415,Jose Domingo Ocampos,Caaguazú,Paraguay,second-order administrative division,S 25° 26′ 25'',W 55° 26′ 15'',-25.4402777777778,-55.4375
416,Mcal. Francisco Solano Lopez,Caaguazú,Paraguay,second-order administrative division,S 25° 10′ 46'',W 55° 10′ 48'',-25.1794444444444,-55.18
417,J Eulogio Estigarribia,Caaguazú,Paraguay,second-order administrative division,S 25° 24′ 10'',W 55° 35′ 38'',-25.4027777777778,-55.5938888888889
418,3 De Febrero,Caaguazú,Paraguay,second-order administrative division,S 25° 12′ 45'',W 55° 48′ 29'',-25.2125,-55.8080555555556
419,Dr. Juan Manuel Frutos,Caaguazú,Paraguay,second-order administrative division,S 25° 21′ 43'',W 55° 49′ 17'',-25.3619444444444,-55.8213888888889
420,Raul Arsenio Oviedo,Caaguazú,Paraguay,second-order administrative division,S 25° 9′ 13'',W 55° 34′ 31'',-25.1536111111111,-55.5752777777778
421,La Pastora,Caaguazú,Paraguay,second-order administrative division,S 25° 15′ 2'',W 56° 33′ 0'',-25.2505555555556,-56.55
422,Vaqueria,Caaguazú,Paraguay,second-order administrative division,S 24° 58′ 29'',W 55° 45′ 46'',-24.9747222222222,-55.7627777777778
423,R.I. 3 Corrales,Caaguazú,Paraguay,second-order administrative division,S 25° 21′ 13'',W 56° 13′ 11'',-25.3536111111111,-56.2197222222222
424,San Jose De Los Arroyos,Caaguazú,Paraguay,second-order administrative division,S 25° 32′ 21'',W 56° 41′ 55'',-25.5391666666667,-56.6986111111111
425,Carayaó,Caaguazú,Paraguay,populated place,S 25° 11′ 51'',W 56° 23′ 55'',-25.1975,-56.3986111111111
426,Repatriación,Caaguazú,Paraguay,populated place,S 25° 32′ 6'',W 55° 59′ 32'',-25.535,-55.9922222222222
427,Mbutuý,Caaguazú,Paraguay,populated place,S 24° 58′ 30'',W 56° 18′ 33'',-24.975,-56.3091666666667
428,Doctor Cecilio Báez,Caaguazú,Paraguay,populated place,S 25° 4′ 9'',W 56° 14′ 33'',-25.0691666666667,-56.2425
429,Doctor Juan Manuel Frutos,Caaguazú,Paraguay,populated place,S 25° 23′ 1'',W 55° 49′ 55'',-25.3836111111111,-55.8319444444444
430,Colonia Regimiento de Infantería Tres Corrales,Caaguazú,Paraguay,area,S 25° 23′ 16'',W 56° 14′ 34'',-25.3877777777778,-56.2427777777778
431,Yhú,Caaguazú,Paraguay,seat of a second-order administrative division,S 25° 3′ 28'',W 55° 55′ 21'',-25.0577777777778,-55.9225
432,R. I. Tres Corrales,Caaguazú,Paraguay,populated place,S 25° 2′ 0'',W 56° 8′ 0'',-25.0333333333333,-56.1333333333333
433,Raul Oviedo,Caaguazú,Paraguay,populated place,S 25° 8′ 0'',W 55° 26′ 0'',-25.1333333333333,-55.4333333333333
434,Ñu-Poi,Caaguazú,Paraguay,locality,S 25° 13′ 36'',W 55° 3′ 34'',-25.2266666666667,-55.0594444444444
435,Nueva Londres,Caaguazú,Paraguay,populated place,S 25° 24′ 14'',W 56° 32′ 57'',-25.4038888888889,-56.5491666666667
436,Doctor Juan Eulogio Estigarribia,Caaguazú,Paraguay,populated place,S 25° 22′ 18'',W 55° 42′ 16'',-25.3716666666667,-55.7044444444445
437,Vaquería,Caaguazú,Paraguay,populated place,S 24° 59′ 56'',W 55° 49′ 19'',-24.9988888888889,-55.8219444444445
438,Montañas de Tayaó Paú,Caaguazú,Paraguay,hills,S 25° 8′ 55'',W 56° 4′ 34'',-25.1486111111111,-56.0761111111111
439,Guajaki,Caaguazú,Paraguay,third-order administrative division,S 25° 27′ 38'',W 56° 10′ 44'',-25.4605555555556,-56.1788888888889
440,Centenario,Caaguazú,Paraguay,third-order administrative division,S 25° 27′ 58'',W 56° 0′ 13'',-25.4661111111111,-56.0036111111111
441,Takuru,Caaguazú,Paraguay,third-order administrative division,S 25° 24′ 46'',W 55° 59′ 43'',-25.4127777777778,-55.9952777777778
442,Centro,Caaguazú,Paraguay,third-order administrative division,S 25° 28′ 0'',W 56° 0′ 57'',-25.4666666666667,-56.0158333333333
443,Empalado,Caaguazú,Paraguay,third-order administrative division,S 25° 28′ 24'',W 56° 1′ 51'',-25.4733333333333,-56.0308333333333
444,Oveña,Caaguazú,Paraguay,third-order administrative division,S 25° 34′ 0'',W 56° 6′ 29'',-25.5666666666667,-56.1080555555556
445,Cañada,Caaguazú,Paraguay,third-order administrative division,S 25° 30′ 45'',W 56° 0′ 13'',-25.5125,-56.0036111111111
446,Florida,Caaguazú,Paraguay,third-order administrative division,S 25° 29′ 27'',W 56° 0′ 35'',-25.4908333333333,-56.0097222222222
447,Mbururu,Caaguazú,Paraguay,third-order administrative division,S 25° 13′ 32'',W 56° 3′ 20'',-25.2255555555556,-56.0555555555556
448,Guyraungua,Caaguazú,Paraguay,third-order administrative division,S 25° 26′ 28'',W 55° 53′ 57'',-25.4411111111111,-55.8991666666667
449,Ypyta,Caaguazú,Paraguay,third-order administrative division,S 25° 15′ 55'',W 56° 5′ 35'',-25.2652777777778,-56.0930555555556
450,Canindeyú,Canindeyú,Paraguay,first-order administrative division,S 24° 15′ 0'',W 55° 15′ 0'',-24.25,-55.25
451,Salto del Guairá,Canindeyú,Paraguay,seat of a first-order administrative division,S 24° 3′ 47'',W 54° 18′ 27'',-24.0630555555556,-54.3075
452,Saltos Del Guaira,Canindeyú,Paraguay,second-order administrative division,S 24° 11′ 10'',W 54° 27′ 59'',-24.1861111111111,-54.4663888888889
453,Francisco Caballero Alvarez,Canindeyú,Paraguay,second-order administrative division,S 24° 9′ 23'',W 54° 42′ 41'',-24.1563888888889,-54.7113888888889
454,Nueva Esperanza,Canindeyú,Paraguay,second-order administrative division,S 24° 34′ 54'',W 54° 39′ 14'',-24.5816666666667,-54.6538888888889
455,Curuguaty,Canindeyú,Paraguay,second-order administrative division,S 24° 20′ 10'',W 55° 46′ 28'',-24.3361111111111,-55.7744444444444
456,Itanara,Canindeyú,Paraguay,second-order administrative division,S 23° 45′ 32'',W 55° 39′ 27'',-23.7588888888889,-55.6575
457,Ype Jhu,Canindeyú,Paraguay,second-order administrative division,S 23° 55′ 41'',W 55° 46′ 3'',-23.9280555555556,-55.7675
458,Katuete,Canindeyú,Paraguay,second-order administrative division,S 24° 20′ 34'',W 54° 47′ 32'',-24.3427777777778,-54.7922222222222
459,La Paloma,Canindeyú,Paraguay,second-order administrative division,S 24° 11′ 37'',W 54° 33′ 43'',-24.1936111111111,-54.5619444444444
460,Yasy Kañy,Canindeyú,Paraguay,second-order administrative division,S 24° 33′ 45'',W 55° 52′ 11'',-24.5625,-55.8697222222222
461,Corpus Christi,Canindeyú,Paraguay,second-order administrative division,S 24° 6′ 37'',W 55° 0′ 35'',-24.1102777777778,-55.0097222222222
462,Ybyrarobana,Canindeyú,Paraguay,second-order administrative division,S 24° 21′ 3'',W 55° 6′ 58'',-24.3508333333333,-55.1161111111111
463,San Isidro de Curuguaty,Canindeyú,Paraguay,populated place,S 24° 28′ 18'',W 55° 41′ 32'',-24.4716666666667,-55.6922222222222
464,Villa Ygatimí,Canindeyú,Paraguay,second-order administrative division,S 24° 8′ 0'',W 55° 28′ 54'',-24.1333333333333,-55.4816666666667
465,Villa Ygatimí,Canindeyú,Paraguay,populated place,S 24° 7′ 25'',W 55° 38′ 39'',-24.1236111111111,-55.6441666666667
466,La Paloma del Espíritu Santo,Canindeyú,Paraguay,populated place,S 24° 7′ 46'',W 54° 36′ 49'',-24.1294444444444,-54.6136111111111
467,Mbaracayú,Canindeyú,Paraguay,populated place,S 24° 11′ 59'',W 54° 36′ 12'',-24.1997222222222,-54.6033333333333
468,Itanará,Canindeyú,Paraguay,populated place,S 23° 45′ 5'',W 55° 27′ 49'',-23.7513888888889,-55.4636111111111
469,Francisco Caballero Álvarez,Canindeyú,Paraguay,populated place,S 24° 9′ 11'',W 54° 40′ 2'',-24.1530555555556,-54.6672222222222
470,Katueté,Canindeyú,Paraguay,populated place,S 24° 14′ 53'',W 54° 45′ 34'',-24.2480555555556,-54.7594444444445
471,Compañía Aguara Charte,Canindeyú,Paraguay,locality,S 23° 49′ 44'',W 55° 28′ 36'',-23.8288888888889,-55.4766666666667
472,Katueté,Canindeyú,Paraguay,populated place,S 24° 14′ 50'',W 54° 45′ 48'',-24.2472222222222,-54.7633333333333
473,Itanara,Canindeyú,Paraguay,populated place,S 23° 45′ 32'',W 55° 28′ 22'',-23.7588888888889,-55.4727777777778
474,Colonia Canindeyu,Canindeyú,Paraguay,third-order administrative division,S 24° 2′ 31'',W 54° 19′ 20'',-24.0419444444444,-54.3222222222222
475,Ypejhú,Canindeyú,Paraguay,populated place,S 23° 53′ 12'',W 55° 26′ 30'',-23.8866666666667,-55.4416666666667
476,Tayí Caré,Canindeyú,Paraguay,locality,S 24° 31′ 37'',W 54° 25′ 35'',-24.5269444444444,-54.4263888888889
477,Puente Kyjhá,Canindeyú,Paraguay,area,S 24° 5′ 0'',W 54° 48′ 0'',-24.0833333333333,-54.8
478,Serranía de Mbaracayú,Canindeyú,Paraguay,mountains,S 24° 15′ 0'',W 55° 5′ 0'',-24.25,-55.0833333333333
479,Carapá,Canindeyú,Paraguay,locality,S 24° 1′ 18'',W 55° 19′ 56'',-24.0216666666667,-55.3322222222222
480,Capiitindy,Canindeyú,Paraguay,populated place,S 24° 22′ 0'',W 54° 49′ 0'',-24.3666666666667,-54.8166666666667
481,Seis de Enero,Canindeyú,Paraguay,locality,S 24° 3′ 55'',W 54° 40′ 6'',-24.0652777777778,-54.6683333333333
482,Laguna Pyta,Canindeyú,Paraguay,lake,S 24° 32′ 4'',W 55° 43′ 35'',-24.5344444444444,-55.7263888888889
483,Pasito,Canindeyú,Paraguay,locality,S 24° 24′ 37'',W 56° 2′ 47'',-24.4102777777778,-56.0463888888889
484,Venancio-Cué,Canindeyú,Paraguay,locality,S 24° 24′ 57'',W 56° 0′ 50'',-24.4158333333333,-56.0138888888889
485,Capiitindy,Canindeyú,Paraguay,locality,S 24° 27′ 32'',W 56° 0′ 13'',-24.4588888888889,-56.0036111111111
486,Laguna Yacaré,Canindeyú,Paraguay,lake,S 24° 13′ 33'',W 55° 38′ 17'',-24.2258333333333,-55.6380555555556
487,Rotela,Canindeyú,Paraguay,locality,S 24° 5′ 54'',W 55° 44′ 18'',-24.0983333333333,-55.7383333333333
488,Laguna Guazú,Canindeyú,Paraguay,lake,S 24° 13′ 33'',W 55° 39′ 49'',-24.2258333333333,-55.6636111111111
489,Paraje Luisa,Canindeyú,Paraguay,locality,S 24° 18′ 18'',W 55° 40′ 59'',-24.305,-55.6830555555556
490,Juana Ñú,Canindeyú,Paraguay,locality,S 24° 17′ 30'',W 55° 34′ 20'',-24.2916666666667,-55.5722222222222
491,Mburicá Acangué,Canindeyú,Paraguay,locality,S 24° 15′ 57'',W 55° 33′ 56'',-24.2658333333333,-55.5655555555556
492,Yuquerí,Canindeyú,Paraguay,locality,S 24° 23′ 17'',W 55° 52′ 46'',-24.3880555555556,-55.8794444444444
493,Planchada Ybyrá-Pytá,Canindeyú,Paraguay,locality,S 24° 29′ 32'',W 55° 59′ 34'',-24.4922222222222,-55.9927777777778
494,Lomada,Canindeyú,Paraguay,locality,S 24° 2′ 51'',W 55° 25′ 17'',-24.0475,-55.4213888888889
495,Yovai,Canindeyú,Paraguay,locality,S 24° 4′ 38'',W 55° 23′ 24'',-24.0772222222222,-55.39
496,Trifón Cue,Canindeyú,Paraguay,locality,S 24° 10′ 5'',W 55° 19′ 20'',-24.1680555555556,-55.3222222222222
497,Mbocá Yaty,Canindeyú,Paraguay,locality,S 24° 12′ 11'',W 55° 20′ 59'',-24.2030555555556,-55.3497222222222
498,Planchada Curuzú Jhový,Canindeyú,Paraguay,locality,S 24° 10′ 50'',W 55° 26′ 53'',-24.1805555555556,-55.4480555555556
499,Lagunita,Canindeyú,Paraguay,locality,S 24° 8′ 22'',W 55° 25′ 45'',-24.1394444444444,-55.4291666666667
500,Cherkasy,Cherkasy,Ukraine,seat of a first-order administrative division,N 49° 26′ 40'',E 32° 3′ 26'',49.4444444444444,32.0572222222222
501,Cherkasy,Cherkasy,Ukraine,first-order administrative division,N 49° 26′ 42'',E 32° 3′ 38'',49.445,32.0605555555556
502,Uman,Cherkasy,Ukraine,seat of a second-order administrative division,N 48° 45′ 0'',E 30° 13′ 10'',48.75,30.2194444444444
503,Cherkasy International Airport,Cherkasy,Ukraine,airport,N 49° 24′ 22'',E 32° 0′ 15'',49.4061111111111,32.0041666666667
504,Kaniv,Cherkasy,Ukraine,seat of a second-order administrative division,N 49° 45′ 6'',E 31° 28′ 12'',49.7516666666667,31.47
505,Smila,Cherkasy,Ukraine,seat of a second-order administrative division,N 49° 13′ 58'',E 31° 53′ 3'',49.2327777777778,31.8841666666667
506,Cherkasy Raion,Cherkasy,Ukraine,second-order administrative division,N 49° 25′ 3'',E 32° 4′ 10'',49.4175,32.0694444444445
507,Zvenihorodka,Cherkasy,Ukraine,seat of a second-order administrative division,N 49° 4′ 39'',E 30° 57′ 38'',49.0775,30.9605555555556
508,Zolotonosha,Cherkasy,Ukraine,seat of a second-order administrative division,N 49° 40′ 9'',E 32° 2′ 10'',49.6691666666667,32.0361111111111
509,Korsun-Shevchenkivskyy,Cherkasy,Ukraine,seat of a second-order administrative division,N 49° 25′ 5'',E 31° 15′ 6'',49.4180555555556,31.2516666666667
510,Kaniv Raion,Cherkasy,Ukraine,historical second-order administrative division,N 49° 45′ 5'',E 31° 28′ 10'',49.7513888888889,31.4694444444444
511,Horodyshche Raion,Cherkasy,Ukraine,historical second-order administrative division,N 49° 17′ 25'',E 31° 26′ 37'',49.2902777777778,31.4436111111111
512,Korsun-Shevchenkivskyy Raion,Cherkasy,Ukraine,historical second-order administrative division,N 49° 25′ 9'',E 31° 15′ 6'',49.4191666666667,31.2516666666667
513,Khrystynivka Raion,Cherkasy,Ukraine,historical second-order administrative division,N 48° 48′ 45'',E 29° 58′ 7'',48.8125,29.9686111111111
514,Katerinopil Raion,Cherkasy,Ukraine,historical second-order administrative division,N 48° 56′ 45'',E 30° 58′ 18'',48.9458333333333,30.9716666666667
515,Lysianka Raion,Cherkasy,Ukraine,historical second-order administrative division,N 49° 15′ 4'',E 30° 49′ 34'',49.2511111111111,30.8261111111111
516,Drabiv Raion,Cherkasy,Ukraine,historical second-order administrative division,N 49° 57′ 42'',E 32° 9′ 7'',49.9616666666667,32.1519444444444
517,Chyhyryn Raion,Cherkasy,Ukraine,historical second-order administrative division,N 49° 4′ 47'',E 32° 39′ 37'',49.0797222222222,32.6602777777778
518,Chornobay Raion,Cherkasy,Ukraine,historical second-order administrative division,N 49° 40′ 12'',E 32° 19′ 25'',49.67,32.3236111111111
519,Monastyryshche Raion,Cherkasy,Ukraine,historical second-order administrative division,N 48° 59′ 41'',E 29° 48′ 27'',48.9947222222222,29.8075
520,Mankivka Raion,Cherkasy,Ukraine,historical second-order administrative division,N 48° 57′ 49'',E 30° 20′ 11'',48.9636111111111,30.3363888888889
521,Smila Raion,Cherkasy,Ukraine,historical second-order administrative division,N 49° 13′ 58'',E 31° 53′ 0'',49.2327777777778,31.8833333333333
522,Shramkovka,Cherkasy,Ukraine,seat of a third-order administrative division,N 50° 8′ 15'',E 32° 7′ 32'',50.1375,32.1255555555556
523,Shpola Raion,Cherkasy,Ukraine,historical second-order administrative division,N 49° 0′ 48'',E 31° 23′ 37'',49.0133333333333,31.3936111111111
524,Bahacheve,Cherkasy,Ukraine,populated place,N 49° 0′ 43'',E 31° 2′ 47'',49.0119444444444,31.0463888888889
525,Uman Raion,Cherkasy,Ukraine,second-order administrative division,N 48° 45′ 1'',E 30° 13′ 10'',48.7502777777778,30.2194444444444
526,Talne Raion,Cherkasy,Ukraine,historical second-order administrative division,N 48° 53′ 18'',E 30° 41′ 50'',48.8883333333333,30.6972222222222
527,Zvenyhorodka Raion,Cherkasy,Ukraine,second-order administrative division,N 49° 4′ 35'',E 30° 57′ 42'',49.0763888888889,30.9616666666667
528,Zolotonosha Raion,Cherkasy,Ukraine,second-order administrative division,N 49° 40′ 8'',E 32° 2′ 15'',49.6688888888889,32.0375
529,Zhashkiv Raion,Cherkasy,Ukraine,historical second-order administrative division,N 49° 14′ 45'',E 30° 5′ 51'',49.2458333333333,30.0975
530,Zhashkiv,Cherkasy,Ukraine,populated place,N 49° 14′ 45'',E 30° 5′ 56'',49.2458333333333,30.0988888888889
531,Dzendzelivka,Cherkasy,Ukraine,populated place,N 48° 57′ 43'',E 30° 15′ 3'',48.9619444444445,30.2508333333333
532,Petropavlivka,Cherkasy,Ukraine,populated place,N 49° 14′ 29'',E 31° 21′ 12'',49.2413888888889,31.3533333333333
533,Moshny,Cherkasy,Ukraine,populated place,N 49° 31′ 39'',E 31° 44′ 13'',49.5275,31.7369444444444
534,Mliiv,Cherkasy,Ukraine,populated place,N 49° 20′ 12'',E 31° 31′ 1'',49.3366666666667,31.5169444444444
535,Tin'ki,Cherkasy,Ukraine,populated place,N 49° 11′ 19'',E 32° 37′ 34'',49.1886111111111,32.6261111111111
536,Boykovshchina,Cherkasy,Ukraine,populated place,N 49° 54′ 37'',E 32° 15′ 0'',49.9102777777778,32.25
537,Babanka,Cherkasy,Ukraine,populated place,N 48° 42′ 37'',E 30° 26′ 23'',48.7102777777778,30.4397222222222
538,Buky,Cherkasy,Ukraine,populated place,N 49° 5′ 21'',E 30° 24′ 32'',49.0891666666667,30.4088888888889
539,Pershe Travnya,Cherkasy,Ukraine,populated place,N 50° 5′ 58'',E 32° 16′ 50'',50.0994444444444,32.2805555555556
540,Rodnykivka,Cherkasy,Ukraine,populated place,N 48° 47′ 53'',E 30° 13′ 46'',48.7980555555556,30.2294444444444
541,Monastyryshche,Cherkasy,Ukraine,populated place,N 48° 59′ 41'',E 29° 48′ 35'',48.9947222222222,29.8097222222222
542,Syhnaivka,Cherkasy,Ukraine,populated place,N 49° 2′ 58'',E 31° 29′ 34'',49.0494444444444,31.4927777777778
543,Shenderivka,Cherkasy,Ukraine,populated place,N 49° 20′ 28'',E 31° 1′ 39'',49.3411111111111,31.0275
544,Pomynyk,Cherkasy,Ukraine,populated place,N 48° 54′ 6'',E 30° 17′ 18'',48.9016666666667,30.2883333333333
545,Verkhnyachka,Cherkasy,Ukraine,populated place,N 48° 49′ 42'',E 30° 2′ 11'',48.8283333333333,30.0363888888889
546,Veremiyevka,Cherkasy,Ukraine,populated place,N 49° 23′ 57'',E 32° 35′ 26'',49.3991666666667,32.5905555555556
547,Zolotonoshka,Cherkasy,Ukraine,populated place,N 50° 1′ 34'',E 32° 5′ 49'',50.0261111111111,32.0969444444444
548,Zhuravka,Cherkasy,Ukraine,populated place,N 48° 55′ 56'',E 31° 37′ 38'',48.9322222222222,31.6272222222222
549,Yurkivka,Cherkasy,Ukraine,populated place,N 49° 0′ 38'',E 31° 5′ 16'',49.0105555555556,31.0877777777778
550,Córdoba,Córdoba,Argentina,seat of a first-order administrative division,S 31° 24′ 23'',W 64° 11′ 18'',-31.4063888888889,-64.1883333333333
551,Cordoba,Córdoba,Argentina,first-order administrative division,S 32° 0′ 0'',W 64° 0′ 0'',-32,-64
552,Río Cuarto,Córdoba,Argentina,seat of a second-order administrative division,S 33° 7′ 49'',W 64° 21′ 9'',-33.1302777777778,-64.3525
553,Villa Carlos Paz,Córdoba,Argentina,populated place,S 31° 25′ 5'',W 64° 29′ 24'',-31.4180555555556,-64.49
554,Ingeniero Aeronáutico Ambrosio L.V. Taravella International Airport,Córdoba,Argentina,airport,S 31° 19′ 25'',W 64° 12′ 28'',-31.3236111111111,-64.2077777777778
555,Río Tercero,Córdoba,Argentina,populated place,S 32° 10′ 36'',W 64° 6′ 46'',-32.1766666666667,-64.1127777777778
556,Villa María,Córdoba,Argentina,seat of a second-order administrative division,S 32° 24′ 27'',W 63° 14′ 24'',-32.4075,-63.24
557,La Cumbre Airport,Córdoba,Argentina,airport,S 31° 0′ 20'',W 64° 31′ 54'',-31.0055555555556,-64.5316666666667
558,Villa Dolores Aerodrome,Córdoba,Argentina,airport,S 31° 56′ 42'',W 65° 8′ 46'',-31.945,-65.1461111111111
559,San Francisco,Córdoba,Argentina,seat of a second-order administrative division,S 31° 25′ 29'',W 62° 5′ 2'',-31.4247222222222,-62.0838888888889
560,Rio Cuarto Airport,Córdoba,Argentina,airport,S 33° 5′ 6'',W 64° 15′ 40'',-33.085,-64.2611111111111
561,Departamento de Marcos Juárez,Córdoba,Argentina,second-order administrative division,S 33° 0′ 0'',W 62° 15′ 0'',-33,-62.25
562,Marcos Juárez Airport,Córdoba,Argentina,airport,S 32° 41′ 0'',W 62° 9′ 0'',-32.6833333333333,-62.15
563,Laguna Mar Chiquita,Córdoba,Argentina,lake,S 30° 40′ 22'',W 62° 32′ 9'',-30.6727777777778,-62.5358333333333
564,Embalse,Córdoba,Argentina,populated place,S 32° 12′ 24'',W 64° 24′ 2'',-32.2066666666667,-64.4005555555556
565,Departamento de Cruz del Eje,Córdoba,Argentina,second-order administrative division,S 30° 45′ 0'',W 65° 0′ 0'',-30.75,-65
566,Cruz del Eje,Córdoba,Argentina,seat of a second-order administrative division,S 30° 43′ 35'',W 64° 48′ 13'',-30.7263888888889,-64.8036111111111
567,Departamento de Colón,Córdoba,Argentina,second-order administrative division,S 31° 10′ 0'',W 64° 10′ 0'',-31.1666666666667,-64.1666666666667
568,La Falda,Córdoba,Argentina,populated place,S 31° 5′ 35'',W 64° 29′ 4'',-31.0930555555556,-64.4844444444445
569,Departamento de Juárez Celman,Córdoba,Argentina,second-order administrative division,S 33° 20′ 0'',W 63° 40′ 0'',-33.3333333333333,-63.6666666666667
570,Jesús María,Córdoba,Argentina,seat of a second-order administrative division,S 30° 58′ 53'',W 64° 5′ 39'',-30.9813888888889,-64.0941666666667
571,Departamento de Ischilín,Córdoba,Argentina,second-order administrative division,S 30° 30′ 0'',W 64° 35′ 0'',-30.5,-64.5833333333333
572,Hernando,Córdoba,Argentina,populated place,S 32° 25′ 40'',W 63° 44′ 0'',-32.4277777777778,-63.7333333333333
573,Departamento de General Roca,Córdoba,Argentina,second-order administrative division,S 34° 40′ 0'',W 64° 15′ 0'',-34.6666666666667,-64.25
574,Departamento de Sobremonte,Córdoba,Argentina,second-order administrative division,S 29° 40′ 0'',W 64° 5′ 0'',-29.6666666666667,-64.0833333333333
575,Lago San Roque,Córdoba,Argentina,lake,S 31° 22′ 24'',W 64° 28′ 3'',-31.3733333333333,-64.4675
576,San Justo Department,Córdoba,Argentina,second-order administrative division,S 31° 20′ 0'',W 62° 40′ 0'',-31.3333333333333,-62.6666666666667
577,Departamento de San Javier,Córdoba,Argentina,second-order administrative division,S 32° 5′ 0'',W 65° 10′ 0'',-32.0833333333333,-65.1666666666667
578,Departamento de San Alberto,Córdoba,Argentina,second-order administrative division,S 31° 45′ 0'',W 65° 15′ 0'',-31.75,-65.25
579,Río Segundo,Córdoba,Argentina,populated place,S 31° 39′ 0'',W 63° 54′ 41'',-31.65,-63.9113888888889
580,Departamento de Río Seco,Córdoba,Argentina,second-order administrative division,S 30° 5′ 0'',W 63° 0′ 0'',-30.0833333333333,-63
581,Departamento de Río Primero,Córdoba,Argentina,second-order administrative division,S 31° 5′ 0'',W 63° 30′ 0'',-31.0833333333333,-63.5
582,Departamento de Río Cuarto,Córdoba,Argentina,second-order administrative division,S 33° 20′ 0'',W 64° 30′ 0'',-33.3333333333333,-64.5
583,Río Ceballos,Córdoba,Argentina,section of populated place,S 31° 10′ 10'',W 64° 19′ 3'',-31.1694444444444,-64.3175
584,Departamento de Punilla,Córdoba,Argentina,second-order administrative division,S 31° 10′ 0'',W 64° 40′ 0'',-31.1666666666667,-64.6666666666667
585,Departamento de Presidente Roque Sáenz Peña,Córdoba,Argentina,second-order administrative division,S 34° 15′ 0'',W 63° 30′ 0'',-34.25,-63.5
586,Departamento de Pocho,Córdoba,Argentina,second-order administrative division,S 31° 30′ 0'',W 65° 30′ 0'',-31.5,-65.5
587,Pilar,Córdoba,Argentina,populated place,S 31° 40′ 52'',W 63° 52′ 56'',-31.6811111111111,-63.8822222222222
588,Oncativo,Córdoba,Argentina,populated place,S 31° 54′ 48'',W 63° 40′ 55'',-31.9133333333333,-63.6819444444444
589,Morteros,Córdoba,Argentina,populated place,S 30° 42′ 38'',W 62° 0′ 25'',-30.7105555555556,-62.0069444444444
590,Departamento de Minas,Córdoba,Argentina,second-order administrative division,S 31° 0′ 0'',W 65° 20′ 0'',-31,-65.3333333333333
591,Departamento de Capital,Córdoba,Argentina,second-order administrative division,S 31° 25′ 0'',W 64° 12′ 0'',-31.4166666666667,-64.2
592,Departamento de Calamuchita,Córdoba,Argentina,second-order administrative division,S 32° 15′ 0'',W 64° 35′ 0'',-32.25,-64.5833333333333
593,Bell Ville,Córdoba,Argentina,seat of a second-order administrative division,S 32° 37′ 48'',W 62° 41′ 19'',-32.63,-62.6886111111111
594,Arroyito,Córdoba,Argentina,populated place,S 31° 25′ 9'',W 63° 3′ 3'',-31.4191666666667,-63.0508333333333
595,Villa Dolores,Córdoba,Argentina,populated place,S 31° 56′ 42'',W 65° 11′ 24'',-31.945,-65.19
596,Villa Allende,Córdoba,Argentina,section of populated place,S 31° 17′ 37'',W 64° 17′ 51'',-31.2936111111111,-64.2975
597,Unquillo,Córdoba,Argentina,populated place,S 31° 14′ 13'',W 64° 18′ 42'',-31.2369444444444,-64.3116666666667
598,Departamento de Unión,Córdoba,Argentina,second-order administrative division,S 32° 50′ 0'',W 62° 45′ 0'',-32.8333333333333,-62.75
599,Tulumba Department,Córdoba,Argentina,second-order administrative division,S 30° 15′ 0'',W 63° 55′ 0'',-30.25,-63.9166666666667
600,Dnipro,Dnipropetrovsk,Ukraine,seat of a first-order administrative division,N 48° 27′ 59'',E 35° 2′ 26'',48.4663888888889,35.0405555555556
601,Kryvyi Rih,Dnipropetrovsk,Ukraine,seat of a second-order administrative division,N 47° 54′ 20'',E 33° 23′ 38'',47.9055555555556,33.3938888888889
602,Dnipropetrovsk,Dnipropetrovsk,Ukraine,first-order administrative division,N 48° 28′ 0'',E 35° 1′ 49'',48.4666666666667,35.0302777777778
603,Pavlohrad,Dnipropetrovsk,Ukraine,seat of a second-order administrative division,N 48° 31′ 55'',E 35° 52′ 7'',48.5319444444444,35.8686111111111
604,Nikopol,Dnipropetrovsk,Ukraine,seat of a second-order administrative division,N 47° 34′ 5'',E 34° 23′ 28'',47.5680555555556,34.3911111111111
605,Zhovti Vody,Dnipropetrovsk,Ukraine,populated place,N 48° 20′ 42'',E 33° 29′ 50'',48.345,33.4972222222222
606,Kamyanske,Dnipropetrovsk,Ukraine,seat of a second-order administrative division,N 48° 31′ 1'',E 34° 36′ 22'',48.5169444444444,34.6061111111111
607,Dnipro International Airport,Dnipropetrovsk,Ukraine,airport,N 48° 21′ 26'',E 35° 6′ 2'',48.3572222222222,35.1005555555556
608,Ternivka,Dnipropetrovsk,Ukraine,populated place,N 48° 31′ 35'',E 36° 4′ 13'',48.5263888888889,36.0702777777778
609,Pyatykhatky,Dnipropetrovsk,Ukraine,populated place,N 48° 24′ 29'',E 33° 42′ 33'',48.4080555555556,33.7091666666667
610,Shakhtarske,Dnipropetrovsk,Ukraine,populated place,N 48° 20′ 52'',E 36° 23′ 46'',48.3477777777778,36.3961111111111
611,Pokrov,Dnipropetrovsk,Ukraine,populated place,N 47° 39′ 13'',E 34° 6′ 53'',47.6536111111111,34.1147222222222
612,Marhanets,Dnipropetrovsk,Ukraine,populated place,N 47° 37′ 51'',E 34° 37′ 28'',47.6308333333333,34.6244444444444
613,Verkhivtseve,Dnipropetrovsk,Ukraine,populated place,N 48° 28′ 52'',E 34° 14′ 24'',48.4811111111111,34.24
614,Apostolove,Dnipropetrovsk,Ukraine,populated place,N 47° 39′ 35'',E 33° 43′ 10'',47.6597222222222,33.7194444444445
615,Samar,Dnipropetrovsk,Ukraine,seat of a second-order administrative division,N 48° 37′ 44'',E 35° 15′ 32'',48.6288888888889,35.2588888888889
616,Lozuvatka,Dnipropetrovsk,Ukraine,populated place,N 48° 3′ 36'',E 33° 17′ 12'',48.06,33.2866666666667
617,Berëzovoye,Dnipropetrovsk,Ukraine,populated place,N 47° 52′ 26'',E 36° 29′ 54'',47.8738888888889,36.4983333333333
618,Krynychky,Dnipropetrovsk,Ukraine,populated place,N 48° 22′ 27'',E 34° 27′ 43'',48.3741666666667,34.4619444444445
619,Pavlohrad Raion,Dnipropetrovsk,Ukraine,second-order administrative division,N 48° 31′ 34'',E 35° 52′ 12'',48.5261111111111,35.87
620,Novomykolaivka,Dnipropetrovsk,Ukraine,populated place,N 47° 50′ 53'',E 36° 29′ 27'',47.8480555555556,36.4908333333333
621,Pokrovske Raion,Dnipropetrovsk,Ukraine,historical second-order administrative division,N 47° 58′ 51'',E 36° 13′ 58'',47.9808333333333,36.2327777777778
622,Petropavlivka Raion,Dnipropetrovsk,Ukraine,historical second-order administrative division,N 48° 27′ 47'',E 36° 25′ 41'',48.4630555555556,36.4280555555556
623,Sofiyivka Raion,Dnipropetrovsk,Ukraine,historical second-order administrative division,N 48° 2′ 55'',E 33° 52′ 5'',48.0486111111111,33.8680555555556
624,Synelnykove Raion,Dnipropetrovsk,Ukraine,second-order administrative division,N 48° 19′ 33'',E 35° 31′ 46'',48.3258333333333,35.5294444444444
625,Synelnykove,Dnipropetrovsk,Ukraine,seat of a second-order administrative division,N 48° 19′ 25'',E 35° 31′ 34'',48.3236111111111,35.5261111111111
626,Vyshchetarasivka,Dnipropetrovsk,Ukraine,populated place,N 47° 34′ 15'',E 34° 52′ 52'',47.5708333333333,34.8811111111111
627,Vilnohirsk,Dnipropetrovsk,Ukraine,populated place,N 48° 29′ 3'',E 34° 1′ 1'',48.4841666666667,34.0169444444444
628,Verkhnodniprovsk Raion,Dnipropetrovsk,Ukraine,historical second-order administrative division,N 48° 39′ 25'',E 34° 19′ 46'',48.6569444444444,34.3294444444445
629,Verkhnodniprovsk,Dnipropetrovsk,Ukraine,populated place,N 48° 39′ 20'',E 34° 19′ 34'',48.6555555555556,34.3261111111111
630,Tsarychanska Raion,Dnipropetrovsk,Ukraine,historical second-order administrative division,N 48° 56′ 36'',E 34° 29′ 9'',48.9433333333333,34.4858333333333
631,Tomakivka Raion,Dnipropetrovsk,Ukraine,historical second-order administrative division,N 47° 48′ 44'',E 34° 44′ 32'',47.8122222222222,34.7422222222222
632,Zaytsevo,Dnipropetrovsk,Ukraine,populated place,N 48° 25′ 44'',E 35° 40′ 16'',48.4288888888889,35.6711111111111
633,Petrykivs’kyy Rayon,Dnipropetrovsk,Ukraine,historical second-order administrative division,N 48° 41′ 20'',E 34° 36′ 39'',48.6888888888889,34.6108333333333
634,Nikopol,Dnipropetrovsk,Ukraine,port,N 47° 33′ 19'',E 34° 22′ 23'',47.5552777777778,34.3730555555556
635,Kamianskyi Raion,Dnipropetrovsk,Ukraine,second-order administrative division,N 48° 28′ 12'',E 34° 3′ 36'',48.47,34.06
636,Inhulets,Dnipropetrovsk,Ukraine,populated place,N 47° 43′ 48'',E 33° 15′ 6'',47.73,33.2516666666667
637,Terny,Dnipropetrovsk,Ukraine,section of populated place,N 48° 8′ 42'',E 33° 33′ 29'',48.145,33.5580555555556
638,Chernetchina,Dnipropetrovsk,Ukraine,populated place,N 49° 7′ 30'',E 34° 46′ 23'',49.125,34.7730555555556
639,Taroms'ke,Dnipropetrovsk,Ukraine,populated place,N 48° 26′ 34'',E 34° 47′ 18'',48.4427777777778,34.7883333333333
640,Dnipro urban raion,Dnipropetrovsk,Ukraine,historical second-order administrative division,N 48° 28′ 1'',E 35° 2′ 22'',48.4669444444444,35.0394444444444
641,Magdalinovskiy Rayon,Dnipropetrovsk,Ukraine,historical second-order administrative division,N 48° 58′ 34'',E 34° 58′ 3'',48.9761111111111,34.9675
642,Mahdalynivka,Dnipropetrovsk,Ukraine,populated place,N 48° 54′ 43'',E 34° 54′ 50'',48.9119444444444,34.9138888888889
643,Kryvyi Rih Raion,Dnipropetrovsk,Ukraine,second-order administrative division,N 47° 54′ 2'',E 33° 21′ 39'',47.9005555555556,33.3608333333333
644,Pyatykhatky Rayon,Dnipropetrovsk,Ukraine,historical second-order administrative division,N 48° 24′ 28'',E 33° 42′ 15'',48.4077777777778,33.7041666666667
645,Pidhorodne,Dnipropetrovsk,Ukraine,populated place,N 48° 34′ 27'',E 35° 5′ 49'',48.5741666666667,35.0969444444444
646,Nikopol Raion,Dnipropetrovsk,Ukraine,second-order administrative division,N 47° 34′ 1'',E 34° 23′ 53'',47.5669444444444,34.3980555555556
647,Mezhova,Dnipropetrovsk,Ukraine,populated place,N 48° 15′ 11'',E 36° 44′ 4'',48.2530555555556,36.7344444444444
648,Solone Raion,Dnipropetrovsk,Ukraine,historical second-order administrative division,N 48° 12′ 26'',E 34° 52′ 33'',48.2072222222222,34.8758333333333
649,Shyroke Raion,Dnipropetrovsk,Ukraine,historical second-order administrative division,N 47° 41′ 4'',E 33° 15′ 54'',47.6844444444444,33.265
650,Paraná,Entre Ríos,Argentina,seat of a first-order administrative division,S 31° 43′ 57'',W 60° 31′ 44'',-31.7325,-60.5288888888889
651,Entre Rios,Entre Ríos,Argentina,first-order administrative division,S 32° 0′ 0'',W 59° 0′ 0'',-32,-59
652,Concordia,Entre Ríos,Argentina,seat of a second-order administrative division,S 31° 23′ 31'',W 58° 1′ 1'',-31.3919444444444,-58.0169444444444
653,Gualeguaychú,Entre Ríos,Argentina,seat of a second-order administrative division,S 33° 0′ 28'',W 58° 31′ 6'',-33.0077777777778,-58.5183333333333
654,Concepción del Uruguay,Entre Ríos,Argentina,seat of a second-order administrative division,S 32° 29′ 4'',W 58° 13′ 55'',-32.4844444444444,-58.2319444444444
655,Comodoro Pierrestegui Airport,Entre Ríos,Argentina,airport,S 31° 17′ 49'',W 57° 59′ 47'',-31.2969444444444,-57.9963888888889
656,Gualeguaychu Aerodrome,Entre Ríos,Argentina,airport,S 33° 0′ 37'',W 58° 36′ 47'',-33.0102777777778,-58.6130555555556
657,Parana Airport,Entre Ríos,Argentina,airport,S 31° 47′ 41'',W 60° 28′ 49'',-31.7947222222222,-60.4802777777778
658,Colón,Entre Ríos,Argentina,seat of a second-order administrative division,S 32° 13′ 23'',W 58° 8′ 39'',-32.2230555555556,-58.1441666666667
659,Chajarí,Entre Ríos,Argentina,populated place,S 30° 45′ 17'',W 57° 58′ 55'',-30.7547222222222,-57.9819444444444
660,Departamento de La Paz,Entre Ríos,Argentina,second-order administrative division,S 30° 50′ 0'',W 59° 25′ 0'',-30.8333333333333,-59.4166666666667
661,Departamento de Gualeguaychú,Entre Ríos,Argentina,second-order administrative division,S 33° 15′ 0'',W 59° 0′ 0'',-33.25,-59
662,Departamento de Gualeguay,Entre Ríos,Argentina,second-order administrative division,S 33° 0′ 0'',W 59° 35′ 0'',-33,-59.5833333333333
663,Departamento de Villaguay,Entre Ríos,Argentina,second-order administrative division,S 31° 35′ 0'',W 59° 0′ 0'',-31.5833333333333,-59
664,Departamento de Uruguay,Entre Ríos,Argentina,second-order administrative division,S 32° 26′ 36'',W 58° 34′ 58'',-32.4433333333333,-58.5827777777778
665,Departamento de Paraná,Entre Ríos,Argentina,second-order administrative division,S 31° 40′ 0'',W 60° 0′ 0'',-31.6666666666667,-60
666,Departamento de Victoria,Entre Ríos,Argentina,second-order administrative division,S 32° 40′ 0'',W 60° 20′ 0'',-32.6666666666667,-60.3333333333333
667,Victoria,Entre Ríos,Argentina,populated place,S 32° 37′ 6'',W 60° 9′ 17'',-32.6183333333333,-60.1547222222222
668,Departamento de Islas del Ibicuy,Entre Ríos,Argentina,second-order administrative division,S 33° 43′ 26'',W 58° 39′ 34'',-33.7238888888889,-58.6594444444444
669,Departamento de Concordia,Entre Ríos,Argentina,second-order administrative division,S 31° 12′ 48'',W 58° 9′ 45'',-31.2133333333333,-58.1625
670,Departamento de Colón,Entre Ríos,Argentina,second-order administrative division,S 32° 0′ 13'',W 58° 21′ 47'',-32.0036111111111,-58.3630555555556
671,Basavilbaso,Entre Ríos,Argentina,populated place,S 32° 22′ 19'',W 58° 52′ 42'',-32.3719444444444,-58.8783333333333
672,Gualeguay,Entre Ríos,Argentina,seat of a second-order administrative division,S 33° 8′ 27'',W 59° 18′ 45'',-33.1408333333333,-59.3125
673,Departamento de Feliciano,Entre Ríos,Argentina,second-order administrative division,S 30° 25′ 0'',W 58° 45′ 0'',-30.4166666666667,-58.75
674,Departamento de Federación,Entre Ríos,Argentina,second-order administrative division,S 30° 40′ 0'',W 58° 20′ 0'',-30.6666666666667,-58.3333333333333
675,Villaguay,Entre Ríos,Argentina,seat of a second-order administrative division,S 31° 52′ 3'',W 59° 1′ 37'',-31.8675,-59.0269444444444
676,Departamento de Tala,Entre Ríos,Argentina,second-order administrative division,S 32° 20′ 0'',W 59° 20′ 0'',-32.3333333333333,-59.3333333333333
677,Santa Elena,Entre Ríos,Argentina,populated place,S 30° 56′ 39'',W 59° 47′ 17'',-30.9441666666667,-59.7880555555556
678,Departamento de Nogoyá,Entre Ríos,Argentina,second-order administrative division,S 32° 10′ 0'',W 59° 50′ 0'',-32.1666666666667,-59.8333333333333
679,Nogoyá,Entre Ríos,Argentina,seat of a second-order administrative division,S 32° 23′ 37'',W 59° 47′ 22'',-32.3936111111111,-59.7894444444444
680,Departamento de Diamante,Entre Ríos,Argentina,second-order administrative division,S 32° 10′ 0'',W 60° 25′ 0'',-32.1666666666667,-60.4166666666667
681,Crespo,Entre Ríos,Argentina,populated place,S 32° 1′ 50'',W 60° 18′ 22'',-32.0305555555556,-60.3061111111111
682,Colonia Ayuí,Entre Ríos,Argentina,populated place,S 31° 12′ 20'',W 58° 1′ 48'',-31.2055555555556,-58.03
683,Parque Nacional El Palmar,Entre Ríos,Argentina,nature reserve,S 31° 52′ 47'',W 58° 17′ 12'',-31.8797222222222,-58.2866666666667
684,Villaguay Aerodrome,Entre Ríos,Argentina,airport,S 31° 51′ 0'',W 59° 5′ 0'',-31.85,-59.0833333333333
685,Departamento de Federal,Entre Ríos,Argentina,second-order administrative division,S 30° 57′ 20'',W 58° 46′ 59'',-30.9555555555556,-58.7830555555556
686,Departamento de San Salvador,Entre Ríos,Argentina,second-order administrative division,S 31° 36′ 57'',W 58° 31′ 22'',-31.6158333333333,-58.5227777777778
687,La Paz Aeroclub,Entre Ríos,Argentina,airport,S 30° 44′ 45'',W 59° 34′ 23'',-30.7458333333333,-59.5730555555556
688,Diamante,Entre Ríos,Argentina,seat of a second-order administrative division,S 32° 4′ 1'',W 60° 38′ 33'',-32.0669444444444,-60.6425
689,Villa General Ramírez,Entre Ríos,Argentina,populated place,S 32° 10′ 37'',W 60° 12′ 6'',-32.1769444444444,-60.2016666666667
690,Seguí,Entre Ríos,Argentina,populated place,S 31° 57′ 23'',W 60° 7′ 40'',-31.9563888888889,-60.1277777777778
691,San Benito,Entre Ríos,Argentina,populated place,S 31° 46′ 58'',W 60° 26′ 22'',-31.7827777777778,-60.4394444444444
692,Oro Verde,Entre Ríos,Argentina,populated place,S 31° 49′ 28'',W 60° 30′ 58'',-31.8244444444444,-60.5161111111111
693,Aranguren,Entre Ríos,Argentina,populated place,S 32° 14′ 35'',W 60° 9′ 38'',-32.2430555555556,-60.1605555555556
694,Villa Urquiza,Entre Ríos,Argentina,populated place,S 31° 38′ 51'',W 60° 22′ 30'',-31.6475,-60.375
695,Viale,Entre Ríos,Argentina,populated place,S 31° 52′ 5'',W 60° 0′ 27'',-31.8680555555556,-60.0075
696,Ceibas,Entre Ríos,Argentina,populated place,S 33° 29′ 56'',W 58° 48′ 0'',-33.4988888888889,-58.8
697,Caseros,Entre Ríos,Argentina,populated place,S 32° 27′ 54'',W 58° 28′ 38'',-32.465,-58.4772222222222
698,Bovril,Entre Ríos,Argentina,populated place,S 31° 20′ 36'',W 59° 26′ 47'',-31.3433333333333,-59.4463888888889
699,Aldea San Antonio,Entre Ríos,Argentina,populated place,S 32° 37′ 23'',W 58° 42′ 18'',-32.6230555555556,-58.705
700,Espírito Santo,Espírito Santo,Brazil,first-order administrative division,S 20° 0′ 0'',W 40° 45′ 0'',-20,-40.75
701,Vitória,Espírito Santo,Brazil,seat of a first-order administrative division,S 20° 19′ 10'',W 40° 20′ 16'',-20.3194444444444,-40.3377777777778
702,Pico da Bandeira,Espírito Santo,Brazil,mountain,S 20° 26′ 2'',W 41° 47′ 49'',-20.4338888888889,-41.7969444444444
703,Colatina,Espírito Santo,Brazil,populated place,S 19° 32′ 22'',W 40° 37′ 50'',-19.5394444444444,-40.6305555555556
704,São Mateus,Espírito Santo,Brazil,populated place,S 18° 43′ 12'',W 39° 51′ 32'',-18.72,-39.8588888888889
705,Vila Velha,Espírito Santo,Brazil,populated place,S 20° 19′ 47'',W 40° 17′ 33'',-20.3297222222222,-40.2925
706,Aracruz,Espírito Santo,Brazil,populated place,S 19° 49′ 13'',W 40° 16′ 24'',-19.8202777777778,-40.2733333333333
707,Linhares,Espírito Santo,Brazil,populated place,S 19° 23′ 28'',W 40° 4′ 20'',-19.3911111111111,-40.0722222222222
708,Cariacica,Espírito Santo,Brazil,populated place,S 20° 15′ 50'',W 40° 25′ 12'',-20.2638888888889,-40.42
709,Guarapari,Espírito Santo,Brazil,populated place,S 20° 40′ 18'',W 40° 30′ 7'',-20.6716666666667,-40.5019444444445
710,Cachoeiro de Itapemirim,Espírito Santo,Brazil,populated place,S 20° 50′ 56'',W 41° 6′ 46'',-20.8488888888889,-41.1127777777778
711,Serra,Espírito Santo,Brazil,populated place,S 20° 7′ 43'',W 40° 18′ 28'',-20.1286111111111,-40.3077777777778
712,Castelo,Espírito Santo,Brazil,populated place,S 20° 36′ 13'',W 41° 11′ 5'',-20.6036111111111,-41.1847222222222
713,Vitória Airport,Espírito Santo,Brazil,airport,S 20° 15′ 29'',W 40° 17′ 11'',-20.2580555555556,-40.2863888888889
714,Anchieta,Espírito Santo,Brazil,populated place,S 20° 48′ 21'',W 40° 38′ 44'',-20.8058333333333,-40.6455555555556
715,Viana,Espírito Santo,Brazil,populated place,S 20° 23′ 25'',W 40° 29′ 46'',-20.3902777777778,-40.4961111111111
716,Conceição da Barra,Espírito Santo,Brazil,populated place,S 18° 35′ 36'',W 39° 43′ 56'',-18.5933333333333,-39.7322222222222
717,Itapemirim,Espírito Santo,Brazil,populated place,S 21° 0′ 40'',W 40° 50′ 2'',-21.0111111111111,-40.8338888888889
718,Guaçuí,Espírito Santo,Brazil,populated place,S 20° 46′ 32'',W 41° 40′ 46'',-20.7755555555556,-41.6794444444444
719,São Mateus Airport,Espírito Santo,Brazil,airport,S 18° 43′ 16'',W 39° 50′ 1'',-18.7211111111111,-39.8336111111111
720,Alegre,Espírito Santo,Brazil,populated place,S 20° 45′ 49'',W 41° 31′ 59'',-20.7636111111111,-41.5330555555556
721,Nova Venécia,Espírito Santo,Brazil,populated place,S 18° 42′ 38'',W 40° 24′ 2'',-18.7105555555556,-40.4005555555556
722,Marataizes,Espírito Santo,Brazil,populated place,S 21° 2′ 36'',W 40° 49′ 28'',-21.0433333333333,-40.8244444444444
723,Jaguaré,Espírito Santo,Brazil,populated place,S 18° 54′ 20'',W 40° 4′ 34'',-18.9055555555556,-40.0761111111111
724,Iúna,Espírito Santo,Brazil,populated place,S 20° 20′ 45'',W 41° 32′ 9'',-20.3458333333333,-41.5358333333333
725,Vitória,Espírito Santo,Brazil,second-order administrative division,S 20° 17′ 8'',W 40° 19′ 9'',-20.2855555555556,-40.3191666666667
726,Sooretama,Espírito Santo,Brazil,populated place,S 19° 11′ 49'',W 40° 5′ 52'',-19.1969444444444,-40.0977777777778
727,Cachoeiro de Itapemirim Airport,Espírito Santo,Brazil,airport,S 20° 50′ 3'',W 41° 11′ 8'',-20.8341666666667,-41.1855555555556
728,Guarapari Airport,Espírito Santo,Brazil,airport,S 20° 38′ 49'',W 40° 29′ 33'',-20.6469444444444,-40.4925
729,Montanha,Espírito Santo,Brazil,populated place,S 18° 7′ 37'',W 40° 21′ 48'',-18.1269444444444,-40.3633333333333
730,Afonso Cláudio,Espírito Santo,Brazil,populated place,S 20° 4′ 27'',W 41° 7′ 26'',-20.0741666666667,-41.1238888888889
731,Santa Teresa,Espírito Santo,Brazil,populated place,S 19° 56′ 8'',W 40° 36′ 1'',-19.9355555555556,-40.6002777777778
732,Santa Leopoldina,Espírito Santo,Brazil,populated place,S 20° 6′ 2'',W 40° 31′ 47'',-20.1005555555556,-40.5297222222222
733,Rio Novo do Sul,Espírito Santo,Brazil,populated place,S 20° 51′ 45'',W 40° 56′ 11'',-20.8625,-40.9363888888889
734,Brejetuba,Espírito Santo,Brazil,populated place,S 20° 8′ 46'',W 41° 17′ 25'',-20.1461111111111,-41.2902777777778
735,Boa Esperança,Espírito Santo,Brazil,populated place,S 18° 32′ 24'',W 40° 17′ 45'',-18.54,-40.2958333333333
736,Barra de São Francisco,Espírito Santo,Brazil,populated place,S 18° 45′ 18'',W 40° 53′ 27'',-18.755,-40.8908333333333
737,Baixo Guandu,Espírito Santo,Brazil,populated place,S 19° 31′ 8'',W 41° 0′ 57'',-19.5188888888889,-41.0158333333333
738,Alfredo Chaves,Espírito Santo,Brazil,populated place,S 20° 38′ 6'',W 40° 44′ 59'',-20.635,-40.7497222222222
739,São Gabriel da Palha,Espírito Santo,Brazil,populated place,S 19° 1′ 5'',W 40° 32′ 14'',-19.0180555555556,-40.5372222222222
740,Pancas,Espírito Santo,Brazil,populated place,S 19° 13′ 30'',W 40° 51′ 5'',-19.225,-40.8513888888889
741,Muqui,Espírito Santo,Brazil,populated place,S 20° 57′ 6'',W 41° 20′ 45'',-20.9516666666667,-41.3458333333333
742,Muniz Freire,Espírito Santo,Brazil,populated place,S 20° 27′ 51'',W 41° 24′ 47'',-20.4641666666667,-41.4130555555556
743,Mimoso do Sul,Espírito Santo,Brazil,populated place,S 21° 3′ 51'',W 41° 21′ 59'',-21.0641666666667,-41.3663888888889
744,Marechal Floriano,Espírito Santo,Brazil,populated place,S 20° 24′ 46'',W 40° 40′ 59'',-20.4127777777778,-40.6830555555556
745,Mantenópolis,Espírito Santo,Brazil,populated place,S 18° 51′ 45'',W 41° 7′ 22'',-18.8625,-41.1227777777778
746,Laranja da Terra,Espírito Santo,Brazil,populated place,S 19° 53′ 56'',W 41° 3′ 24'',-19.8988888888889,-41.0566666666667
747,Ecoporanga,Espírito Santo,Brazil,populated place,S 18° 22′ 24'',W 40° 49′ 50'',-18.3733333333333,-40.8305555555556
748,Domingos Martins,Espírito Santo,Brazil,populated place,S 20° 21′ 48'',W 40° 39′ 33'',-20.3633333333333,-40.6591666666667
749,Conceição do Castelo,Espírito Santo,Brazil,populated place,S 20° 22′ 6'',W 41° 14′ 38'',-20.3683333333333,-41.2438888888889
750,Bloemfontein,Free State,South Africa,seat of a first-order administrative division,S 29° 7′ 15'',E 26° 12′ 50'',-29.1208333333333,26.2138888888889
751,Botshabelo,Free State,South Africa,populated place,S 29° 16′ 2'',E 26° 43′ 33'',-29.2672222222222,26.7258333333333
752,Welkom,Free State,South Africa,seat of a second-order administrative division,S 27° 58′ 38'',E 26° 44′ 6'',-27.9772222222222,26.735
753,Virginia,Free State,South Africa,populated place,S 28° 6′ 14'',E 26° 51′ 57'',-28.1038888888889,26.8658333333333
754,Free State,Free State,South Africa,first-order administrative division,S 29° 0′ 0'',E 26° 0′ 0'',-29,26
755,Fezile Dabi District Municipality,Free State,South Africa,second-order administrative division,S 27° 20′ 21'',E 27° 43′ 9'',-27.3391666666667,27.7191666666667
756,Viljoenskroon,Free State,South Africa,populated place,S 27° 12′ 30'',E 26° 56′ 54'',-27.2083333333333,26.9483333333333
757,Sasolburg,Free State,South Africa,seat of a second-order administrative division,S 26° 48′ 48'',E 27° 49′ 1'',-26.8133333333333,27.8169444444444
758,Kroonstad,Free State,South Africa,seat of a third-order administrative division,S 27° 39′ 1'',E 27° 14′ 5'',-27.6502777777778,27.2347222222222
759,Bethlehem,Free State,South Africa,seat of a third-order administrative division,S 28° 13′ 50'',E 28° 18′ 25'',-28.2305555555556,28.3069444444444
760,Thaba Nchu,Free State,South Africa,populated place,S 29° 12′ 33'',E 26° 50′ 20'',-29.2091666666667,26.8388888888889
761,Bram Fischer International Airport,Free State,South Africa,airport,S 29° 5′ 33'',E 26° 18′ 8'',-29.0925,26.3022222222222
762,Phuthaditjhaba,Free State,South Africa,seat of a second-order administrative division,S 28° 31′ 27'',E 28° 48′ 56'',-28.5241666666667,28.8155555555556
763,Odendaalsrus,Free State,South Africa,populated place,S 27° 52′ 26'',E 26° 41′ 26'',-27.8738888888889,26.6905555555556
764,Xhariep District Municipality,Free State,South Africa,second-order administrative division,S 29° 50′ 35'',E 25° 49′ 58'',-29.8430555555556,25.8327777777778
765,Lejweleputswa District Municipality,Free State,South Africa,second-order administrative division,S 28° 14′ 23'',E 26° 7′ 35'',-28.2397222222222,26.1263888888889
766,Thabo Mofutsanyana District Municipality,Free State,South Africa,second-order administrative division,S 28° 14′ 37'',E 28° 20′ 26'',-28.2436111111111,28.3405555555556
767,Namahadi Peak,Free State,South Africa,peak,S 28° 46′ 13'',E 28° 48′ 29'',-28.7702777777778,28.8080555555556
768,Senekal,Free State,South Africa,populated place,S 28° 19′ 10'',E 27° 37′ 14'',-28.3194444444444,27.6205555555556
769,Egmont Dam,Free State,South Africa,lake,S 30° 2′ 54'',E 27° 2′ 13'',-30.0483333333333,27.0369444444444
770,Deneysville,Free State,South Africa,populated place,S 26° 53′ 26'',E 28° 5′ 49'',-26.8905555555556,28.0969444444444
771,Vredefort,Free State,South Africa,populated place,S 27° 0′ 29'',E 27° 21′ 52'',-27.0080555555556,27.3644444444444
772,Villiers,Free State,South Africa,populated place,S 27° 1′ 48'',E 28° 36′ 2'',-27.03,28.6005555555556
773,Steynsrus,Free State,South Africa,populated place,S 27° 57′ 12'',E 27° 33′ 50'',-27.9533333333333,27.5638888888889
774,Koppies,Free State,South Africa,populated place,S 27° 14′ 30'',E 27° 34′ 27'',-27.2416666666667,27.5741666666667
775,Heilbron,Free State,South Africa,populated place,S 27° 16′ 52'',E 27° 58′ 15'',-27.2811111111111,27.9708333333333
776,Kroonstad Airport,Free State,South Africa,airport,S 27° 39′ 44'',E 27° 18′ 46'',-27.6622222222222,27.3127777777778
777,Parys,Free State,South Africa,seat of a third-order administrative division,S 26° 54′ 11'',E 27° 27′ 26'',-26.9030555555556,27.4572222222222
778,Hlohlolwane,Free State,South Africa,populated place,S 28° 54′ 57'',E 27° 34′ 10'',-28.9158333333333,27.5694444444444
779,Bothaville,Free State,South Africa,seat of a third-order administrative division,S 27° 23′ 19'',E 26° 37′ 1'',-27.3886111111111,26.6169444444444
780,Bethlehem,Free State,South Africa,airport,S 28° 14′ 48'',E 28° 20′ 8'',-28.2466666666667,28.3355555555556
781,Allanridge,Free State,South Africa,populated place,S 27° 45′ 15'',E 26° 38′ 37'',-27.7541666666667,26.6436111111111
782,Winburg,Free State,South Africa,populated place,S 28° 31′ 5'',E 27° 0′ 33'',-28.5180555555556,27.0091666666667
783,Wesselsbron,Free State,South Africa,populated place,S 27° 51′ 17'',E 26° 21′ 57'',-27.8547222222222,26.3658333333333
784,Wepener,Free State,South Africa,populated place,S 29° 43′ 43'',E 27° 2′ 17'',-29.7286111111111,27.0380555555556
785,Warden,Free State,South Africa,populated place,S 27° 51′ 16'',E 28° 57′ 55'',-27.8544444444444,28.9652777777778
786,Golden Gate Highlands National Park,Free State,South Africa,park,S 28° 31′ 14'',E 28° 36′ 9'',-28.5205555555556,28.6025
787,Fouriesburg,Free State,South Africa,populated place,S 28° 37′ 10'',E 28° 12′ 34'',-28.6194444444444,28.2094444444444
788,Ficksburg,Free State,South Africa,seat of a third-order administrative division,S 28° 52′ 19'',E 27° 52′ 30'',-28.8719444444444,27.875
789,Jacobsdal,Free State,South Africa,populated place,S 29° 7′ 40'',E 24° 46′ 25'',-29.1277777777778,24.7736111111111
790,Hertzogville,Free State,South Africa,populated place,S 28° 7′ 39'',E 25° 30′ 13'',-28.1275,25.5036111111111
791,Hennenman,Free State,South Africa,populated place,S 27° 58′ 35'',E 27° 1′ 27'',-27.9763888888889,27.0241666666667
792,Harrismith,Free State,South Africa,populated place,S 28° 16′ 21'',E 29° 7′ 46'',-28.2725,29.1294444444444
793,Ladybrand,Free State,South Africa,seat of a third-order administrative division,S 29° 11′ 40'',E 27° 27′ 26'',-29.1944444444444,27.4572222222222
794,Kutloanong,Free State,South Africa,populated place,S 27° 50′ 0'',E 26° 45′ 0'',-27.8333333333333,26.75
795,Mamafubedu,Free State,South Africa,populated place,S 27° 39′ 57'',E 28° 7′ 52'',-27.6658333333333,28.1311111111111
796,Petrusburg,Free State,South Africa,populated place,S 29° 6′ 57'',E 25° 24′ 51'',-29.1158333333333,25.4141666666667
797,Marquard,Free State,South Africa,populated place,S 28° 39′ 52'',E 27° 25′ 49'',-28.6644444444444,27.4302777777778
798,Lindley,Free State,South Africa,populated place,S 27° 52′ 44'',E 27° 54′ 48'',-27.8788888888889,27.9133333333333
799,Welkom Airport,Free State,South Africa,airport,S 27° 59′ 52'',E 26° 40′ 10'',-27.9977777777778,26.6694444444444
800,Soweto,Gauteng,South Africa,populated place,S 26° 16′ 4'',E 27° 51′ 30'',-26.2677777777778,27.8583333333333
801,Pretoria,Gauteng,South Africa,capital of a political entity,S 25° 44′ 41'',E 28° 11′ 16'',-25.7447222222222,28.1877777777778
802,Johannesburg,Gauteng,South Africa,seat of a first-order administrative division,S 26° 12′ 8'',E 28° 2′ 37'',-26.2022222222222,28.0436111111111
803,Benoni,Gauteng,South Africa,populated place,S 26° 11′ 18'',E 28° 19′ 14'',-26.1883333333333,28.3205555555556
804,Gauteng,Gauteng,South Africa,first-order administrative division,S 26° 5′ 0'',E 28° 15′ 0'',-26.0833333333333,28.25
805,Evaton,Gauteng,South Africa,populated place,S 26° 32′ 0'',E 27° 51′ 0'',-26.5333333333333,27.85
806,Soshanguve,Gauteng,South Africa,populated place,S 25° 28′ 22'',E 28° 5′ 57'',-25.4727777777778,28.0991666666667
807,Boksburg,Gauteng,South Africa,populated place,S 26° 12′ 43'',E 28° 15′ 34'',-26.2119444444444,28.2594444444444
808,Thembisa,Gauteng,South Africa,populated place,S 25° 59′ 46'',E 28° 13′ 36'',-25.9961111111111,28.2266666666667
809,Brakpan,Gauteng,South Africa,populated place,S 26° 14′ 11'',E 28° 22′ 9'',-26.2363888888889,28.3691666666667
810,Alberton,Gauteng,South Africa,populated place,S 26° 16′ 4'',E 28° 7′ 20'',-26.2677777777778,28.1222222222222
811,Vereeniging,Gauteng,South Africa,seat of a second-order administrative division,S 26° 40′ 23'',E 27° 55′ 34'',-26.6730555555556,27.9261111111111
812,Tokoza,Gauteng,South Africa,populated place,S 26° 21′ 36'',E 28° 7′ 44'',-26.36,28.1288888888889
813,Nigel,Gauteng,South Africa,populated place,S 26° 25′ 52'',E 28° 28′ 37'',-26.4311111111111,28.4769444444444
814,Etwatwa,Gauteng,South Africa,populated place,S 26° 7′ 30'',E 28° 27′ 17'',-26.125,28.4547222222222
815,Centurion,Gauteng,South Africa,populated place,S 25° 51′ 32'',E 28° 11′ 8'',-25.8588888888889,28.1855555555556
816,Vanderbijlpark,Gauteng,South Africa,seat of a third-order administrative division,S 26° 42′ 42'',E 27° 50′ 16'',-26.7116666666667,27.8377777777778
817,Krugersdorp,Gauteng,South Africa,seat of a third-order administrative division,S 26° 5′ 8'',E 27° 46′ 30'',-26.0855555555556,27.775
818,Mabopane,Gauteng,South Africa,populated place,S 25° 30′ 32'',E 28° 3′ 50'',-25.5088888888889,28.0638888888889
819,Witwatersrand,Gauteng,South Africa,region,S 26° 15′ 0'',E 28° 0′ 0'',-26.25,28
820,Randburg,Gauteng,South Africa,populated place,S 26° 5′ 38'',E 28° 0′ 4'',-26.0938888888889,28.0011111111111
821,Roodepoort,Gauteng,South Africa,populated place,S 26° 9′ 45'',E 27° 52′ 21'',-26.1625,27.8725
822,Johannesburg International Airport,Gauteng,South Africa,airport,S 26° 8′ 0'',E 28° 14′ 9'',-26.1333333333333,28.2358333333333
823,Carletonville,Gauteng,South Africa,seat of a third-order administrative division,S 26° 21′ 39'',E 27° 23′ 51'',-26.3608333333333,27.3975
824,Westonaria,Gauteng,South Africa,seat of a third-order administrative division,S 26° 19′ 8'',E 27° 38′ 55'',-26.3188888888889,27.6486111111111
825,Randfontein,Gauteng,South Africa,seat of a second-order administrative division,S 26° 11′ 3'',E 27° 42′ 7'',-26.1841666666667,27.7019444444444
826,Springs,Gauteng,South Africa,section of populated place,S 26° 15′ 0'',E 28° 24′ 0'',-26.25,28.4
827,Ekangala,Gauteng,South Africa,populated place,S 25° 40′ 4'',E 28° 43′ 48'',-25.6677777777778,28.73
828,Midrand,Gauteng,South Africa,populated place,S 25° 58′ 33'',E 28° 7′ 4'',-25.9758333333333,28.1177777777778
829,Alexandra,Gauteng,South Africa,section of populated place,S 26° 6′ 19'',E 28° 5′ 55'',-26.1052777777778,28.0986111111111
830,Wonderboom Airport,Gauteng,South Africa,airport,S 25° 39′ 13'',E 28° 13′ 27'',-25.6536111111111,28.2241666666667
831,Rand Airport,Gauteng,South Africa,airport,S 26° 14′ 33'',E 28° 9′ 4'',-26.2425,28.1511111111111
832,Heidelberg,Gauteng,South Africa,seat of a third-order administrative division,S 26° 30′ 17'',E 28° 21′ 33'',-26.5047222222222,28.3591666666667
833,Diepsloot,Gauteng,South Africa,section of populated place,S 25° 55′ 59'',E 28° 0′ 43'',-25.9330555555556,28.0119444444444
834,Ivory Park,Gauteng,South Africa,section of populated place,S 25° 59′ 44'',E 28° 11′ 49'',-25.9955555555556,28.1969444444444
835,Grand Central Airport,Gauteng,South Africa,airport,S 25° 59′ 21'',E 28° 8′ 26'',-25.9891666666667,28.1405555555556
836,Lanseria International Airport,Gauteng,South Africa,airport,S 25° 56′ 18'',E 27° 55′ 34'',-25.9383333333333,27.9261111111111
837,Witwatersrand,Gauteng,South Africa,mountains,S 25° 47′ 9'',E 27° 50′ 54'',-25.7858333333333,27.8483333333333
838,Van Riebeek Natuurreservaat,Gauteng,South Africa,nature reserve,S 25° 53′ 3'',E 28° 17′ 35'',-25.8841666666667,28.2930555555556
839,Edenvale,Gauteng,South Africa,populated place,S 26° 8′ 27'',E 28° 9′ 8'',-26.1408333333333,28.1522222222222
840,East Rand,Gauteng,South Africa,area,S 26° 10′ 38'',E 28° 13′ 19'',-26.1772222222222,28.2219444444444
841,Kwamhlanga,Gauteng,South Africa,populated place,S 25° 25′ 48'',E 28° 42′ 43'',-25.43,28.7119444444444
842,Bushveld Igneous Complex,Gauteng,South Africa,region,S 25° 30′ 0'',E 28° 30′ 0'',-25.5,28.5
843,Devon,Gauteng,South Africa,populated place,S 26° 21′ 20'',E 28° 46′ 42'',-26.3555555555556,28.7783333333333
844,Cullinan,Gauteng,South Africa,populated place,S 25° 40′ 15'',E 28° 31′ 25'',-25.6708333333333,28.5236111111111
845,Bronkhorstspruit,Gauteng,South Africa,populated place,S 25° 48′ 36'',E 28° 44′ 32'',-25.81,28.7422222222222
846,Ekurhuleni,Gauteng,South Africa,second-order administrative division,S 26° 11′ 56'',E 28° 18′ 45'',-26.1988888888889,28.3125
847,Sedibeng District Municipality,Gauteng,South Africa,second-order administrative division,S 26° 34′ 0'',E 28° 10′ 58'',-26.5666666666667,28.1827777777778
848,City of Tshwane Metropolitan Municipality,Gauteng,South Africa,second-order administrative division,S 25° 39′ 35'',E 28° 26′ 36'',-25.6597222222222,28.4433333333333
849,West Rand District Municipality,Gauteng,South Africa,second-order administrative division,S 26° 14′ 44'',E 27° 33′ 19'',-26.2455555555556,27.5552777777778
850,Goiânia,Goiás,Brazil,seat of a first-order administrative division,S 16° 40′ 43'',W 49° 15′ 14'',-16.6786111111111,-49.2538888888889
851,Goiás,Goiás,Brazil,first-order administrative division,S 15° 34′ 50'',W 49° 38′ 10'',-15.5805555555556,-49.6361111111111
852,Anápolis,Goiás,Brazil,populated place,S 16° 19′ 36'',W 48° 57′ 10'',-16.3266666666667,-48.9527777777778
853,Aparecida de Goiânia,Goiás,Brazil,populated place,S 16° 49′ 24'',W 49° 14′ 38'',-16.8233333333333,-49.2438888888889
854,Valparaíso de Goiás,Goiás,Brazil,populated place,S 16° 3′ 57'',W 47° 58′ 43'',-16.0658333333333,-47.9786111111111
855,Águas Lindas de Goiás,Goiás,Brazil,populated place,S 15° 45′ 43'',W 48° 16′ 54'',-15.7619444444444,-48.2816666666667
856,Planaltina,Goiás,Brazil,populated place,S 15° 27′ 10'',W 47° 36′ 51'',-15.4527777777778,-47.6141666666667
857,Trindade,Goiás,Brazil,populated place,S 16° 38′ 58'',W 49° 29′ 20'',-16.6494444444444,-49.4888888888889
858,Luziânia,Goiás,Brazil,populated place,S 16° 15′ 9'',W 47° 57′ 1'',-16.2525,-47.9502777777778
859,Catalão,Goiás,Brazil,populated place,S 18° 9′ 57'',W 47° 56′ 47'',-18.1658333333333,-47.9463888888889
860,Formosa,Goiás,Brazil,populated place,S 15° 32′ 14'',W 47° 20′ 4'',-15.5372222222222,-47.3344444444444
861,Rio Verde,Goiás,Brazil,populated place,S 17° 47′ 53'',W 50° 55′ 41'',-17.7980555555556,-50.9280555555556
862,Jatai,Goiás,Brazil,populated place,S 17° 52′ 45'',W 51° 43′ 18'',-17.8791666666667,-51.7216666666667
863,Senador Canedo,Goiás,Brazil,populated place,S 16° 42′ 29'',W 49° 5′ 35'',-16.7080555555556,-49.0930555555556
864,Itumbiara,Goiás,Brazil,populated place,S 18° 25′ 9'',W 49° 12′ 55'',-18.4191666666667,-49.2152777777778
865,Novo Gama,Goiás,Brazil,populated place,S 16° 3′ 33'',W 48° 2′ 22'',-16.0591666666667,-48.0394444444444
866,Caldas Novas,Goiás,Brazil,seat of a second-order administrative division,S 17° 44′ 39'',W 48° 37′ 40'',-17.7441666666667,-48.6277777777778
867,Cristalina,Goiás,Brazil,seat of a second-order administrative division,S 16° 46′ 3'',W 47° 36′ 55'',-16.7675,-47.6152777777778
868,Jaraguá,Goiás,Brazil,populated place,S 15° 45′ 25'',W 49° 20′ 4'',-15.7569444444444,-49.3344444444444
869,Goianira,Goiás,Brazil,populated place,S 16° 29′ 46'',W 49° 25′ 35'',-16.4961111111111,-49.4263888888889
870,Caldas Novas Airport,Goiás,Brazil,airport,S 17° 43′ 31'',W 48° 36′ 27'',-17.7252777777778,-48.6075
871,Rio Verde Airport,Goiás,Brazil,airport,S 17° 50′ 5'',W 50° 57′ 22'',-17.8347222222222,-50.9561111111111
872,Minaçu Airport,Goiás,Brazil,airport,S 13° 32′ 56'',W 48° 11′ 43'',-13.5488888888889,-48.1952777777778
873,Santo Antônio do Descoberto,Goiás,Brazil,populated place,S 15° 56′ 23'',W 48° 15′ 18'',-15.9397222222222,-48.255
874,Anápolis AFB,Goiás,Brazil,airport,S 16° 13′ 44'',W 48° 57′ 51'',-16.2288888888889,-48.9641666666667
875,Santa Genoveva / Goiânia Airport,Goiás,Brazil,airport,S 16° 37′ 55'',W 49° 13′ 14'',-16.6319444444444,-49.2205555555556
876,Jatai Airport,Goiás,Brazil,airport,S 17° 49′ 49'',W 51° 46′ 24'',-17.8302777777778,-51.7733333333333
877,Itumbiara Airport,Goiás,Brazil,airport,S 18° 26′ 35'',W 49° 12′ 51'',-18.4430555555556,-49.2141666666667
878,Santa Helena de Goiás,Goiás,Brazil,populated place,S 17° 48′ 49'',W 50° 35′ 49'',-17.8136111111111,-50.5969444444444
879,Palmeiras de Goiás,Goiás,Brazil,populated place,S 16° 48′ 18'',W 49° 55′ 33'',-16.805,-49.9258333333333
880,Santa Bárbara de Goiás,Goiás,Brazil,second-order administrative division,S 16° 36′ 8'',W 49° 41′ 10'',-16.6022222222222,-49.6861111111111
881,Santa Cruz de Goiás,Goiás,Brazil,second-order administrative division,S 17° 27′ 5'',W 48° 34′ 15'',-17.4513888888889,-48.5708333333333
882,Santa Fé de Goiás,Goiás,Brazil,second-order administrative division,S 15° 37′ 22'',W 51° 8′ 18'',-15.6227777777778,-51.1383333333333
883,Santa Rosa de Goiás,Goiás,Brazil,second-order administrative division,S 16° 4′ 11'',W 49° 28′ 53'',-16.0697222222222,-49.4813888888889
884,Santa Tereza de Goiás,Goiás,Brazil,second-order administrative division,S 13° 33′ 4'',W 48° 59′ 42'',-13.5511111111111,-48.995
885,Santa Terezinha de Goiás,Goiás,Brazil,second-order administrative division,S 14° 18′ 37'',W 49° 42′ 52'',-14.3102777777778,-49.7144444444444
886,Bela Vista de Goiás,Goiás,Brazil,populated place,S 16° 58′ 22'',W 48° 57′ 12'',-16.9727777777778,-48.9533333333333
887,Corumbá de Goiás,Goiás,Brazil,populated place,S 15° 55′ 25'',W 48° 48′ 31'',-15.9236111111111,-48.8086111111111
888,Goiás,Goiás,Brazil,populated place,S 15° 56′ 4'',W 50° 8′ 25'',-15.9344444444444,-50.1402777777778
889,Água Fria de Goiás,Goiás,Brazil,second-order administrative division,S 14° 57′ 38'',W 47° 50′ 58'',-14.9605555555556,-47.8494444444444
890,Alto Paraíso de Goiás,Goiás,Brazil,second-order administrative division,S 14° 10′ 55'',W 47° 27′ 32'',-14.1819444444444,-47.4588888888889
891,Divinópolis de Goiás,Goiás,Brazil,second-order administrative division,S 13° 13′ 25'',W 46° 31′ 37'',-13.2236111111111,-46.5269444444444
892,São Francisco de Goiás,Goiás,Brazil,second-order administrative division,S 15° 57′ 8'',W 49° 14′ 56'',-15.9522222222222,-49.2488888888889
893,Gameleira de Goiás,Goiás,Brazil,second-order administrative division,S 16° 25′ 52'',W 48° 40′ 28'',-16.4311111111111,-48.6744444444444
894,Abadia de Goiás,Goiás,Brazil,second-order administrative division,S 16° 46′ 39'',W 49° 28′ 6'',-16.7775,-49.4683333333333
895,Águas Lindas de Goiás,Goiás,Brazil,second-order administrative division,S 15° 45′ 58'',W 48° 17′ 10'',-15.7661111111111,-48.2861111111111
896,Bela Vista de Goiás,Goiás,Brazil,second-order administrative division,S 16° 58′ 26'',W 48° 54′ 56'',-16.9738888888889,-48.9155555555556
897,Bom Jardim de Goiás,Goiás,Brazil,second-order administrative division,S 16° 16′ 13'',W 52° 3′ 24'',-16.2702777777778,-52.0566666666667
898,Bom Jesus de Goiás,Goiás,Brazil,second-order administrative division,S 18° 11′ 31'',W 49° 53′ 43'',-18.1919444444444,-49.8952777777778
899,Buriti de Goiás,Goiás,Brazil,second-order administrative division,S 16° 9′ 51'',W 50° 25′ 45'',-16.1641666666667,-50.4291666666667
900,Guanajuato City,Guanajuato,Mexico,seat of a first-order administrative division,N 21° 1′ 6'',W 101° 15′ 32'',21.0183333333333,-101.258888888889
901,León,Guanajuato,Mexico,seat of a second-order administrative division,N 21° 7′ 44'',W 101° 40′ 25'',21.1288888888889,-101.673611111111
902,Guanajuato,Guanajuato,Mexico,first-order administrative division,N 21° 0′ 0'',W 101° 0′ 0'',21,-101
903,Irapuato,Guanajuato,Mexico,seat of a second-order administrative division,N 20° 40′ 36'',W 101° 21′ 22'',20.6766666666667,-101.356111111111
904,Celaya,Guanajuato,Mexico,seat of a second-order administrative division,N 20° 31′ 24'',W 100° 48′ 56'',20.5233333333333,-100.815555555556
905,Salamanca,Guanajuato,Mexico,seat of a second-order administrative division,N 20° 34′ 19'',W 101° 11′ 29'',20.5719444444444,-101.191388888889
906,San Miguel de Allende,Guanajuato,Mexico,populated place,N 20° 54′ 55'',W 100° 44′ 38'',20.9152777777778,-100.743888888889
907,Guanajuato Municipality,Guanajuato,Mexico,second-order administrative division,N 21° 0′ 17'',W 101° 15′ 53'',21.0047222222222,-101.264722222222
908,Acámbaro,Guanajuato,Mexico,seat of a second-order administrative division,N 20° 1′ 51'',W 100° 43′ 19'',20.0308333333333,-100.721944444444
909,Dolores Hidalgo,Guanajuato,Mexico,populated place,N 21° 9′ 22'',W 100° 55′ 57'',21.1561111111111,-100.9325
910,Del Bajío International Airport,Guanajuato,Mexico,airport,N 20° 59′ 36'',W 101° 28′ 51'',20.9933333333333,-101.480833333333
911,Marfil,Guanajuato,Mexico,populated place,N 20° 59′ 29'',W 101° 17′ 3'',20.9913888888889,-101.284166666667
912,Celaya Airport,Guanajuato,Mexico,airport,N 20° 32′ 45'',W 100° 53′ 13'',20.5458333333333,-100.886944444444
913,Cortazar,Guanajuato,Mexico,seat of a second-order administrative division,N 20° 29′ 1'',W 100° 57′ 44'',20.4836111111111,-100.962222222222
914,Abasolo,Guanajuato,Mexico,second-order administrative division,N 20° 30′ 20'',W 101° 32′ 16'',20.5055555555556,-101.537777777778
915,Acámbaro,Guanajuato,Mexico,second-order administrative division,N 20° 3′ 29'',W 100° 44′ 29'',20.0580555555556,-100.741388888889
916,Comonfort,Guanajuato,Mexico,second-order administrative division,N 20° 43′ 41'',W 100° 47′ 9'',20.7280555555556,-100.785833333333
917,Coroneo,Guanajuato,Mexico,second-order administrative division,N 20° 12′ 35'',W 100° 22′ 34'',20.2097222222222,-100.376111111111
918,Cortazar,Guanajuato,Mexico,second-order administrative division,N 20° 28′ 7'',W 100° 57′ 50'',20.4686111111111,-100.963888888889
919,Cuerámaro,Guanajuato,Mexico,second-order administrative division,N 20° 37′ 8'',W 101° 39′ 39'',20.6188888888889,-101.660833333333
920,Pénjamo,Guanajuato,Mexico,seat of a second-order administrative division,N 20° 25′ 51'',W 101° 43′ 21'',20.4308333333333,-101.7225
921,Empalme Escobedo,Guanajuato,Mexico,populated place,N 20° 40′ 21'',W 100° 44′ 48'',20.6725,-100.746666666667
922,Moroleón,Guanajuato,Mexico,seat of a second-order administrative division,N 20° 7′ 32'',W 101° 11′ 31'',20.1255555555556,-101.191944444444
923,Abasolo,Guanajuato,Mexico,seat of a second-order administrative division,N 20° 26′ 59'',W 101° 31′ 50'',20.4497222222222,-101.530555555556
924,Yuriria,Guanajuato,Mexico,seat of a second-order administrative division,N 20° 12′ 38'',W 101° 7′ 55'',20.2105555555556,-101.131944444444
925,Uriangato,Guanajuato,Mexico,seat of a second-order administrative division,N 20° 8′ 27'',W 101° 10′ 57'',20.1408333333333,-101.1825
926,Silao,Guanajuato,Mexico,seat of a second-order administrative division,N 20° 56′ 36'',W 101° 25′ 37'',20.9433333333333,-101.426944444444
927,San Miguel de Allende,Guanajuato,Mexico,second-order administrative division,N 20° 56′ 31'',W 100° 42′ 38'',20.9419444444444,-100.710555555556
928,Apaseo el Alto,Guanajuato,Mexico,second-order administrative division,N 20° 25′ 36'',W 100° 34′ 3'',20.4266666666667,-100.5675
929,Atarjea Municipality,Guanajuato,Mexico,second-order administrative division,N 21° 14′ 33'',W 99° 48′ 30'',21.2425,-99.8083333333333
930,Celaya Municipality,Guanajuato,Mexico,second-order administrative division,N 20° 32′ 12'',W 100° 48′ 24'',20.5366666666667,-100.806666666667
931,Manuel Doblado,Guanajuato,Mexico,second-order administrative division,N 20° 43′ 15'',W 101° 51′ 21'',20.7208333333333,-101.855833333333
932,Doctor Mora,Guanajuato,Mexico,second-order administrative division,N 21° 8′ 18'',W 100° 21′ 34'',21.1383333333333,-100.359444444444
933,Huanímaro,Guanajuato,Mexico,second-order administrative division,N 20° 21′ 29'',W 101° 30′ 4'',20.3580555555556,-101.501111111111
934,Jaral del Progreso,Guanajuato,Mexico,second-order administrative division,N 20° 21′ 18'',W 101° 3′ 8'',20.355,-101.052222222222
935,Jerécuaro,Guanajuato,Mexico,second-order administrative division,N 20° 11′ 57'',W 100° 30′ 24'',20.1991666666667,-100.506666666667
936,León,Guanajuato,Mexico,second-order administrative division,N 21° 5′ 35'',W 101° 38′ 42'',21.0930555555556,-101.645
937,Moroleón,Guanajuato,Mexico,second-order administrative division,N 20° 5′ 46'',W 101° 13′ 51'',20.0961111111111,-101.230833333333
938,Ocampo,Guanajuato,Mexico,second-order administrative division,N 21° 36′ 1'',W 101° 28′ 5'',21.6002777777778,-101.468055555556
939,Pénjamo,Guanajuato,Mexico,second-order administrative division,N 20° 24′ 15'',W 101° 48′ 25'',20.4041666666667,-101.806944444444
940,Pueblo Nuevo,Guanajuato,Mexico,second-order administrative division,N 20° 32′ 45'',W 101° 21′ 51'',20.5458333333333,-101.364166666667
941,Purísima del Rincón,Guanajuato,Mexico,second-order administrative division,N 20° 56′ 49'',W 101° 54′ 33'',20.9469444444444,-101.909166666667
942,Romita,Guanajuato,Mexico,second-order administrative division,N 20° 50′ 29'',W 101° 33′ 37'',20.8413888888889,-101.560277777778
943,Salamanca,Guanajuato,Mexico,second-order administrative division,N 20° 35′ 7'',W 101° 10′ 23'',20.5852777777778,-101.173055555556
944,Salvatierra,Guanajuato,Mexico,second-order administrative division,N 20° 12′ 39'',W 100° 54′ 44'',20.2108333333333,-100.912222222222
945,San Felipe,Guanajuato,Mexico,second-order administrative division,N 21° 27′ 35'',W 101° 14′ 38'',21.4597222222222,-101.243888888889
946,San José Iturbide,Guanajuato,Mexico,second-order administrative division,N 21° 2′ 1'',W 100° 24′ 41'',21.0336111111111,-100.411388888889
947,Tarandacuao Municipality,Guanajuato,Mexico,second-order administrative division,N 20° 0′ 13'',W 100° 31′ 55'',20.0036111111111,-100.531944444444
948,Tarimoro Municipality,Guanajuato,Mexico,second-order administrative division,N 20° 17′ 57'',W 100° 45′ 27'',20.2991666666667,-100.7575
949,Tierra Blanca,Guanajuato,Mexico,second-order administrative division,N 21° 1′ 50'',W 100° 9′ 25'',21.0305555555556,-100.156944444444
950,Guerrero,Guerrero,Mexico,first-order administrative division,N 17° 40′ 0'',W 100° 0′ 0'',17.6666666666667,-100
951,Chilpancingo,Guerrero,Mexico,seat of a first-order administrative division,N 17° 33′ 8'',W 99° 30′ 4'',17.5522222222222,-99.5011111111111
952,Acapulco de Juárez,Guerrero,Mexico,populated place,N 16° 50′ 57'',W 99° 54′ 32'',16.8491666666667,-99.9088888888889
953,Iguala de la Independencia,Guerrero,Mexico,seat of a second-order administrative division,N 18° 20′ 43'',W 99° 32′ 28'',18.3452777777778,-99.5411111111111
954,Zihuatanejo,Guerrero,Mexico,populated place,N 17° 38′ 36'',W 101° 33′ 7'',17.6433333333333,-101.551944444444
955,Taxco,Guerrero,Mexico,seat of a second-order administrative division,N 18° 33′ 16'',W 99° 36′ 21'',18.5544444444444,-99.6058333333333
956,Villa Guerrero Municipality,Guerrero,Mexico,second-order administrative division,N 22° 0′ 36'',W 103° 39′ 40'',22.01,-103.661111111111
957,Alcozauca de Guerrero Municipality,Guerrero,Mexico,second-order administrative division,N 17° 22′ 37'',W 98° 22′ 18'',17.3769444444444,-98.3716666666667
958,Tixtla de Guerrero Municipality,Guerrero,Mexico,second-order administrative division,N 17° 34′ 50'',W 99° 22′ 45'',17.5805555555556,-99.3791666666667
959,General Juan N. Álvarez International Airport,Guerrero,Mexico,airport,N 16° 45′ 25'',W 99° 45′ 14'',16.7569444444444,-99.7538888888889
960,Tixtla de Guerrero,Guerrero,Mexico,populated place,N 17° 34′ 2'',W 99° 23′ 52'',17.5672222222222,-99.3977777777778
961,Guerrero Negro Airport,Guerrero,Mexico,airport,N 28° 1′ 33'',W 114° 1′ 26'',28.0258333333333,-114.023888888889
962,Vicente Guerrero,Guerrero,Mexico,second-order administrative division,N 23° 43′ 18'',W 103° 58′ 40'',23.7216666666667,-103.977777777778
963,Yutanduchi de Guerrero,Guerrero,Mexico,second-order administrative division,N 17° 2′ 55'',W 97° 17′ 28'',17.0486111111111,-97.2911111111111
964,Putla Villa de Guerrero,Guerrero,Mexico,second-order administrative division,N 17° 1′ 38'',W 97° 52′ 13'',17.0272222222222,-97.8702777777778
965,Ixtapa-Zihuatanejo International Airport,Guerrero,Mexico,airport,N 17° 36′ 5'',W 101° 27′ 37'',17.6013888888889,-101.460277777778
966,Montecristo de Guerrero Municipality,Guerrero,Mexico,second-order administrative division,N 15° 40′ 30'',W 92° 38′ 38'',15.675,-92.6438888888889
967,Tepehuacán de Guerrero Municipality,Guerrero,Mexico,second-order administrative division,N 21° 4′ 0'',W 98° 50′ 40'',21.0666666666667,-98.8444444444444
968,Tlapa de Comonfort,Guerrero,Mexico,seat of a second-order administrative division,N 17° 32′ 43'',W 98° 34′ 33'',17.5452777777778,-98.5758333333333
969,Ciudad Altamirano,Guerrero,Mexico,seat of a second-order administrative division,N 18° 21′ 29'',W 100° 40′ 10'',18.3580555555556,-100.669444444444
970,Marquelia Municipality,Guerrero,Mexico,second-order administrative division,N 16° 37′ 25'',W 98° 48′ 2'',16.6236111111111,-98.8005555555556
971,Benito Juárez,Guerrero,Mexico,second-order administrative division,N 17° 6′ 28'',W 100° 28′ 3'',17.1077777777778,-100.4675
972,Acapulco de Juárez Municipality,Guerrero,Mexico,second-order administrative division,N 16° 55′ 35'',W 99° 44′ 41'',16.9263888888889,-99.7447222222222
973,Ahuacuotzingo Municipality,Guerrero,Mexico,second-order administrative division,N 17° 44′ 33'',W 98° 55′ 4'',17.7425,-98.9177777777778
974,Ajuchitlán del Progreso Municipality,Guerrero,Mexico,second-order administrative division,N 17° 57′ 4'',W 100° 35′ 29'',17.9511111111111,-100.591388888889
975,Alpoyeca Municipality,Guerrero,Mexico,second-order administrative division,N 17° 38′ 45'',W 98° 30′ 36'',17.6458333333333,-98.51
976,Apaxtla Municipality,Guerrero,Mexico,second-order administrative division,N 18° 4′ 34'',W 99° 59′ 44'',18.0761111111111,-99.9955555555556
977,Arcelia Municipality,Guerrero,Mexico,second-order administrative division,N 18° 15′ 58'',W 100° 11′ 26'',18.2661111111111,-100.190555555556
978,Atenango del Río Municipality,Guerrero,Mexico,second-order administrative division,N 18° 10′ 48'',W 99° 6′ 38'',18.18,-99.1105555555556
979,Atlamajalcingo del Monte Municipality,Guerrero,Mexico,second-order administrative division,N 17° 18′ 5'',W 98° 34′ 13'',17.3013888888889,-98.5702777777778
980,Atlixtac Municipality,Guerrero,Mexico,second-order administrative division,N 17° 30′ 51'',W 98° 54′ 10'',17.5141666666667,-98.9027777777778
981,Atoyac de Álvarez Municipality,Guerrero,Mexico,second-order administrative division,N 17° 16′ 20'',W 100° 20′ 50'',17.2722222222222,-100.347222222222
982,Ayutla de los Libres Municipality,Guerrero,Mexico,second-order administrative division,N 16° 57′ 1'',W 99° 3′ 56'',16.9502777777778,-99.0655555555556
983,Azoyú Municipality,Guerrero,Mexico,second-order administrative division,N 16° 38′ 57'',W 98° 34′ 41'',16.6491666666667,-98.5780555555556
984,Buenavista de Cuéllar  Municipality,Guerrero,Mexico,second-order administrative division,N 18° 28′ 9'',W 99° 24′ 42'',18.4691666666667,-99.4116666666667
985,Coahuayutla de José María Izazaga,Guerrero,Mexico,second-order administrative division,N 18° 16′ 42'',W 101° 38′ 19'',18.2783333333333,-101.638611111111
986,Cocula Municipality,Guerrero,Mexico,second-order administrative division,N 18° 8′ 34'',W 99° 42′ 16'',18.1427777777778,-99.7044444444445
987,Copala Municipality,Guerrero,Mexico,second-order administrative division,N 16° 36′ 24'',W 98° 56′ 27'',16.6066666666667,-98.9408333333333
988,Copalillo Municipality,Guerrero,Mexico,second-order administrative division,N 17° 58′ 12'',W 99° 3′ 15'',17.97,-99.0541666666667
989,Copanatoyac Municipality,Guerrero,Mexico,second-order administrative division,N 17° 25′ 44'',W 98° 42′ 0'',17.4288888888889,-98.7
990,Coyuca de Benítez Municipality,Guerrero,Mexico,second-order administrative division,N 17° 4′ 31'',W 100° 5′ 38'',17.0752777777778,-100.093888888889
991,Coyuca de Catalán Municipality,Guerrero,Mexico,second-order administrative division,N 18° 3′ 31'',W 100° 57′ 42'',18.0586111111111,-100.961666666667
992,Cuajinicuilapa Municipality,Guerrero,Mexico,second-order administrative division,N 16° 29′ 36'',W 98° 30′ 27'',16.4933333333333,-98.5075
993,Cualac Municipality,Guerrero,Mexico,second-order administrative division,N 17° 43′ 45'',W 98° 40′ 21'',17.7291666666667,-98.6725
994,Cuautepec Municipality,Guerrero,Mexico,second-order administrative division,N 16° 42′ 18'',W 98° 59′ 4'',16.705,-98.9844444444445
995,Cuetzala del Progreso  Municipality,Guerrero,Mexico,second-order administrative division,N 18° 6′ 45'',W 99° 49′ 1'',18.1125,-99.8169444444445
996,Cutzamala de Pinzón Municipality,Guerrero,Mexico,second-order administrative division,N 18° 39′ 43'',W 100° 35′ 56'',18.6619444444444,-100.598888888889
997,Chilapa de Álvarez Municipality,Guerrero,Mexico,second-order administrative division,N 17° 30′ 54'',W 99° 6′ 58'',17.515,-99.1161111111111
998,Chilpancingo de los Bravo Municipality,Guerrero,Mexico,second-order administrative division,N 17° 23′ 57'',W 99° 35′ 53'',17.3991666666667,-99.5980555555556
999,Florencio Villarreal Municipality,Guerrero,Mexico,second-order administrative division,N 16° 42′ 5'',W 99° 9′ 8'',16.7013888888889,-99.1522222222222
1000,Hebei,Hebei,China,first-order administrative division,N 39° 0′ 0'',E 115° 40′ 0'',39,115.666666666667
1001,Shijiazhuang,Hebei,China,seat of a first-order administrative division,N 38° 2′ 29'',E 114° 28′ 43'',38.0413888888889,114.478611111111
1002,Handan,Hebei,China,seat of a second-order administrative division,N 36° 36′ 36'',E 114° 29′ 15'',36.61,114.4875
1003,Baoding,Hebei,China,seat of a second-order administrative division,N 38° 52′ 22'',E 115° 27′ 44'',38.8727777777778,115.462222222222
1004,Tangshan,Hebei,China,seat of a second-order administrative division,N 39° 38′ 37'',E 118° 10′ 59'',39.6436111111111,118.183055555556
1005,Zhangjiakou,Hebei,China,seat of a second-order administrative division,N 40° 47′ 0'',E 114° 52′ 17'',40.7833333333333,114.871388888889
1006,Chengde,Hebei,China,populated place,N 40° 57′ 6'',E 117° 57′ 31'',40.9516666666667,117.958611111111
1007,Xingtai,Hebei,China,seat of a second-order administrative division,N 37° 3′ 43'',E 114° 29′ 33'',37.0619444444444,114.4925
1008,Qinhuangdao,Hebei,China,seat of a second-order administrative division,N 39° 56′ 27'',E 119° 35′ 21'',39.9408333333333,119.589166666667
1009,Langfang,Hebei,China,seat of a second-order administrative division,N 39° 31′ 14'',E 116° 42′ 52'',39.5205555555556,116.714444444444
1010,Hengshui,Hebei,China,seat of a second-order administrative division,N 37° 44′ 20'',E 115° 41′ 0'',37.7388888888889,115.683333333333
1011,Cangzhou,Hebei,China,seat of a second-order administrative division,N 38° 18′ 40'',E 116° 51′ 12'',38.3111111111111,116.853333333333
1012,Chengde Prefecture,Hebei,China,second-order administrative division,N 40° 58′ 12'',E 117° 55′ 48'',40.97,117.93
1013,Dingzhou,Hebei,China,seat of a third-order administrative division,N 38° 30′ 53'',E 114° 59′ 12'',38.5147222222222,114.986666666667
1014,Linxi,Hebei,China,populated place,N 39° 42′ 42'',E 118° 26′ 58'',39.7116666666667,118.449444444444
1015,Baoding Shi,Hebei,China,second-order administrative division,N 39° 1′ 0'',E 115° 11′ 0'',39.0166666666667,115.183333333333
1016,Hebei Handan,Hebei,China,airport,N 36° 31′ 28'',E 114° 25′ 38'',36.5244444444444,114.427222222222
1017,Zhangjiakou Shi,Hebei,China,second-order administrative division,N 40° 49′ 14'',E 115° 10′ 35'',40.8205555555556,115.176388888889
1018,Shanhaiguan,Hebei,China,seat of a third-order administrative division,N 40° 0′ 4'',E 119° 45′ 14'',40.0011111111111,119.753888888889
1019,Xinji,Hebei,China,seat of a third-order administrative division,N 37° 55′ 33'',E 115° 13′ 8'',37.9258333333333,115.218888888889
1020,Zhengding,Hebei,China,seat of a third-order administrative division,N 38° 8′ 42'',E 114° 33′ 56'',38.145,114.565555555556
1021,Luancheng,Hebei,China,seat of a third-order administrative division,N 37° 53′ 4'',E 114° 38′ 46'',37.8844444444444,114.646111111111
1022,Shahecheng,Hebei,China,populated place,N 36° 56′ 18'',E 114° 30′ 21'',36.9383333333333,114.505833333333
1023,Renqiu,Hebei,China,seat of a third-order administrative division,N 38° 42′ 33'',E 116° 6′ 3'',38.7091666666667,116.100833333333
1024,Jizhou,Hebei,China,seat of a third-order administrative division,N 37° 33′ 1'',E 115° 34′ 7'',37.5502777777778,115.568611111111
1025,Sanhe,Hebei,China,seat of a third-order administrative division,N 39° 58′ 49'',E 117° 4′ 7'',39.9802777777778,117.068611111111
1026,Beidaihe Haibin,Hebei,China,resort,N 39° 48′ 59'',E 119° 30′ 6'',39.8163888888889,119.501666666667
1027,Xuanhua,Hebei,China,seat of a third-order administrative division,N 40° 36′ 43'',E 115° 3′ 52'',40.6119444444445,115.064444444444
1028,Anguli Nur,Hebei,China,lake,N 41° 20′ 50'',E 114° 23′ 8'',41.3472222222222,114.385555555556
1029,Hecun,Hebei,China,populated place,N 36° 32′ 0'',E 114° 6′ 40'',36.5333333333333,114.111111111111
1030,Handan Shi,Hebei,China,second-order administrative division,N 36° 34′ 0'',E 114° 33′ 0'',36.5666666666667,114.55
1031,Zhaogezhuang,Hebei,China,populated place,N 39° 45′ 55'',E 118° 24′ 42'',39.7652777777778,118.411666666667
1032,Qinhuangdao Shi,Hebei,China,second-order administrative division,N 40° 4′ 59'',E 119° 12′ 0'',40.0830555555556,119.2
1033,Tianchang,Hebei,China,populated place,N 37° 59′ 53'',E 114° 0′ 56'',37.9980555555556,114.015555555556
1034,Tangshan Shi,Hebei,China,second-order administrative division,N 39° 43′ 0'',E 118° 21′ 0'',39.7166666666667,118.35
1035,Tangjiazhuang,Hebei,China,populated place,N 39° 44′ 35'',E 118° 27′ 3'',39.7430555555556,118.450833333333
1036,Cangzhou Shi,Hebei,China,second-order administrative division,N 38° 16′ 0'',E 116° 45′ 0'',38.2666666666667,116.75
1037,Botou,Hebei,China,seat of a third-order administrative division,N 38° 4′ 25'',E 116° 34′ 0'',38.0736111111111,116.566666666667
1038,Shijiazhuang Zhengding International Airport,Hebei,China,airport,N 38° 16′ 50'',E 114° 41′ 49'',38.2805555555556,114.696944444444
1039,Hengshui Shi,Hebei,China,second-order administrative division,N 37° 46′ 0'',E 115° 49′ 0'',37.7666666666667,115.816666666667
1040,Huaiyang,Hebei,China,seat of a third-order administrative division,N 37° 45′ 41'',E 114° 31′ 1'',37.7613888888889,114.516944444444
1041,Fengrun,Hebei,China,seat of a third-order administrative division,N 39° 49′ 35'',E 118° 8′ 17'',39.8263888888889,118.138055555556
1042,Nangong,Hebei,China,seat of a third-order administrative division,N 37° 21′ 16'',E 115° 23′ 19'',37.3544444444445,115.388611111111
1043,Tangshan Sannühe Airport,Hebei,China,airport,N 39° 43′ 14'',E 117° 59′ 33'',39.7205555555556,117.9925
1044,Xingtai County,Hebei,China,second-order administrative division,N 37° 3′ 36'',E 114° 29′ 24'',37.06,114.49
1045,Xinle,Hebei,China,seat of a third-order administrative division,N 38° 20′ 56'',E 114° 41′ 7'',38.3488888888889,114.685277777778
1046,Langfang Shi,Hebei,China,second-order administrative division,N 39° 14′ 0'',E 116° 38′ 0'',39.2333333333333,116.633333333333
1047,Shijiazhuang Shi,Hebei,China,second-order administrative division,N 38° 5′ 0'',E 114° 34′ 0'',38.0833333333333,114.566666666667
1048,Xingtai Dalian Airport,Hebei,China,airport,N 36° 53′ 0'',E 114° 25′ 45'',36.8833333333333,114.429166666667
1049,Zhangjiakou Ningyuan Airport,Hebei,China,airport,N 40° 44′ 21'',E 114° 55′ 51'',40.7391666666667,114.930833333333
1050,Harbin,Heilongjiang,China,seat of a first-order administrative division,N 45° 45′ 0'',E 126° 39′ 0'',45.75,126.65
1051,Heilongjiang,Heilongjiang,China,first-order administrative division,N 47° 45′ 0'',E 128° 0′ 0'',47.75,128
1052,Qiqihar,Heilongjiang,China,seat of a second-order administrative division,N 47° 20′ 21'',E 123° 57′ 41'',47.3391666666667,123.961388888889
1053,Jiamusi,Heilongjiang,China,seat of a second-order administrative division,N 46° 47′ 49'',E 130° 18′ 40'',46.7969444444444,130.311111111111
1054,Daqing,Heilongjiang,China,seat of a second-order administrative division,N 46° 35′ 0'',E 125° 0′ 0'',46.5833333333333,125
1055,Yichun,Heilongjiang,China,populated place,N 47° 43′ 17'',E 128° 52′ 31'',47.7213888888889,128.875277777778
1056,Shuangyashan,Heilongjiang,China,seat of a second-order administrative division,N 46° 40′ 36'',E 131° 7′ 57'',46.6766666666667,131.1325
1057,Mudanjiang,Heilongjiang,China,seat of a second-order administrative division,N 44° 32′ 52'',E 129° 37′ 33'',44.5477777777778,129.625833333333
1058,Jixi,Heilongjiang,China,seat of a second-order administrative division,N 45° 17′ 35'',E 130° 57′ 43'',45.2930555555556,130.961944444444
1059,Heihe,Heilongjiang,China,seat of a second-order administrative division,N 50° 14′ 38'',E 127° 29′ 24'',50.2438888888889,127.49
1060,Hegang,Heilongjiang,China,seat of a second-order administrative division,N 47° 20′ 50'',E 130° 17′ 25'',47.3472222222222,130.290277777778
1061,Zhaodong,Heilongjiang,China,seat of a third-order administrative division,N 46° 3′ 8'',E 125° 57′ 18'',46.0522222222222,125.955
1062,Yichun Shi,Heilongjiang,China,second-order administrative division,N 47° 48′ 0'',E 129° 12′ 0'',47.8,129.2
1063,Tieli,Heilongjiang,China,seat of a third-order administrative division,N 46° 58′ 31'',E 128° 2′ 52'',46.9752777777778,128.047777777778
1064,Suifenhe,Heilongjiang,China,populated place,N 44° 23′ 59'',E 131° 8′ 51'',44.3997222222222,131.1475
1065,Shuangyashan Shi,Heilongjiang,China,second-order administrative division,N 46° 31′ 0'',E 132° 30′ 0'',46.5166666666667,132.5
1066,Shangzhi,Heilongjiang,China,seat of a third-order administrative division,N 45° 12′ 20'',E 128° 0′ 8'',45.2055555555556,128.002222222222
1067,Fendou,Heilongjiang,China,section of populated place,N 46° 38′ 29'',E 124° 51′ 46'',46.6413888888889,124.862777777778
1068,Qiqihar Shi,Heilongjiang,China,second-order administrative division,N 47° 42′ 0'',E 124° 33′ 0'',47.7,124.55
1069,Nehe,Heilongjiang,China,seat of a third-order administrative division,N 48° 28′ 45'',E 124° 52′ 12'',48.4791666666667,124.87
1070,Lianhe,Heilongjiang,China,seat of a third-order administrative division,N 47° 8′ 0'',E 129° 16′ 27'',47.1333333333333,129.274166666667
1071,Mudanjiang Shi,Heilongjiang,China,second-order administrative division,N 44° 36′ 0'',E 129° 53′ 0'',44.6,129.883333333333
1072,Longfeng,Heilongjiang,China,seat of a third-order administrative division,N 46° 31′ 54'',E 125° 6′ 13'',46.5316666666667,125.103611111111
1073,Jixi Shi,Heilongjiang,China,second-order administrative division,N 45° 38′ 0'',E 132° 14′ 0'',45.6333333333333,132.233333333333
1074,Jiamusi Shi,Heilongjiang,China,second-order administrative division,N 47° 7′ 0'',E 131° 54′ 0'',47.1166666666667,131.9
1075,Hulan Ergi,Heilongjiang,China,populated place,N 47° 12′ 15'',E 123° 38′ 0'',47.2041666666667,123.633333333333
1076,Harbin Shi,Heilongjiang,China,second-order administrative division,N 45° 38′ 0'',E 127° 58′ 0'',45.6333333333333,127.966666666667
1077,Didao,Heilongjiang,China,seat of a third-order administrative division,N 45° 20′ 50'',E 130° 50′ 12'',45.3472222222222,130.836666666667
1078,Bei’an,Heilongjiang,China,populated place,N 48° 16′ 0'',E 126° 36′ 0'',48.2666666666667,126.6
1079,Acheng,Heilongjiang,China,seat of a third-order administrative division,N 45° 32′ 44'',E 126° 57′ 6'',45.5455555555556,126.951666666667
1080,Aihui,Heilongjiang,China,seat of a fourth-order administrative division,N 49° 58′ 46'',E 127° 28′ 52'',49.9794444444445,127.481111111111
1081,Zhaozhou,Heilongjiang,China,seat of a third-order administrative division,N 45° 42′ 21'',E 125° 15′ 57'',45.7058333333333,125.265833333333
1082,Suihua Shi,Heilongjiang,China,second-order administrative division,N 46° 54′ 0'',E 126° 36′ 0'',46.9,126.6
1083,Suihua,Heilongjiang,China,seat of a second-order administrative division,N 46° 38′ 53'',E 126° 57′ 59'',46.6480555555556,126.966388888889
1084,Shuangcheng,Heilongjiang,China,seat of a third-order administrative division,N 45° 22′ 47'',E 126° 18′ 25'',45.3797222222222,126.306944444444
1085,Qitaihe,Heilongjiang,China,seat of a second-order administrative division,N 45° 46′ 4'',E 130° 59′ 43'',45.7677777777778,130.995277777778
1086,Longjiang,Heilongjiang,China,seat of a third-order administrative division,N 47° 20′ 9'',E 123° 11′ 45'',47.3358333333333,123.195833333333
1087,Hailun,Heilongjiang,China,seat of a third-order administrative division,N 47° 26′ 47'',E 126° 55′ 29'',47.4463888888889,126.924722222222
1088,Hailin,Heilongjiang,China,seat of a third-order administrative division,N 44° 34′ 17'',E 129° 23′ 7'',44.5713888888889,129.385277777778
1089,Daxing'anling Prefecture,Heilongjiang,China,second-order administrative division,N 52° 32′ 26'',E 124° 16′ 11'',52.5405555555556,124.269722222222
1090,Anda,Heilongjiang,China,seat of a third-order administrative division,N 46° 26′ 55'',E 125° 18′ 5'',46.4486111111111,125.301388888889
1091,Mishan,Heilongjiang,China,populated place,N 45° 33′ 0'',E 131° 53′ 0'',45.55,131.883333333333
1092,Hengshan,Heilongjiang,China,seat of a third-order administrative division,N 45° 12′ 30'',E 130° 53′ 53'',45.2083333333333,130.898055555556
1093,Daqing Shi,Heilongjiang,China,second-order administrative division,N 46° 15′ 0'',E 124° 45′ 0'',46.25,124.75
1094,Zhaoyuan,Heilongjiang,China,seat of a third-order administrative division,N 45° 31′ 10'',E 125° 4′ 34'',45.5194444444444,125.076111111111
1095,Dorbod,Heilongjiang,China,seat of a third-order administrative division,N 46° 51′ 40'',E 124° 26′ 31'',46.8611111111111,124.441944444444
1096,Nenjiang,Heilongjiang,China,seat of a third-order administrative division,N 49° 10′ 26'',E 125° 13′ 10'',49.1738888888889,125.219444444444
1097,Youhao,Heilongjiang,China,seat of a third-order administrative division,N 47° 51′ 11'',E 128° 50′ 8'',47.8530555555556,128.835555555556
1098,Yilan,Heilongjiang,China,seat of a third-order administrative division,N 46° 19′ 20'',E 129° 33′ 38'',46.3222222222222,129.560555555556
1099,Qitaihe Shi,Heilongjiang,China,second-order administrative division,N 45° 52′ 0'',E 130° 54′ 0'',45.8666666666667,130.9
1100,Zhengzhou,Henan,China,seat of a first-order administrative division,N 34° 45′ 28'',E 113° 38′ 55'',34.7577777777778,113.648611111111
1101,Xinyang,Henan,China,populated place,N 32° 7′ 22'',E 114° 3′ 56'',32.1227777777778,114.065555555556
1102,Nanyang,Henan,China,seat of a second-order administrative division,N 32° 59′ 41'',E 112° 31′ 58'',32.9947222222222,112.532777777778
1103,Henan,Henan,China,first-order administrative division,N 34° 0′ 0'',E 113° 40′ 0'',34,113.666666666667
1104,Anyang,Henan,China,seat of a second-order administrative division,N 36° 5′ 45'',E 114° 22′ 58'',36.0958333333333,114.382777777778
1105,Luohe,Henan,China,seat of a second-order administrative division,N 33° 33′ 50'',E 114° 2′ 33'',33.5638888888889,114.0425
1106,Kaifeng,Henan,China,populated place,N 34° 47′ 55'',E 114° 18′ 26'',34.7986111111111,114.307222222222
1107,Shangqiu,Henan,China,populated place,N 34° 27′ 0'',E 115° 39′ 0'',34.45,115.65
1108,Luoyang,Henan,China,seat of a second-order administrative division,N 34° 40′ 24'',E 112° 26′ 12'',34.6733333333333,112.436666666667
1109,Xinxiang,Henan,China,seat of a second-order administrative division,N 35° 11′ 25'',E 113° 48′ 5'',35.1902777777778,113.801388888889
1110,Pingdingshan,Henan,China,populated place,N 33° 44′ 18'',E 113° 18′ 4'',33.7383333333333,113.301111111111
1111,Jiaozuo,Henan,China,seat of a second-order administrative division,N 35° 14′ 21'',E 113° 14′ 20'',35.2391666666667,113.238888888889
1112,Xuchang,Henan,China,seat of a second-order administrative division,N 34° 1′ 54'',E 113° 51′ 46'',34.0316666666667,113.862777777778
1113,Hebi,Henan,China,seat of a second-order administrative division,N 35° 43′ 56'',E 114° 17′ 10'',35.7322222222222,114.286111111111
1114,Sanmenxia,Henan,China,seat of a second-order administrative division,N 34° 46′ 50'',E 111° 11′ 34'',34.7805555555556,111.192777777778
1115,Zhumadian,Henan,China,seat of a second-order administrative division,N 32° 58′ 46'',E 114° 1′ 46'',32.9794444444445,114.029444444444
1116,Zhoukou,Henan,China,seat of a second-order administrative division,N 33° 38′ 0'',E 114° 38′ 0'',33.6333333333333,114.633333333333
1117,Puyang,Henan,China,seat of a second-order administrative division,N 35° 45′ 23'',E 115° 2′ 37'',35.7563888888889,115.043611111111
1118,Hengyang,Henan,China,populated place,N 26° 53′ 22'',E 112° 37′ 8'',26.8894444444444,112.618888888889
1119,Puyang Chengguanzhen,Henan,China,seat of a third-order administrative division,N 35° 42′ 22'',E 115° 1′ 40'',35.7061111111111,115.027777777778
1120,Jiyuan,Henan,China,seat of a second-order administrative division,N 35° 5′ 20'',E 112° 35′ 17'',35.0888888888889,112.588055555556
1121,Nanyang Shi,Henan,China,second-order administrative division,N 33° 9′ 28'',E 112° 16′ 28'',33.1577777777778,112.274444444444
1122,Xinxiang Shi,Henan,China,second-order administrative division,N 35° 14′ 0'',E 114° 9′ 0'',35.2333333333333,114.15
1123,Zhengzhou,Henan,China,second-order administrative division,N 34° 41′ 18'',E 113° 33′ 15'',34.6883333333333,113.554166666667
1124,Yima,Henan,China,populated place,N 34° 44′ 17'',E 111° 53′ 2'',34.7380555555556,111.883888888889
1125,Yigou,Henan,China,populated place,N 35° 48′ 41'',E 114° 19′ 0'',35.8113888888889,114.316666666667
1126,Luoyang Shi,Henan,China,second-order administrative division,N 34° 17′ 0'',E 112° 2′ 0'',34.2833333333333,112.033333333333
1127,Anyang Shi,Henan,China,second-order administrative division,N 35° 55′ 0'',E 114° 26′ 0'',35.9166666666667,114.433333333333
1128,Sanmenxia Shi,Henan,China,second-order administrative division,N 34° 21′ 46'',E 111° 6′ 24'',34.3627777777778,111.106666666667
1129,Puyang Shi,Henan,China,second-order administrative division,N 35° 45′ 0'',E 115° 20′ 0'',35.75,115.333333333333
1130,Anyang Airport,Henan,China,airport,N 36° 8′ 2'',E 114° 20′ 38'',36.1338888888889,114.343888888889
1131,Gongyi,Henan,China,seat of a third-order administrative division,N 34° 45′ 19'',E 113° 0′ 40'',34.7552777777778,113.011111111111
1132,Huaidian,Henan,China,populated place,N 33° 26′ 0'',E 115° 2′ 0'',33.4333333333333,115.033333333333
1133,Zhenping Chengguanzhen,Henan,China,seat of a third-order administrative division,N 33° 1′ 59'',E 112° 13′ 59'',33.0330555555556,112.233055555556
1134,Yingchuan,Henan,China,seat of a third-order administrative division,N 34° 9′ 46'',E 113° 27′ 50'',34.1627777777778,113.463888888889
1135,Yunyang,Henan,China,populated place,N 33° 26′ 50'',E 112° 42′ 51'',33.4472222222222,112.714166666667
1136,Dengzhou,Henan,China,seat of a third-order administrative division,N 32° 40′ 56'',E 112° 4′ 55'',32.6822222222222,112.081944444444
1137,Minggang,Henan,China,populated place,N 32° 27′ 31'',E 114° 2′ 55'',32.4586111111111,114.048611111111
1138,Pingdingshan Shi,Henan,China,second-order administrative division,N 33° 58′ 30'',E 112° 57′ 12'',33.975,112.953333333333
1139,Kaifeng Shi,Henan,China,second-order administrative division,N 34° 36′ 15'',E 114° 29′ 50'',34.6041666666667,114.497222222222
1140,Jishui,Henan,China,populated place,N 33° 44′ 0'',E 115° 24′ 0'',33.7333333333333,115.4
1141,Binhe,Henan,China,seat of a third-order administrative division,N 32° 41′ 18'',E 112° 49′ 39'',32.6883333333333,112.8275
1142,Daokou,Henan,China,seat of a third-order administrative division,N 35° 34′ 8'',E 114° 30′ 57'',35.5688888888889,114.515833333333
1143,Luoyang Beijiao Airport,Henan,China,airport,N 34° 44′ 19'',E 112° 23′ 4'',34.7386111111111,112.384444444444
1144,Jiyuan,Henan,China,second-order administrative division,N 35° 5′ 30'',E 112° 22′ 18'',35.0916666666667,112.371666666667
1145,Xinyang Shi,Henan,China,second-order administrative division,N 32° 4′ 30'',E 114° 51′ 12'',32.075,114.853333333333
1146,Dingcheng,Henan,China,seat of a third-order administrative division,N 32° 7′ 38'',E 115° 2′ 22'',32.1272222222222,115.039444444444
1147,Fangcheng Chengguanzhen,Henan,China,seat of a third-order administrative division,N 33° 15′ 11'',E 113° 0′ 4'',33.2530555555556,113.001111111111
1148,Shangqiu shi,Henan,China,second-order administrative division,N 34° 19′ 35'',E 115° 41′ 50'',34.3263888888889,115.697222222222
1149,Zhumadian Shi,Henan,China,second-order administrative division,N 32° 59′ 39'',E 114° 3′ 42'',32.9941666666667,114.061666666667
1150,Springfield,Illinois,United States,seat of a first-order administrative division,N 39° 48′ 6'',W 89° 38′ 37'',39.8016666666667,-89.6436111111111
1151,Illinois,Illinois,United States,first-order administrative division,N 40° 0′ 1'',W 89° 15′ 1'',40.0002777777778,-89.2502777777778
1152,Chicago metropolitan area,Illinois,United States,region,N 41° 53′ 24'',W 87° 41′ 52'',41.89,-87.6977777777778
1153,Chicago,Illinois,United States,seat of a second-order administrative division,N 41° 51′ 0'',W 87° 39′ 0'',41.85,-87.65
1154,"Chicago-Naperville-Elgin, IL-IN-WI Metro Area",Illinois,United States,economic region,N 41° 49′ 29'',W 87° 49′ 46'',41.8247222222222,-87.8294444444444
1155,Peoria,Illinois,United States,seat of a second-order administrative division,N 40° 41′ 37'',W 89° 35′ 20'',40.6936111111111,-89.5888888888889
1156,Rockford,Illinois,United States,seat of a second-order administrative division,N 42° 16′ 16'',W 89° 5′ 38'',42.2711111111111,-89.0938888888889
1157,Naperville,Illinois,United States,populated place,N 41° 47′ 9'',W 88° 8′ 50'',41.7858333333333,-88.1472222222222
1158,Elgin,Illinois,United States,populated place,N 42° 2′ 14'',W 88° 16′ 52'',42.0372222222222,-88.2811111111111
1159,Evanston,Illinois,United States,populated place,N 42° 2′ 28'',W 87° 41′ 24'',42.0411111111111,-87.69
1160,Champaign,Illinois,United States,populated place,N 40° 6′ 59'',W 88° 14′ 36'',40.1163888888889,-88.2433333333333
1161,Decatur,Illinois,United States,seat of a second-order administrative division,N 39° 50′ 25'',W 88° 57′ 17'',39.8402777777778,-88.9547222222222
1162,Belleville,Illinois,United States,seat of a second-order administrative division,N 38° 31′ 12'',W 89° 59′ 2'',38.52,-89.9838888888889
1163,Schaumburg,Illinois,United States,populated place,N 42° 2′ 0'',W 88° 5′ 0'',42.0333333333333,-88.0833333333333
1164,Palatine,Illinois,United States,populated place,N 42° 6′ 37'',W 88° 2′ 3'',42.1102777777778,-88.0341666666667
1165,Joliet,Illinois,United States,seat of a second-order administrative division,N 41° 31′ 30'',W 88° 5′ 0'',41.525,-88.0833333333333
1166,Bloomington,Illinois,United States,seat of a second-order administrative division,N 40° 29′ 3'',W 88° 59′ 37'',40.4841666666667,-88.9936111111111
1167,Aurora,Illinois,United States,populated place,N 41° 45′ 38'',W 88° 19′ 12'',41.7605555555556,-88.32
1168,Chicago-Naperville-Joliet,Illinois,United States,economic region,N 41° 42′ 28'',W 87° 53′ 26'',41.7077777777778,-87.8905555555556
1169,Waukegan,Illinois,United States,seat of a second-order administrative division,N 42° 21′ 49'',W 87° 50′ 41'',42.3636111111111,-87.8447222222222
1170,Oak Park,Illinois,United States,populated place,N 41° 53′ 6'',W 87° 47′ 4'',41.885,-87.7844444444445
1171,Des Plaines,Illinois,United States,populated place,N 42° 2′ 0'',W 87° 53′ 0'',42.0333333333333,-87.8833333333333
1172,Carol Stream,Illinois,United States,populated place,N 41° 54′ 45'',W 88° 8′ 5'',41.9125,-88.1347222222222
1173,Cicero,Illinois,United States,populated place,N 41° 50′ 44'',W 87° 45′ 14'',41.8455555555556,-87.7538888888889
1174,Arlington Heights,Illinois,United States,populated place,N 42° 5′ 18'',W 87° 58′ 50'',42.0883333333333,-87.9805555555556
1175,East Saint Louis,Illinois,United States,populated place,N 38° 37′ 28'',W 90° 9′ 3'',38.6244444444444,-90.1508333333333
1176,Skokie,Illinois,United States,populated place,N 42° 2′ 0'',W 87° 44′ 0'',42.0333333333333,-87.7333333333333
1177,Quincy,Illinois,United States,seat of a second-order administrative division,N 39° 56′ 8'',W 91° 24′ 35'',39.9355555555556,-91.4097222222222
1178,Carbondale,Illinois,United States,populated place,N 37° 43′ 38'',W 89° 13′ 0'',37.7272222222222,-89.2166666666667
1179,Urbana,Illinois,United States,seat of a second-order administrative division,N 40° 6′ 38'',W 88° 12′ 26'',40.1105555555556,-88.2072222222222
1180,Orland Park,Illinois,United States,populated place,N 41° 37′ 49'',W 87° 51′ 14'',41.6302777777778,-87.8538888888889
1181,Rock Island,Illinois,United States,seat of a second-order administrative division,N 41° 30′ 34'',W 90° 34′ 43'',41.5094444444445,-90.5786111111111
1182,Loves Park,Illinois,United States,populated place,N 42° 19′ 12'',W 89° 3′ 29'',42.32,-89.0580555555556
1183,Melrose Park,Illinois,United States,populated place,N 41° 54′ 2'',W 87° 51′ 24'',41.9005555555556,-87.8566666666667
1184,Moline,Illinois,United States,populated place,N 41° 30′ 24'',W 90° 30′ 54'',41.5066666666667,-90.515
1185,Normal,Illinois,United States,populated place,N 40° 30′ 51'',W 88° 59′ 26'',40.5141666666667,-88.9905555555556
1186,Oak Lawn,Illinois,United States,populated place,N 41° 42′ 39'',W 87° 45′ 29'',41.7108333333333,-87.7580555555556
1187,Crystal Lake,Illinois,United States,populated place,N 42° 14′ 28'',W 88° 18′ 58'',42.2411111111111,-88.3161111111111
1188,Bolingbrook,Illinois,United States,populated place,N 41° 41′ 55'',W 88° 4′ 6'',41.6986111111111,-88.0683333333333
1189,Southern Illinois,Illinois,United States,region,N 38° 24′ 19'',W 89° 0′ 10'',38.4052777777778,-89.0027777777778
1190,Northern Illinois,Illinois,United States,region,N 42° 7′ 12'',W 89° 3′ 8'',42.12,-89.0522222222222
1191,Chicago Heights,Illinois,United States,populated place,N 41° 30′ 22'',W 87° 38′ 8'',41.5061111111111,-87.6355555555556
1192,Russellville,Illinois,United States,seat of a second-order administrative division,N 35° 16′ 42'',W 93° 8′ 1'',35.2783333333333,-93.1336111111111
1193,Tinley Park,Illinois,United States,populated place,N 41° 34′ 24'',W 87° 47′ 4'',41.5733333333333,-87.7844444444445
1194,Pekin,Illinois,United States,seat of a second-order administrative division,N 40° 34′ 3'',W 89° 38′ 26'',40.5675,-89.6405555555556
1195,McHenry,Illinois,United States,populated place,N 42° 20′ 0'',W 88° 16′ 0'',42.3333333333333,-88.2666666666667
1196,North Chicago,Illinois,United States,populated place,N 42° 19′ 32'',W 87° 50′ 28'',42.3255555555556,-87.8411111111111
1197,Northbrook,Illinois,United States,populated place,N 42° 7′ 39'',W 87° 49′ 44'',42.1275,-87.8288888888889
1198,University of Illinois Willard Airport,Illinois,United States,airport,N 40° 2′ 22'',W 88° 16′ 39'',40.0394444444444,-88.2775
1199,Southern Illinois Airport,Illinois,United States,airport,N 37° 46′ 37'',W 89° 15′ 6'',37.7769444444444,-89.2516666666667
1200,Indianapolis,Indiana,United States,seat of a first-order administrative division,N 39° 46′ 6'',W 86° 9′ 28'',39.7683333333333,-86.1577777777778
1201,"Indianapolis-Carmel-Anderson, IN",Indiana,United States,economic region,N 39° 44′ 50'',W 86° 12′ 22'',39.7472222222222,-86.2061111111111
1202,"Louisville/Jefferson County, KY-IN Metro Area",Indiana,United States,economic region,N 38° 18′ 11'',W 85° 40′ 56'',38.3030555555556,-85.6822222222222
1203,Evansville,Indiana,United States,seat of a second-order administrative division,N 37° 58′ 29'',W 87° 33′ 21'',37.9747222222222,-87.5558333333333
1204,South Bend,Indiana,United States,seat of a second-order administrative division,N 41° 41′ 0'',W 86° 15′ 0'',41.6833333333333,-86.25
1205,Fort Wayne,Indiana,United States,seat of a second-order administrative division,N 41° 7′ 50'',W 85° 7′ 43'',41.1305555555556,-85.1286111111111
1206,Gary,Indiana,United States,populated place,N 41° 35′ 36'',W 87° 20′ 47'',41.5933333333333,-87.3463888888889
1207,Hammond,Indiana,United States,populated place,N 41° 35′ 0'',W 87° 30′ 0'',41.5833333333333,-87.5
1208,Bloomington,Indiana,United States,seat of a second-order administrative division,N 39° 9′ 55'',W 86° 31′ 35'',39.1652777777778,-86.5263888888889
1209,Carmel,Indiana,United States,populated place,N 39° 58′ 42'',W 86° 7′ 4'',39.9783333333333,-86.1177777777778
1210,Terre Haute,Indiana,United States,seat of a second-order administrative division,N 39° 28′ 0'',W 87° 24′ 50'',39.4666666666667,-87.4138888888889
1211,Muncie,Indiana,United States,seat of a second-order administrative division,N 40° 11′ 36'',W 85° 23′ 10'',40.1933333333333,-85.3861111111111
1212,Lafayette,Indiana,United States,seat of a second-order administrative division,N 40° 25′ 0'',W 86° 52′ 31'',40.4166666666667,-86.8752777777778
1213,Anderson,Indiana,United States,seat of a second-order administrative division,N 40° 6′ 19'',W 85° 40′ 48'',40.1052777777778,-85.68
1214,Indiana,Indiana,United States,first-order administrative division,N 40° 0′ 1'',W 86° 15′ 1'',40.0002777777778,-86.2502777777778
1215,Jeffersonville,Indiana,United States,seat of a second-order administrative division,N 38° 16′ 39'',W 85° 44′ 13'',38.2775,-85.7369444444445
1216,Kokomo,Indiana,United States,seat of a second-order administrative division,N 40° 29′ 11'',W 86° 8′ 1'',40.4863888888889,-86.1336111111111
1217,Elkhart,Indiana,United States,populated place,N 41° 40′ 55'',W 85° 58′ 36'',41.6819444444444,-85.9766666666667
1218,Mishawaka,Indiana,United States,populated place,N 41° 39′ 43'',W 86° 9′ 31'',41.6619444444444,-86.1586111111111
1219,Columbus,Indiana,United States,seat of a second-order administrative division,N 39° 12′ 5'',W 85° 55′ 17'',39.2013888888889,-85.9213888888889
1220,Fishers,Indiana,United States,populated place,N 39° 57′ 20'',W 86° 0′ 49'',39.9555555555556,-86.0136111111111
1221,Greenwood,Indiana,United States,populated place,N 39° 36′ 49'',W 86° 6′ 23'',39.6136111111111,-86.1063888888889
1222,Valparaiso,Indiana,United States,seat of a second-order administrative division,N 41° 28′ 23'',W 87° 3′ 40'',41.4730555555556,-87.0611111111111
1223,West Lafayette,Indiana,United States,populated place,N 40° 25′ 33'',W 86° 54′ 29'',40.4258333333333,-86.9080555555556
1224,Goshen,Indiana,United States,seat of a second-order administrative division,N 41° 34′ 56'',W 85° 50′ 4'',41.5822222222222,-85.8344444444444
1225,Richmond,Indiana,United States,seat of a second-order administrative division,N 39° 49′ 44'',W 84° 53′ 24'',39.8288888888889,-84.89
1226,Crown Point,Indiana,United States,seat of a second-order administrative division,N 41° 25′ 1'',W 87° 21′ 55'',41.4169444444444,-87.3652777777778
1227,Michigan City,Indiana,United States,populated place,N 41° 42′ 27'',W 86° 53′ 42'',41.7075,-86.895
1228,Indiana,Indiana,United States,seat of a second-order administrative division,N 40° 37′ 17'',W 79° 9′ 9'',40.6213888888889,-79.1525
1229,Granger,Indiana,United States,populated place,N 41° 45′ 12'',W 86° 6′ 39'',41.7533333333333,-86.1108333333333
1230,Plainfield,Indiana,United States,populated place,N 39° 42′ 15'',W 86° 23′ 58'',39.7041666666667,-86.3994444444445
1231,Indiana County/Jimmy Stewart Field,Indiana,United States,airport,N 40° 38′ 0'',W 79° 6′ 14'',40.6333333333333,-79.1038888888889
1232,Indianapolis International Airport,Indiana,United States,airport,N 39° 42′ 54'',W 86° 17′ 51'',39.715,-86.2975
1233,Jasper,Indiana,United States,seat of a second-order administrative division,N 38° 23′ 29'',W 86° 55′ 52'',38.3913888888889,-86.9311111111111
1234,Noblesville,Indiana,United States,seat of a second-order administrative division,N 40° 2′ 44'',W 86° 0′ 30'',40.0455555555556,-86.0083333333333
1235,Hobart,Indiana,United States,populated place,N 41° 31′ 56'',W 87° 15′ 18'',41.5322222222222,-87.255
1236,Marion,Indiana,United States,seat of a second-order administrative division,N 40° 33′ 30'',W 85° 39′ 32'',40.5583333333333,-85.6588888888889
1237,Merrillville,Indiana,United States,populated place,N 41° 28′ 58'',W 87° 19′ 58'',41.4827777777778,-87.3327777777778
1238,Warsaw,Indiana,United States,seat of a second-order administrative division,N 41° 14′ 17'',W 85° 51′ 11'',41.2380555555556,-85.8530555555556
1239,Westfield,Indiana,United States,populated place,N 40° 2′ 34'',W 86° 7′ 38'',40.0427777777778,-86.1272222222222
1240,Pasadena,Indiana,United States,populated place,N 34° 8′ 52'',W 118° 8′ 40'',34.1477777777778,-118.144444444444
1241,Indiana,Indiana,United States,second-order administrative division,N 40° 39′ 7'',W 79° 5′ 15'',40.6519444444444,-79.0875
1242,Avon,Indiana,United States,populated place,N 39° 45′ 46'',W 86° 23′ 59'',39.7627777777778,-86.3997222222222
1243,New Albany,Indiana,United States,seat of a second-order administrative division,N 38° 17′ 8'',W 85° 49′ 26'',38.2855555555556,-85.8238888888889
1244,Newburgh,Indiana,United States,populated place,N 37° 56′ 40'',W 87° 24′ 19'',37.9444444444444,-87.4052777777778
1245,Seymour,Indiana,United States,populated place,N 38° 57′ 33'',W 85° 53′ 24'',38.9591666666667,-85.89
1246,Vincennes,Indiana,United States,seat of a second-order administrative division,N 38° 40′ 38'',W 87° 31′ 43'',38.6772222222222,-87.5286111111111
1247,Clarksville,Indiana,United States,populated place,N 38° 17′ 48'',W 85° 45′ 35'',38.2966666666667,-85.7597222222222
1248,French Lick Municipal Airport,Indiana,United States,airport,N 38° 30′ 12'',W 86° 38′ 23'',38.5033333333333,-86.6397222222222
1249,Zionsville,Indiana,United States,populated place,N 39° 57′ 3'',W 86° 15′ 43'',39.9508333333333,-86.2619444444444
1250,Inner Mongolia,Inner Mongolia,China,first-order administrative division,N 43° 30′ 0'',E 114° 45′ 0'',43.5,114.75
1251,Hohhot,Inner Mongolia,China,seat of a first-order administrative division,N 40° 48′ 38'',E 111° 39′ 8'',40.8105555555556,111.652222222222
1252,Baotou,Inner Mongolia,China,populated place,N 40° 39′ 5'',E 109° 50′ 38'',40.6513888888889,109.843888888889
1253,Alxa Meng,Inner Mongolia,China,second-order administrative division,N 40° 28′ 51'',E 102° 50′ 44'',40.4808333333333,102.845555555556
1254,Ordos,Inner Mongolia,China,populated place,N 39° 36′ 30'',E 109° 46′ 53'',39.6083333333333,109.781388888889
1255,Bayan Nur,Inner Mongolia,China,populated place,N 40° 44′ 29'',E 107° 23′ 9'',40.7413888888889,107.385833333333
1256,Xilingol League,Inner Mongolia,China,second-order administrative division,N 44° 51′ 17'',E 115° 43′ 40'',44.8547222222222,115.727777777778
1257,Hulunbuir,Inner Mongolia,China,second-order administrative division,N 49° 42′ 35'',E 121° 43′ 18'',49.7097222222222,121.721666666667
1258,Chifeng Shi,Inner Mongolia,China,second-order administrative division,N 43° 36′ 42'',E 119° 6′ 56'',43.6116666666667,119.115555555556
1259,Zhalantun,Inner Mongolia,China,seat of a third-order administrative division,N 48° 0′ 34'',E 122° 44′ 11'',48.0094444444445,122.736388888889
1260,Xilin Hot,Inner Mongolia,China,populated place,N 43° 58′ 0'',E 116° 2′ 0'',43.9666666666667,116.033333333333
1261,Ulanhot,Inner Mongolia,China,populated place,N 46° 5′ 0'',E 122° 5′ 0'',46.0833333333333,122.083333333333
1262,Tongliao,Inner Mongolia,China,seat of a second-order administrative division,N 43° 36′ 45'',E 122° 15′ 55'',43.6125,122.265277777778
1263,Jining,Inner Mongolia,China,populated place,N 41° 1′ 39'',E 113° 6′ 21'',41.0275,113.105833333333
1264,Jiagedaqi,Inner Mongolia,China,populated place,N 50° 25′ 0'',E 124° 7′ 0'',50.4166666666667,124.116666666667
1265,Chifeng,Inner Mongolia,China,seat of a second-order administrative division,N 42° 16′ 6'',E 118° 57′ 49'',42.2683333333333,118.963611111111
1266,Wuhai,Inner Mongolia,China,seat of a second-order administrative division,N 39° 41′ 3'',E 106° 48′ 57'',39.6841666666667,106.815833333333
1267,Ulanqab,Inner Mongolia,China,seat of a second-order administrative division,N 40° 59′ 34'',E 113° 7′ 58'',40.9927777777778,113.132777777778
1268,Wulanchabu Shi,Inner Mongolia,China,second-order administrative division,N 41° 44′ 1'',E 112° 5′ 28'',41.7336111111111,112.091111111111
1269,Salaqi,Inner Mongolia,China,seat of a third-order administrative division,N 40° 32′ 29'',E 110° 30′ 39'',40.5413888888889,110.510833333333
1270,Manzhouli,Inner Mongolia,China,populated place,N 49° 36′ 0'',E 117° 26′ 0'',49.6,117.433333333333
1271,Tongliao Shi,Inner Mongolia,China,second-order administrative division,N 43° 34′ 55'',E 121° 56′ 7'',43.5819444444444,121.935277777778
1272,Hinggan Meng,Inner Mongolia,China,second-order administrative division,N 46° 38′ 54'',E 121° 14′ 30'',46.6483333333333,121.241666666667
1273,Hailar,Inner Mongolia,China,seat of a third-order administrative division,N 49° 12′ 0'',E 119° 42′ 0'',49.2,119.7
1274,Bayannur Shi,Inner Mongolia,China,second-order administrative division,N 41° 34′ 10'',E 107° 29′ 41'',41.5694444444445,107.494722222222
1275,Baotou Shi,Inner Mongolia,China,second-order administrative division,N 41° 39′ 19'',E 110° 14′ 7'',41.6552777777778,110.235277777778
1276,Wuda,Inner Mongolia,China,populated place,N 39° 29′ 58'',E 106° 42′ 42'',39.4994444444444,106.711666666667
1277,Xilinhot,Inner Mongolia,China,seat of a second-order administrative division,N 43° 56′ 20'',E 116° 4′ 12'',43.9388888888889,116.07
1278,Yakeshi,Inner Mongolia,China,seat of a third-order administrative division,N 49° 17′ 0'',E 120° 44′ 0'',49.2833333333333,120.733333333333
1279,Jalai Nur,Inner Mongolia,China,seat of a fourth-order administrative division,N 49° 27′ 0'',E 117° 42′ 0'',49.45,117.7
1280,Ordos Shi,Inner Mongolia,China,second-order administrative division,N 39° 27′ 41'',E 108° 48′ 34'',39.4613888888889,108.809444444444
1281,Dongsheng,Inner Mongolia,China,populated place,N 39° 48′ 57'',E 109° 58′ 39'',39.8158333333333,109.9775
1282,Bayanhot,Inner Mongolia,China,seat of a third-order administrative division,N 38° 50′ 19'',E 105° 40′ 7'',38.8386111111111,105.668611111111
1283,Baotou Donghe Airport,Inner Mongolia,China,airport,N 40° 33′ 36'',E 109° 59′ 49'',40.56,109.996944444444
1284,Shiguai,Inner Mongolia,China,seat of a third-order administrative division,N 40° 42′ 21'',E 110° 17′ 8'',40.7058333333333,110.285555555556
1285,Hulun Lake,Inner Mongolia,China,lake,N 49° 0′ 0'',E 117° 27′ 0'',49,117.45
1286,Hohhot Shi,Inner Mongolia,China,second-order administrative division,N 40° 38′ 58'',E 111° 41′ 19'',40.6494444444444,111.688611111111
1287,Chifeng Yulong Airport,Inner Mongolia,China,airport,N 42° 14′ 0'',E 118° 54′ 34'',42.2333333333333,118.909444444444
1288,Fengzhen,Inner Mongolia,China,seat of a third-order administrative division,N 40° 26′ 22'',E 113° 9′ 13'',40.4394444444444,113.153611111111
1289,Dalai Nur,Inner Mongolia,China,lake,N 43° 18′ 0'',E 116° 37′ 0'',43.3,116.616666666667
1290,Ulanhot Airport,Inner Mongolia,China,airport,N 46° 4′ 58'',E 122° 1′ 1'',46.0827777777778,122.016944444444
1291,Yiershi Airport,Inner Mongolia,China,airport,N 47° 18′ 36'',E 119° 54′ 39'',47.31,119.910833333333
1292,Bayannur Airport,Inner Mongolia,China,airport,N 40° 55′ 35'',E 107° 44′ 20'',40.9263888888889,107.738888888889
1293,Erenhot Saiwusu International Airport,Inner Mongolia,China,airport,N 43° 25′ 23'',E 112° 5′ 27'',43.4230555555556,112.090833333333
1294,Manzhouli Airport,Inner Mongolia,China,airport,N 49° 34′ 9'',E 117° 19′ 45'',49.5691666666667,117.329166666667
1295,Wuhai Airport,Inner Mongolia,China,airport,N 39° 47′ 30'',E 106° 48′ 6'',39.7916666666667,106.801666666667
1296,Taolai Airport,Inner Mongolia,China,airport,N 42° 0′ 53'',E 101° 0′ 7'',42.0147222222222,101.001944444444
1297,Jiagedaqi Airport,Inner Mongolia,China,airport,N 50° 22′ 41'',E 124° 6′ 53'',50.3780555555556,124.114722222222
1298,Hohhot Baita International Airport,Inner Mongolia,China,airport,N 40° 51′ 5'',E 111° 49′ 26'',40.8513888888889,111.823888888889
1299,Qagan Nur,Inner Mongolia,China,lake,N 43° 23′ 48'',E 114° 52′ 18'',43.3966666666667,114.871666666667
1300,Iowa,Iowa,United States,first-order administrative division,N 42° 0′ 0'',W 93° 30′ 1'',42,-93.5002777777778
1301,Des Moines,Iowa,United States,seat of a first-order administrative division,N 41° 36′ 1'',W 93° 36′ 32'',41.6002777777778,-93.6088888888889
1302,Iowa City,Iowa,United States,seat of a second-order administrative division,N 41° 39′ 40'',W 91° 31′ 48'',41.6611111111111,-91.53
1303,Cedar Rapids,Iowa,United States,seat of a second-order administrative division,N 42° 0′ 30'',W 91° 38′ 38'',42.0083333333333,-91.6438888888889
1304,Davenport,Iowa,United States,seat of a second-order administrative division,N 41° 31′ 25'',W 90° 34′ 39'',41.5236111111111,-90.5775
1305,Sioux City,Iowa,United States,seat of a second-order administrative division,N 42° 30′ 0'',W 96° 24′ 1'',42.5,-96.4002777777778
1306,Ames,Iowa,United States,populated place,N 42° 2′ 4'',W 93° 37′ 11'',42.0344444444444,-93.6197222222222
1307,Waterloo,Iowa,United States,seat of a second-order administrative division,N 42° 29′ 33'',W 92° 20′ 34'',42.4925,-92.3427777777778
1308,Dubuque,Iowa,United States,seat of a second-order administrative division,N 42° 30′ 2'',W 90° 39′ 52'',42.5005555555556,-90.6644444444445
1309,Council Bluffs,Iowa,United States,seat of a second-order administrative division,N 41° 15′ 43'',W 95° 51′ 39'',41.2619444444444,-95.8608333333333
1310,Clinton,Iowa,United States,seat of a second-order administrative division,N 41° 50′ 40'',W 90° 11′ 19'',41.8444444444445,-90.1886111111111
1311,Iowa,Iowa,United States,second-order administrative division,N 41° 41′ 10'',W 92° 3′ 55'',41.6861111111111,-92.0652777777778
1312,Iowa,Iowa,United States,second-order administrative division,N 43° 0′ 1'',W 90° 8′ 7'',43.0002777777778,-90.1352777777778
1313,West Des Moines,Iowa,United States,populated place,N 41° 34′ 37'',W 93° 42′ 40'',41.5769444444445,-93.7111111111111
1314,Cedar Falls,Iowa,United States,populated place,N 42° 31′ 39'',W 92° 26′ 43'',42.5275,-92.4452777777778
1315,Urbandale,Iowa,United States,populated place,N 41° 37′ 35'',W 93° 42′ 43'',41.6263888888889,-93.7119444444444
1316,Boone,Iowa,United States,seat of a second-order administrative division,N 42° 3′ 34'',W 93° 52′ 48'',42.0594444444444,-93.88
1317,Marshalltown,Iowa,United States,seat of a second-order administrative division,N 42° 2′ 57'',W 92° 54′ 28'',42.0491666666667,-92.9077777777778
1318,Mason City,Iowa,United States,seat of a second-order administrative division,N 43° 9′ 12'',W 93° 12′ 3'',43.1533333333333,-93.2008333333333
1319,Burlington,Iowa,United States,seat of a second-order administrative division,N 40° 48′ 27'',W 91° 6′ 46'',40.8075,-91.1127777777778
1320,Ankeny,Iowa,United States,populated place,N 41° 43′ 46'',W 93° 36′ 20'',41.7294444444445,-93.6055555555556
1321,Bettendorf,Iowa,United States,populated place,N 41° 31′ 28'',W 90° 30′ 56'',41.5244444444444,-90.5155555555556
1322,"Des Moines-West Des Moines, IA",Iowa,United States,economic region,N 41° 34′ 32'',W 93° 45′ 42'',41.5755555555556,-93.7616666666667
1323,"Sioux City, IA-NE-SD",Iowa,United States,economic region,N 42° 30′ 46'',W 96° 26′ 15'',42.5127777777778,-96.4375
1324,Iowa City Municipal Airport,Iowa,United States,airport,N 41° 38′ 22'',W 91° 32′ 32'',41.6394444444444,-91.5422222222222
1325,"Iowa City, IA Metro Area",Iowa,United States,economic region,N 41° 30′ 40'',W 91° 38′ 59'',41.5111111111111,-91.6497222222222
1326,Marengo,Iowa,United States,seat of a second-order administrative division,N 41° 47′ 53'',W 92° 4′ 14'',41.7980555555556,-92.0705555555556
1327,Williamsburg,Iowa,United States,populated place,N 41° 39′ 40'',W 92° 0′ 32'',41.6611111111111,-92.0088888888889
1328,Amana,Iowa,United States,populated place,N 41° 48′ 0'',W 91° 52′ 14'',41.8,-91.8705555555556
1329,Tower Hill State Park,Iowa,United States,park,N 43° 8′ 48'',W 90° 2′ 51'',43.1466666666667,-90.0475
1330,Governor Dodge State Park,Iowa,United States,park,N 43° 0′ 52'',W 90° 6′ 36'',43.0144444444444,-90.11
1331,Dodgeville,Iowa,United States,seat of a second-order administrative division,N 42° 57′ 37'',W 90° 7′ 48'',42.9602777777778,-90.13
1332,Barneveld,Iowa,United States,populated place,N 43° 0′ 56'',W 89° 53′ 43'',43.0155555555556,-89.8952777777778
1333,Iowa County Airport,Iowa,United States,airport,N 42° 53′ 16'',W 90° 13′ 40'',42.8877777777778,-90.2277777777778
1334,The Eastern Iowa Airport,Iowa,United States,airport,N 41° 53′ 4'',W 91° 42′ 38'',41.8844444444444,-91.7105555555556
1335,Parnell,Iowa,United States,populated place,N 41° 34′ 59'',W 92° 0′ 14'',41.5830555555556,-92.0038888888889
1336,Millersburg,Iowa,United States,populated place,N 41° 34′ 24'',W 92° 9′ 35'',41.5733333333333,-92.1597222222222
1337,Shenandoah,Iowa,United States,populated place,N 40° 45′ 56'',W 95° 22′ 19'',40.7655555555556,-95.3719444444444
1338,Waukee,Iowa,United States,populated place,N 41° 36′ 41'',W 93° 53′ 6'',41.6113888888889,-93.885
1339,Marion,Iowa,United States,populated place,N 42° 2′ 3'',W 91° 35′ 51'',42.0341666666667,-91.5975
1340,Fort Madison,Iowa,United States,populated place,N 40° 37′ 47'',W 91° 18′ 54'',40.6297222222222,-91.315
1341,Davenport Municipal Airport,Iowa,United States,airport,N 41° 36′ 41'',W 90° 35′ 20'',41.6113888888889,-90.5888888888889
1342,De Witt,Iowa,United States,populated place,N 41° 49′ 24'',W 90° 32′ 17'',41.8233333333333,-90.5380555555556
1343,Iowa Park,Iowa,United States,populated place,N 33° 57′ 5'',W 98° 40′ 7'',33.9513888888889,-98.6686111111111
1344,North English,Iowa,United States,populated place,N 41° 30′ 50'',W 92° 4′ 34'',41.5138888888889,-92.0761111111111
1345,Mineral Point,Iowa,United States,populated place,N 42° 51′ 36'',W 90° 10′ 47'',42.86,-90.1797222222222
1346,Homestead,Iowa,United States,populated place,N 41° 45′ 34'',W 91° 52′ 1'',41.7594444444445,-91.8669444444444
1347,South Amana,Iowa,United States,populated place,N 41° 46′ 34'',W 91° 58′ 2'',41.7761111111111,-91.9672222222222
1348,Ladora,Iowa,United States,populated place,N 41° 45′ 17'',W 92° 11′ 0'',41.7547222222222,-92.1833333333333
1349,Middle Amana,Iowa,United States,populated place,N 41° 47′ 44'',W 91° 53′ 58'',41.7955555555556,-91.8994444444445
1350,Encarnación,Itapúa,Paraguay,seat of a first-order administrative division,S 27° 19′ 54'',W 55° 51′ 59'',-27.3316666666667,-55.8663888888889
1351,Itapúa,Itapúa,Paraguay,first-order administrative division,S 26° 50′ 0'',W 55° 40′ 0'',-26.8333333333333,-55.6666666666667
1352,Encarnacion Airport,Itapúa,Paraguay,airport,S 27° 13′ 37'',W 55° 50′ 13'',-27.2269444444444,-55.8369444444445
1353,Itapua Poty,Itapúa,Paraguay,second-order administrative division,S 26° 33′ 40'',W 55° 32′ 42'',-26.5611111111111,-55.545
1354,San Cosme y Damian,Itapúa,Paraguay,second-order administrative division,S 27° 21′ 17'',W 56° 30′ 15'',-27.3547222222222,-56.5041666666667
1355,Jesus,Itapúa,Paraguay,second-order administrative division,S 27° 3′ 13'',W 55° 46′ 27'',-27.0536111111111,-55.7741666666667
1356,Obligado,Itapúa,Paraguay,second-order administrative division,S 26° 55′ 18'',W 55° 42′ 30'',-26.9216666666667,-55.7083333333333
1357,San Pedro Del Parana,Itapúa,Paraguay,second-order administrative division,S 26° 43′ 48'',W 56° 0′ 30'',-26.73,-56.0083333333333
1358,Coronel Bogado,Itapúa,Paraguay,second-order administrative division,S 27° 11′ 10'',W 56° 16′ 46'',-27.1861111111111,-56.2794444444444
1359,Alto Vera,Itapúa,Paraguay,second-order administrative division,S 26° 35′ 17'',W 55° 44′ 31'',-26.5880555555556,-55.7419444444444
1360,Encarnacion,Itapúa,Paraguay,second-order administrative division,S 27° 15′ 44'',W 55° 53′ 42'',-27.2622222222222,-55.895
1361,Leandro Oviedo,Itapúa,Paraguay,second-order administrative division,S 26° 44′ 51'',W 56° 13′ 44'',-26.7475,-56.2288888888889
1362,Cambyreta,Itapúa,Paraguay,second-order administrative division,S 27° 21′ 23'',W 55° 45′ 48'',-27.3563888888889,-55.7633333333333
1363,Tomas Romero Pereira,Itapúa,Paraguay,second-order administrative division,S 26° 28′ 24'',W 55° 16′ 56'',-26.4733333333333,-55.2822222222222
1364,Fram,Itapúa,Paraguay,second-order administrative division,S 27° 4′ 26'',W 56° 0′ 42'',-27.0738888888889,-56.0116666666667
1365,Capitan Meza,Itapúa,Paraguay,second-order administrative division,S 26° 49′ 43'',W 55° 17′ 27'',-26.8286111111111,-55.2908333333333
1366,General Artigas,Itapúa,Paraguay,second-order administrative division,S 26° 54′ 18'',W 56° 22′ 33'',-26.905,-56.3758333333333
1367,Edelira,Itapúa,Paraguay,second-order administrative division,S 26° 34′ 50'',W 55° 22′ 55'',-26.5805555555556,-55.3819444444444
1368,Bella Vista,Itapúa,Paraguay,second-order administrative division,S 26° 59′ 43'',W 55° 32′ 42'',-26.9952777777778,-55.545
1369,Trinidad,Itapúa,Paraguay,second-order administrative division,S 27° 8′ 3'',W 55° 43′ 51'',-27.1341666666667,-55.7308333333333
1370,Carmen Del Parana,Itapúa,Paraguay,second-order administrative division,S 27° 12′ 30'',W 56° 5′ 53'',-27.2083333333333,-56.0980555555556
1371,San Rafael Del Parana,Itapúa,Paraguay,second-order administrative division,S 26° 26′ 22'',W 55° 6′ 2'',-26.4394444444444,-55.1005555555556
1372,Mayor Otaño,Itapúa,Paraguay,second-order administrative division,S 26° 16′ 42'',W 54° 46′ 7'',-26.2783333333333,-54.7686111111111
1373,Nueva Alborada,Itapúa,Paraguay,second-order administrative division,S 27° 15′ 48'',W 55° 39′ 11'',-27.2633333333333,-55.6530555555556
1374,Yatytay,Itapúa,Paraguay,second-order administrative division,S 26° 40′ 18'',W 55° 3′ 6'',-26.6716666666667,-55.0516666666667
1375,Capitan Miranda,Itapúa,Paraguay,second-order administrative division,S 27° 11′ 22'',W 55° 48′ 42'',-27.1894444444444,-55.8116666666667
1376,Carlos Antonio Lopez,Itapúa,Paraguay,second-order administrative division,S 26° 21′ 26'',W 54° 55′ 32'',-26.3572222222222,-54.9255555555556
1377,Natalio,Itapúa,Paraguay,second-order administrative division,S 26° 44′ 3'',W 55° 8′ 21'',-26.7341666666667,-55.1391666666667
1378,Pirapo,Itapúa,Paraguay,second-order administrative division,S 26° 50′ 0'',W 55° 30′ 53'',-26.8333333333333,-55.5147222222222
1379,La Paz,Itapúa,Paraguay,second-order administrative division,S 26° 58′ 40'',W 55° 53′ 50'',-26.9777777777778,-55.8972222222222
1380,General Delgado,Itapúa,Paraguay,second-order administrative division,S 27° 3′ 34'',W 56° 33′ 7'',-27.0594444444444,-56.5519444444444
1381,San Juan del Parana,Itapúa,Paraguay,second-order administrative division,S 27° 18′ 28'',W 55° 58′ 15'',-27.3077777777778,-55.9708333333333
1382,Hohenau,Itapúa,Paraguay,second-order administrative division,S 27° 5′ 12'',W 55° 38′ 39'',-27.0866666666667,-55.6441666666667
1383,Trinidad,Itapúa,Paraguay,populated place,S 27° 7′ 51'',W 55° 42′ 21'',-27.1308333333333,-55.7058333333333
1384,San Pedro del Paraná,Itapúa,Paraguay,populated place,S 26° 50′ 1'',W 56° 12′ 25'',-26.8336111111111,-56.2069444444444
1385,San Juan del Paraná,Itapúa,Paraguay,populated place,S 27° 18′ 9'',W 55° 57′ 49'',-27.3025,-55.9636111111111
1386,San Cosme y Damián,Itapúa,Paraguay,populated place,S 27° 19′ 9'',W 56° 19′ 56'',-27.3191666666667,-56.3322222222222
1387,Obligado,Itapúa,Paraguay,populated place,S 27° 3′ 19'',W 55° 37′ 38'',-27.0552777777778,-55.6272222222222
1388,Natalio,Itapúa,Paraguay,populated place,S 26° 45′ 25'',W 55° 8′ 16'',-26.7569444444444,-55.1377777777778
1389,General José María Delgado,Itapúa,Paraguay,populated place,S 27° 5′ 25'',W 56° 31′ 29'',-27.0902777777778,-56.5247222222222
1390,General Artigas,Itapúa,Paraguay,populated place,S 26° 56′ 4'',W 56° 13′ 19'',-26.9344444444444,-56.2219444444444
1391,Fram,Itapúa,Paraguay,populated place,S 26° 59′ 0'',W 55° 53′ 0'',-26.9833333333333,-55.8833333333333
1392,Edelira,Itapúa,Paraguay,populated place,S 26° 46′ 2'',W 55° 16′ 43'',-26.7672222222222,-55.2786111111111
1393,Carmen del Paraná,Itapúa,Paraguay,populated place,S 27° 13′ 20'',W 56° 9′ 8'',-27.2222222222222,-56.1522222222222
1394,Capitán Miranda,Itapúa,Paraguay,populated place,S 27° 13′ 10'',W 55° 47′ 54'',-27.2194444444444,-55.7983333333333
1395,Tomás Romero Pereira,Itapúa,Paraguay,populated place,S 26° 31′ 52'',W 55° 15′ 37'',-26.5311111111111,-55.2602777777778
1396,Itapúa Poty,Itapúa,Paraguay,populated place,S 26° 37′ 48'',W 55° 31′ 13'',-26.63,-55.5202777777778
1397,Alto Verá,Itapúa,Paraguay,populated place,S 26° 45′ 10'',W 55° 46′ 5'',-26.7527777777778,-55.7680555555556
1398,Yatytay,Itapúa,Paraguay,populated place,S 26° 40′ 34'',W 55° 5′ 5'',-26.6761111111111,-55.0847222222222
1399,Isla Yacy Retá,Itapúa,Paraguay,island,S 27° 26′ 0'',W 56° 46′ 4'',-27.4333333333333,-56.7677777777778
1400,Guadalajara,Jalisco,Mexico,seat of a first-order administrative division,N 20° 40′ 38'',W 103° 20′ 51'',20.6772222222222,-103.3475
1401,Jalisco,Jalisco,Mexico,first-order administrative division,N 20° 20′ 0'',W 103° 40′ 0'',20.3333333333333,-103.666666666667
1402,Zapopan,Jalisco,Mexico,seat of a second-order administrative division,N 20° 43′ 16'',W 103° 23′ 14'',20.7211111111111,-103.387222222222
1403,Puerto Vallarta,Jalisco,Mexico,populated place,N 20° 37′ 1'',W 105° 13′ 48'',20.6169444444444,-105.23
1404,Tlaquepaque,Jalisco,Mexico,seat of a second-order administrative division,N 20° 38′ 28'',W 103° 17′ 36'',20.6411111111111,-103.293333333333
1405,Tonalá,Jalisco,Mexico,seat of a second-order administrative division,N 20° 37′ 21'',W 103° 14′ 30'',20.6225,-103.241666666667
1406,Ciudad Guzmán,Jalisco,Mexico,seat of a second-order administrative division,N 19° 42′ 14'',W 103° 27′ 49'',19.7038888888889,-103.463611111111
1407,Lagos de Moreno,Jalisco,Mexico,seat of a second-order administrative division,N 21° 21′ 31'',W 101° 55′ 59'',21.3586111111111,-101.933055555556
1408,Hacienda Santa Fe,Jalisco,Mexico,populated place,N 20° 31′ 5'',W 103° 22′ 50'',20.5180555555556,-103.380555555556
1409,Miguel Hidalgo y Costilla Guadalajara International Airport,Jalisco,Mexico,airport,N 20° 31′ 18'',W 103° 18′ 40'',20.5216666666667,-103.311111111111
1410,Colima,Jalisco,Mexico,mountain,N 19° 30′ 44'',W 103° 37′ 0'',19.5122222222222,-103.616666666667
1411,Tequila,Jalisco,Mexico,seat of a second-order administrative division,N 20° 52′ 55'',W 103° 50′ 9'',20.8819444444444,-103.835833333333
1412,Tepatitlán de Morelos,Jalisco,Mexico,seat of a second-order administrative division,N 20° 49′ 0'',W 102° 45′ 48'',20.8166666666667,-102.763333333333
1413,Ojuelos de Jalisco Municipality,Jalisco,Mexico,second-order administrative division,N 21° 48′ 49'',W 101° 41′ 6'',21.8136111111111,-101.685
1414,Lic. Gustavo Díaz Ordaz International Airport,Jalisco,Mexico,airport,N 20° 40′ 48'',W 105° 15′ 15'',20.68,-105.254166666667
1415,Nuevo México,Jalisco,Mexico,populated place,N 20° 45′ 23'',W 103° 26′ 34'',20.7563888888889,-103.442777777778
1416,Arandas,Jalisco,Mexico,seat of a second-order administrative division,N 20° 42′ 19'',W 102° 20′ 42'',20.7052777777778,-102.345
1417,Cocula,Jalisco,Mexico,populated place,N 20° 21′ 54'',W 103° 49′ 19'',20.365,-103.821944444444
1418,Santa Anita,Jalisco,Mexico,populated place,N 20° 33′ 0'',W 103° 26′ 36'',20.55,-103.443333333333
1419,San José del Castillo,Jalisco,Mexico,populated place,N 20° 30′ 42'',W 103° 14′ 12'',20.5116666666667,-103.236666666667
1420,Ocotlán,Jalisco,Mexico,seat of a second-order administrative division,N 20° 21′ 4'',W 102° 46′ 5'',20.3511111111111,-102.768055555556
1421,La Red,Jalisco,Mexico,lake,N 20° 43′ 38'',W 102° 48′ 43'',20.7272222222222,-102.811944444444
1422,Cihuatlán,Jalisco,Mexico,populated place,N 19° 14′ 11'',W 104° 33′ 54'',19.2363888888889,-104.565
1423,Lake Chapala,Jalisco,Mexico,lake,N 20° 15′ 38'',W 103° 1′ 37'',20.2605555555556,-103.026944444444
1424,Autlán de Navarro,Jalisco,Mexico,seat of a second-order administrative division,N 19° 46′ 18'',W 104° 21′ 59'',19.7716666666667,-104.366388888889
1425,Ajijic,Jalisco,Mexico,populated place,N 20° 17′ 59'',W 103° 15′ 40'',20.2997222222222,-103.261111111111
1426,Tuxpan,Jalisco,Mexico,seat of a second-order administrative division,N 19° 33′ 20'',W 103° 22′ 33'',19.5555555555556,-103.375833333333
1427,San Francisco Tesistán,Jalisco,Mexico,section of populated place,N 20° 47′ 50'',W 103° 28′ 37'',20.7972222222222,-103.476944444444
1428,Tala,Jalisco,Mexico,seat of a second-order administrative division,N 20° 39′ 9'',W 103° 42′ 5'',20.6525,-103.701388888889
1429,Bolaños Municipality,Jalisco,Mexico,second-order administrative division,N 21° 50′ 24'',W 103° 55′ 48'',21.84,-103.93
1430,Guadalajara Metropolitan Area,Jalisco,Mexico,area,N 20° 5′ 12'',W 103° 18′ 35'',20.0866666666667,-103.309722222222
1431,Francisco Primo de Verdad National Airport,Jalisco,Mexico,airport,N 21° 15′ 32'',W 101° 56′ 37'',21.2588888888889,-101.943611111111
1432,Ayutla Municipality,Jalisco,Mexico,second-order administrative division,N 20° 3′ 54'',W 104° 24′ 0'',20.065,-104.4
1433,Zapotlán del Rey,Jalisco,Mexico,second-order administrative division,N 20° 27′ 17'',W 102° 54′ 51'',20.4547222222222,-102.914166666667
1434,Zapotlanejo Municipality,Jalisco,Mexico,second-order administrative division,N 20° 37′ 21'',W 103° 2′ 42'',20.6225,-103.045
1435,San Ignacio Cerro Gordo,Jalisco,Mexico,second-order administrative division,N 20° 45′ 37'',W 102° 30′ 39'',20.7602777777778,-102.510833333333
1436,Unión de San Antonio,Jalisco,Mexico,second-order administrative division,N 21° 9′ 36'',W 101° 59′ 35'',21.16,-101.993055555556
1437,Jesús María Municipality,Jalisco,Mexico,second-order administrative division,N 20° 37′ 30'',W 102° 8′ 3'',20.625,-102.134166666667
1438,Acatlán de Juárez Municipality,Jalisco,Mexico,second-order administrative division,N 20° 25′ 26'',W 103° 36′ 5'',20.4238888888889,-103.601388888889
1439,Amacueca Municipality,Jalisco,Mexico,second-order administrative division,N 19° 59′ 16'',W 103° 36′ 48'',19.9877777777778,-103.613333333333
1440,Amatitán Municipality,Jalisco,Mexico,second-order administrative division,N 20° 51′ 28'',W 103° 43′ 27'',20.8577777777778,-103.724166666667
1441,Arandas Municipality,Jalisco,Mexico,second-order administrative division,N 20° 45′ 43'',W 102° 18′ 13'',20.7619444444444,-102.303611111111
1442,El Arenal Municipality,Jalisco,Mexico,second-order administrative division,N 20° 45′ 16'',W 103° 39′ 32'',20.7544444444444,-103.658888888889
1443,Atemajac de Brizuela,Jalisco,Mexico,second-order administrative division,N 20° 8′ 33'',W 103° 42′ 42'',20.1425,-103.711666666667
1444,Atotonilco El Alto Municipality,Jalisco,Mexico,second-order administrative division,N 20° 32′ 59'',W 102° 32′ 12'',20.5497222222222,-102.536666666667
1445,Atoyac Municipality,Jalisco,Mexico,second-order administrative division,N 19° 59′ 4'',W 103° 28′ 11'',19.9844444444444,-103.469722222222
1446,Autlán Municipality,Jalisco,Mexico,second-order administrative division,N 19° 45′ 12'',W 104° 18′ 9'',19.7533333333333,-104.3025
1447,Ayotlán Municipality,Jalisco,Mexico,second-order administrative division,N 20° 29′ 38'',W 102° 21′ 2'',20.4938888888889,-102.350555555556
1448,La Barca Municipality,Jalisco,Mexico,second-order administrative division,N 20° 21′ 6'',W 102° 31′ 34'',20.3516666666667,-102.526111111111
1449,Cihuatlán Municipality,Jalisco,Mexico,second-order administrative division,N 19° 14′ 17'',W 104° 38′ 50'',19.2380555555556,-104.647222222222
1450,Nanjing,Jiangsu,China,seat of a first-order administrative division,N 32° 3′ 42'',E 118° 46′ 40'',32.0616666666667,118.777777777778
1451,Suzhou,Jiangsu,China,seat of a second-order administrative division,N 31° 18′ 14'',E 120° 35′ 43'',31.3038888888889,120.595277777778
1452,Jiangsu,Jiangsu,China,first-order administrative division,N 33° 0′ 0'',E 119° 50′ 0'',33,119.833333333333
1453,Wuxi,Jiangsu,China,seat of a second-order administrative division,N 31° 34′ 7'',E 120° 17′ 18'',31.5686111111111,120.288333333333
1454,Zhenjiang,Jiangsu,China,seat of a second-order administrative division,N 32° 12′ 39'',E 119° 27′ 18'',32.2108333333333,119.455
1455,Kunshan,Jiangsu,China,seat of a third-order administrative division,N 31° 22′ 39'',E 120° 57′ 15'',31.3775,120.954166666667
1456,Yixing,Jiangsu,China,seat of a third-order administrative division,N 31° 21′ 38'',E 119° 49′ 12'',31.3605555555556,119.82
1457,Yangzhou,Jiangsu,China,populated place,N 32° 23′ 50'',E 119° 26′ 9'',32.3972222222222,119.435833333333
1458,Yancheng,Jiangsu,China,seat of a second-order administrative division,N 33° 21′ 27'',E 120° 9′ 26'',33.3575,120.157222222222
1459,Jiangyin,Jiangsu,China,seat of a third-order administrative division,N 31° 54′ 39'',E 120° 15′ 46'',31.9108333333333,120.262777777778
1460,Changzhou,Jiangsu,China,seat of a second-order administrative division,N 31° 46′ 24'',E 119° 57′ 14'',31.7733333333333,119.953888888889
1461,Xuzhou,Jiangsu,China,seat of a second-order administrative division,N 34° 12′ 15'',E 117° 17′ 1'',34.2041666666667,117.283611111111
1462,Taizhou,Jiangsu,China,seat of a third-order administrative division,N 32° 29′ 26'',E 119° 54′ 29'',32.4905555555556,119.908055555556
1463,Zhangjiagang,Jiangsu,China,seat of a third-order administrative division,N 31° 51′ 54'',E 120° 32′ 20'',31.865,120.538888888889
1464,Lianyungang,Jiangsu,China,seat of a second-order administrative division,N 34° 35′ 54'',E 119° 12′ 56'',34.5983333333333,119.215555555556
1465,Nantong,Jiangsu,China,seat of a second-order administrative division,N 32° 1′ 49'',E 120° 52′ 29'',32.0302777777778,120.874722222222
1466,Huai'an,Jiangsu,China,populated place,N 33° 35′ 19'',E 119° 1′ 9'',33.5886111111111,119.019166666667
1467,Changshu,Jiangsu,China,seat of a third-order administrative division,N 31° 38′ 46'',E 120° 44′ 32'',31.6461111111111,120.742222222222
1468,Tongshan,Jiangsu,China,seat of a third-order administrative division,N 34° 10′ 49'',E 117° 9′ 25'',34.1802777777778,117.156944444444
1469,Taicang,Jiangsu,China,seat of a third-order administrative division,N 31° 26′ 52'',E 121° 5′ 38'',31.4477777777778,121.093888888889
1470,Suqian,Jiangsu,China,seat of a second-order administrative division,N 33° 56′ 57'',E 118° 17′ 45'',33.9491666666667,118.295833333333
1471,Zhenzhou,Jiangsu,China,seat of a third-order administrative division,N 32° 16′ 49'',E 119° 10′ 12'',32.2802777777778,119.17
1472,Xinghua,Jiangsu,China,populated place,N 32° 56′ 21'',E 119° 50′ 3'',32.9391666666667,119.834166666667
1473,Pizhou,Jiangsu,China,seat of a third-order administrative division,N 34° 18′ 41'',E 117° 57′ 1'',34.3113888888889,117.950277777778
1474,Dongtai,Jiangsu,China,seat of a third-order administrative division,N 32° 51′ 8'',E 120° 18′ 34'',32.8522222222222,120.309444444444
1475,Lake Tai,Jiangsu,China,lake,N 31° 12′ 59'',E 120° 11′ 53'',31.2163888888889,120.198055555556
1476,Xinyi,Jiangsu,China,seat of a third-order administrative division,N 34° 23′ 3'',E 118° 20′ 46'',34.3841666666667,118.346111111111
1477,Jinsha,Jiangsu,China,seat of a third-order administrative division,N 32° 5′ 23'',E 121° 4′ 24'',32.0897222222222,121.073333333333
1478,Taishing,Jiangsu,China,seat of a third-order administrative division,N 32° 10′ 0'',E 120° 0′ 49'',32.1666666666667,120.013611111111
1479,Guanhu,Jiangsu,China,populated place,N 34° 25′ 31'',E 117° 59′ 43'',34.4252777777778,117.995277777778
1480,Zhongxing,Jiangsu,China,populated place,N 33° 42′ 14'',E 118° 40′ 45'',33.7038888888889,118.679166666667
1481,Yangzhou Shi,Jiangsu,China,second-order administrative division,N 32° 43′ 55'',E 119° 31′ 30'',32.7319444444444,119.525
1482,Yancheng Shi,Jiangsu,China,second-order administrative division,N 33° 33′ 3'',E 120° 12′ 46'',33.5508333333333,120.212777777778
1483,Xuzhou,Jiangsu,China,second-order administrative division,N 34° 15′ 45'',E 117° 32′ 56'',34.2625,117.548888888889
1484,Fengcheng,Jiangsu,China,seat of a third-order administrative division,N 34° 42′ 14'',E 116° 35′ 13'',34.7038888888889,116.586944444444
1485,Dazhong,Jiangsu,China,seat of a third-order administrative division,N 33° 11′ 59'',E 120° 27′ 28'',33.1997222222222,120.457777777778
1486,Datun,Jiangsu,China,populated place,N 34° 48′ 33'',E 116° 54′ 6'',34.8091666666667,116.901666666667
1487,Peicheng,Jiangsu,China,seat of a third-order administrative division,N 34° 44′ 10'',E 116° 55′ 29'',34.7361111111111,116.924722222222
1488,Jiawang,Jiangsu,China,seat of a third-order administrative division,N 34° 25′ 58'',E 117° 26′ 31'',34.4327777777778,117.441944444444
1489,Tiefu,Jiangsu,China,populated place,N 34° 32′ 0'',E 118° 2′ 0'',34.5333333333333,118.033333333333
1490,Taizhou Shi,Jiangsu,China,second-order administrative division,N 32° 33′ 54'',E 120° 5′ 38'',32.565,120.093888888889
1491,Suicheng,Jiangsu,China,seat of a third-order administrative division,N 33° 53′ 46'',E 117° 55′ 59'',33.8961111111111,117.933055555556
1492,Shouxian,Jiangsu,China,populated place,N 34° 50′ 47'',E 116° 27′ 31'',34.8463888888889,116.458611111111
1493,Damiao,Jiangsu,China,populated place,N 34° 15′ 50'',E 117° 21′ 49'',34.2638888888889,117.363611111111
1494,Baoying,Jiangsu,China,populated place,N 33° 13′ 45'',E 119° 18′ 33'',33.2291666666667,119.309166666667
1495,Suzhou Shi,Jiangsu,China,second-order administrative division,N 31° 27′ 37'',E 120° 53′ 41'',31.4602777777778,120.894722222222
1496,Songling,Jiangsu,China,seat of a third-order administrative division,N 31° 11′ 35'',E 120° 43′ 3'',31.1930555555556,120.7175
1497,Guangfu Airport,Jiangsu,China,airport,N 31° 15′ 47'',E 120° 24′ 3'',31.2630555555556,120.400833333333
1498,Xuzhou Guanyin Airport,Jiangsu,China,airport,N 34° 3′ 27'',E 117° 33′ 17'',34.0575,117.554722222222
1499,Xiannü,Jiangsu,China,seat of a third-order administrative division,N 32° 25′ 41'',E 119° 33′ 37'',32.4280555555556,119.560277777778
1500,Jilin,Jilin,China,seat of a second-order administrative division,N 43° 50′ 47'',E 126° 33′ 38'',43.8463888888889,126.560555555556
1501,Changchun,Jilin,China,seat of a first-order administrative division,N 43° 52′ 48'',E 125° 19′ 22'',43.88,125.322777777778
1502,Siping,Jilin,China,populated place,N 43° 9′ 41'',E 124° 22′ 40'',43.1613888888889,124.377777777778
1503,Jilin City,Jilin,China,second-order administrative division,N 43° 41′ 10'',E 126° 54′ 20'',43.6861111111111,126.905555555556
1504,Jilin,Jilin,China,first-order administrative division,N 43° 35′ 0'',E 126° 10′ 0'',43.5833333333333,126.166666666667
1505,Jiaohe,Jilin,China,seat of a third-order administrative division,N 43° 43′ 16'',E 127° 20′ 5'',43.7211111111111,127.334722222222
1506,Huadian,Jilin,China,seat of a third-order administrative division,N 42° 58′ 19'',E 126° 44′ 27'',42.9719444444444,126.740833333333
1507,Jilin Ertaizi Airport,Jilin,China,airport,N 44° 0′ 7'',E 126° 23′ 45'',44.0019444444445,126.395833333333
1508,Tonghua,Jilin,China,seat of a second-order administrative division,N 41° 43′ 11'',E 125° 55′ 35'',41.7197222222222,125.926388888889
1509,Baishan,Jilin,China,seat of a second-order administrative division,N 41° 56′ 18'',E 126° 25′ 10'',41.9383333333333,126.419444444444
1510,Panshi,Jilin,China,seat of a third-order administrative division,N 42° 56′ 13'',E 126° 3′ 26'',42.9369444444444,126.057222222222
1511,Jishu,Jilin,China,populated place,N 44° 19′ 0'',E 126° 48′ 0'',44.3166666666667,126.8
1512,Liaoyuan,Jilin,China,seat of a second-order administrative division,N 42° 53′ 7'',E 125° 8′ 12'',42.8852777777778,125.136666666667
1513,Baicheng,Jilin,China,seat of a second-order administrative division,N 45° 37′ 3'',E 122° 49′ 58'',45.6175,122.832777777778
1514,Songyuan,Jilin,China,seat of a second-order administrative division,N 45° 7′ 44'',E 124° 49′ 39'',45.1288888888889,124.8275
1515,Jiutai,Jilin,China,populated place,N 44° 9′ 9'',E 125° 49′ 58'',44.1525,125.832777777778
1516,Gongzhuling,Jilin,China,populated place,N 43° 30′ 2'',E 124° 49′ 11'',43.5005555555556,124.819722222222
1517,Fuyu,Jilin,China,populated place,N 45° 11′ 0'',E 124° 49′ 0'',45.1833333333333,124.816666666667
1518,Dehui,Jilin,China,seat of a third-order administrative division,N 44° 32′ 12'',E 125° 41′ 39'',44.5366666666667,125.694166666667
1519,Changchun Shi,Jilin,China,second-order administrative division,N 44° 27′ 7'',E 125° 43′ 12'',44.4519444444445,125.72
1520,Songyuan Shi,Jilin,China,second-order administrative division,N 44° 53′ 19'',E 124° 23′ 16'',44.8886111111111,124.387777777778
1521,Shulan,Jilin,China,seat of a third-order administrative division,N 44° 24′ 40'',E 126° 56′ 53'',44.4111111111111,126.948055555556
1522,Yanji,Jilin,China,seat of a second-order administrative division,N 42° 53′ 17'',E 129° 30′ 8'',42.8880555555556,129.502222222222
1523,Yanbian Korean Autonomous Prefecture,Jilin,China,second-order administrative division,N 43° 7′ 33'',E 129° 7′ 44'',43.1258333333333,129.128888888889
1524,Taonan,Jilin,China,seat of a third-order administrative division,N 45° 19′ 59'',E 122° 47′ 4'',45.3330555555556,122.784444444444
1525,Longjing,Jilin,China,seat of a third-order administrative division,N 42° 46′ 16'',E 129° 25′ 23'',42.7711111111111,129.423055555556
1526,Helong,Jilin,China,seat of a fourth-order administrative division,N 42° 32′ 23'',E 128° 59′ 50'',42.5397222222222,128.997222222222
1527,Dunhua,Jilin,China,seat of a third-order administrative division,N 43° 22′ 10'',E 128° 13′ 43'',43.3694444444445,128.228611111111
1528,Dalai,Jilin,China,populated place,N 45° 30′ 0'',E 124° 18′ 0'',45.5,124.3
1529,baishan shi,Jilin,China,second-order administrative division,N 42° 7′ 30'',E 127° 17′ 29'',42.125,127.291388888889
1530,Wangqing,Jilin,China,seat of a third-order administrative division,N 43° 18′ 38'',E 129° 45′ 48'',43.3105555555556,129.763333333333
1531,Baicheng Shi,Jilin,China,second-order administrative division,N 45° 17′ 42'',E 122° 55′ 22'',45.295,122.922777777778
1532,Baishishan,Jilin,China,populated place,N 43° 35′ 0'',E 127° 34′ 0'',43.5833333333333,127.566666666667
1533,Shuangliao,Jilin,China,seat of a third-order administrative division,N 43° 30′ 38'',E 123° 30′ 2'',43.5105555555556,123.500555555556
1534,Yushu,Jilin,China,seat of a third-order administrative division,N 44° 49′ 39'',E 126° 32′ 26'',44.8275,126.540555555556
1535,Tumen,Jilin,China,seat of a third-order administrative division,N 42° 57′ 56'',E 129° 50′ 31'',42.9655555555556,129.841944444444
1536,Tonghua Shi,Jilin,China,second-order administrative division,N 41° 57′ 0'',E 125° 57′ 0'',41.95,125.95
1537,Siping Shi,Jilin,China,second-order administrative division,N 43° 37′ 25'',E 124° 26′ 20'',43.6236111111111,124.438888888889
1538,Meihekou,Jilin,China,seat of a third-order administrative division,N 42° 31′ 43'',E 125° 40′ 43'',42.5286111111111,125.678611111111
1539,Liuhe,Jilin,China,seat of a third-order administrative division,N 42° 17′ 5'',E 125° 44′ 43'',42.2847222222222,125.745277777778
1540,Lishu,Jilin,China,seat of a third-order administrative division,N 43° 18′ 26'',E 124° 20′ 1'',43.3072222222222,124.333611111111
1541,Huinan,Jilin,China,populated place,N 42° 37′ 21'',E 126° 15′ 41'',42.6225,126.261388888889
1542,Chaoyang,Jilin,China,seat of a third-order administrative division,N 42° 39′ 44'',E 126° 1′ 34'',42.6622222222222,126.026111111111
1543,Changbaishan Airport,Jilin,China,airport,N 42° 3′ 54'',E 127° 36′ 18'',42.065,127.605
1544,Changchun Longjia International Airport,Jilin,China,airport,N 43° 59′ 46'',E 125° 41′ 7'',43.9961111111111,125.685277777778
1545,Yantongshan,Jilin,China,populated place,N 43° 17′ 31'',E 126° 0′ 34'',43.2919444444444,126.009444444444
1546,Zhenlai,Jilin,China,seat of a third-order administrative division,N 45° 50′ 58'',E 123° 11′ 52'',45.8494444444444,123.197777777778
1547,Antu,Jilin,China,seat of a third-order administrative division,N 43° 6′ 8'',E 128° 54′ 30'',43.1022222222222,128.908333333333
1548,Linjiang,Jilin,China,seat of a third-order administrative division,N 41° 48′ 25'',E 126° 54′ 28'',41.8069444444444,126.907777777778
1549,Kaitong,Jilin,China,seat of a third-order administrative division,N 44° 48′ 32'',E 123° 4′ 51'',44.8088888888889,123.080833333333
1550,Gora Dykhtau,Kabardino-Balkaria,Russia,mountain,N 43° 3′ 5'',E 43° 7′ 56'',43.0513888888889,43.1322222222222
1551,Nal'chik,Kabardino-Balkaria,Russia,seat of a first-order administrative division,N 43° 29′ 53'',E 43° 37′ 8'',43.4980555555556,43.6188888888889
1552,Kabardino-Balkariya Republic,Kabardino-Balkaria,Russia,first-order administrative division,N 43° 29′ 30'',E 43° 24′ 30'',43.4916666666667,43.4083333333333
1553,Gora Koshtantau,Kabardino-Balkaria,Russia,mountain,N 43° 2′ 58'',E 43° 12′ 45'',43.0494444444444,43.2125
1554,Baksan,Kabardino-Balkaria,Russia,seat of a second-order administrative division,N 43° 41′ 1'',E 43° 32′ 6'',43.6836111111111,43.535
1555,Nalchik Airport,Kabardino-Balkaria,Russia,airport,N 43° 30′ 46'',E 43° 38′ 12'',43.5127777777778,43.6366666666667
1556,Nartkala,Kabardino-Balkaria,Russia,seat of a second-order administrative division,N 43° 33′ 15'',E 43° 51′ 17'',43.5541666666667,43.8547222222222
1557,Tyrnyauz,Kabardino-Balkaria,Russia,populated place,N 43° 22′ 58'',E 42° 55′ 6'',43.3827777777778,42.9183333333333
1558,Prokhladnyy,Kabardino-Balkaria,Russia,seat of a second-order administrative division,N 43° 45′ 26'',E 44° 1′ 46'',43.7572222222222,44.0294444444444
1559,Kabarda,Kabardino-Balkaria,Russia,region,N 43° 40′ 0'',E 43° 30′ 0'',43.6666666666667,43.5
1560,Kabardino-Balkarskiy Vysokogornyy Zapovednik,Kabardino-Balkaria,Russia,reserve,N 43° 4′ 42'',E 43° 7′ 35'',43.0783333333333,43.1263888888889
1561,Urochishche Itkol,Kabardino-Balkaria,Russia,area,N 43° 14′ 53'',E 42° 32′ 30'',43.2480555555556,42.5416666666667
1562,El’brusskiy Rayon,Kabardino-Balkaria,Russia,second-order administrative division,N 43° 25′ 0'',E 42° 50′ 0'',43.4166666666667,42.8333333333333
1563,Nalchik Urban Okrug,Kabardino-Balkaria,Russia,second-order administrative division,N 43° 30′ 0'',E 43° 35′ 0'',43.5,43.5833333333333
1564,Mayskiy Rayon,Kabardino-Balkaria,Russia,second-order administrative division,N 43° 35′ 41'',E 44° 3′ 17'',43.5947222222222,44.0547222222222
1565,Urochishche Kala,Kabardino-Balkaria,Russia,area,N 43° 22′ 41'',E 43° 7′ 54'',43.3780555555556,43.1316666666667
1566,Urochishche Dogaut,Kabardino-Balkaria,Russia,area,N 43° 11′ 49'',E 43° 36′ 36'',43.1969444444444,43.61
1567,Chegem Vtoroy,Kabardino-Balkaria,Russia,populated place,N 43° 35′ 45'',E 43° 35′ 58'',43.5958333333333,43.5994444444444
1568,Chegemskiy Rayon,Kabardino-Balkaria,Russia,second-order administrative division,N 43° 25′ 0'',E 43° 15′ 0'',43.4166666666667,43.25
1569,Chegem Pervyy,Kabardino-Balkaria,Russia,seat of a second-order administrative division,N 43° 34′ 2'',E 43° 35′ 7'',43.5672222222222,43.5852777777778
1570,Bylym,Kabardino-Balkaria,Russia,populated place,N 43° 27′ 46'',E 43° 2′ 36'',43.4627777777778,43.0433333333333
1571,Urochishche Bykmylgy,Kabardino-Balkaria,Russia,area,N 43° 19′ 35'',E 43° 9′ 19'',43.3263888888889,43.1552777777778
1572,Urochishche El’zhurtu,Kabardino-Balkaria,Russia,area,N 43° 21′ 26'',E 42° 51′ 27'',43.3572222222222,42.8575
1573,El'brus,Kabardino-Balkaria,Russia,populated place,N 43° 15′ 27'',E 42° 38′ 39'',43.2575,42.6441666666667
1574,Baksanskiy Rayon,Kabardino-Balkaria,Russia,second-order administrative division,N 43° 42′ 41'',E 43° 27′ 57'',43.7113888888889,43.4658333333333
1575,Prokhladnenskiy Rayon,Kabardino-Balkaria,Russia,second-order administrative division,N 43° 51′ 49'',E 44° 2′ 23'',43.8636111111111,44.0397222222222
1576,Cherekskiy Rayon,Kabardino-Balkaria,Russia,second-order administrative division,N 43° 15′ 0'',E 43° 30′ 0'',43.25,43.5
1577,Nartan,Kabardino-Balkaria,Russia,populated place,N 43° 30′ 39'',E 43° 41′ 58'',43.5108333333333,43.6994444444444
1578,Shalushka,Kabardino-Balkaria,Russia,populated place,N 43° 31′ 57'',E 43° 33′ 58'',43.5325,43.5661111111111
1579,Zalukokoazhe,Kabardino-Balkaria,Russia,seat of a second-order administrative division,N 43° 54′ 2'',E 43° 12′ 51'',43.9005555555556,43.2141666666667
1580,Urvanskiy Rayon,Kabardino-Balkaria,Russia,second-order administrative division,N 43° 30′ 55'',E 43° 51′ 37'',43.5152777777778,43.8602777777778
1581,Terskiy Rayon,Kabardino-Balkaria,Russia,second-order administrative division,N 43° 33′ 44'',E 44° 16′ 29'',43.5622222222222,44.2747222222222
1582,Terek,Kabardino-Balkaria,Russia,seat of a second-order administrative division,N 43° 28′ 59'',E 44° 8′ 16'',43.4830555555556,44.1377777777778
1583,Zol’skiy Rayon,Kabardino-Balkaria,Russia,second-order administrative division,N 43° 40′ 49'',E 42° 49′ 23'',43.6802777777778,42.8230555555556
1584,Zayukovo,Kabardino-Balkaria,Russia,populated place,N 43° 36′ 58'',E 43° 20′ 2'',43.6161111111111,43.3338888888889
1585,Urochishche Mukolam,Kabardino-Balkaria,Russia,area,N 43° 20′ 48'',E 42° 50′ 40'',43.3466666666667,42.8444444444445
1586,Islamey,Kabardino-Balkaria,Russia,populated place,N 43° 40′ 32'',E 43° 27′ 18'',43.6755555555556,43.455
1587,Dugulubgey,Kabardino-Balkaria,Russia,populated place,N 43° 39′ 45'',E 43° 32′ 13'',43.6625,43.5369444444444
1588,Kenzhe,Kabardino-Balkaria,Russia,populated place,N 43° 29′ 54'',E 43° 33′ 14'',43.4983333333333,43.5538888888889
1589,Leskenskiy rayon,Kabardino-Balkaria,Russia,second-order administrative division,N 43° 21′ 20'',E 43° 56′ 29'',43.3555555555556,43.9413888888889
1590,Gorodskoy Okrug Prokhladnyy,Kabardino-Balkaria,Russia,second-order administrative division,N 43° 44′ 55'',E 44° 2′ 12'',43.7486111111111,44.0366666666667
1591,Baksan Urban District,Kabardino-Balkaria,Russia,second-order administrative division,N 43° 41′ 8'',E 43° 32′ 25'',43.6855555555556,43.5402777777778
1592,Prokhladny,Kabardino-Balkaria,Russia,second-order administrative division,N 43° 45′ 14'',E 44° 2′ 0'',43.7538888888889,44.0333333333333
1593,Mount Elbrus,Kabardino-Balkaria,Russia,mountain,N 43° 21′ 9'',E 42° 26′ 15'',43.3525,42.4375
1594,Natsional’nyy Park Priel’brus’ye,Kabardino-Balkaria,Russia,nature reserve,N 43° 23′ 4'',E 42° 29′ 42'',43.3844444444444,42.495
1595,Urochishche Sur’ma,Kabardino-Balkaria,Russia,area,N 43° 24′ 19'',E 42° 50′ 13'',43.4052777777778,42.8369444444445
1596,Snezhnaya Dolina Dzhikauchekkez,Kabardino-Balkaria,Russia,snowfield,N 43° 21′ 26'',E 42° 32′ 45'',43.3572222222222,42.5458333333333
1597,Urochishche Kyldy,Kabardino-Balkaria,Russia,area,N 43° 19′ 21'',E 42° 48′ 0'',43.3225,42.8
1598,Urochishche Prigorodnoye,Kabardino-Balkaria,Russia,area,N 43° 59′ 19'',E 43° 52′ 38'',43.9886111111111,43.8772222222222
1599,Malka,Kabardino-Balkaria,Russia,populated place,N 43° 48′ 14'',E 43° 19′ 27'',43.8038888888889,43.3241666666667
1600,Kansas City,Kansas,United States,populated place,N 39° 5′ 59'',W 94° 34′ 42'',39.0997222222222,-94.5783333333333
1601,Topeka,Kansas,United States,seat of a first-order administrative division,N 39° 2′ 54'',W 95° 40′ 40'',39.0483333333333,-95.6777777777778
1602,Kansas City,Kansas,United States,seat of a second-order administrative division,N 39° 6′ 51'',W 94° 37′ 38'',39.1141666666667,-94.6272222222222
1603,Kansas,Kansas,United States,first-order administrative division,N 38° 30′ 1'',W 98° 30′ 2'',38.5002777777778,-98.5005555555556
1604,"Kansas City, MO-KS Metro Area",Kansas,United States,economic region,N 38° 56′ 13'',W 94° 26′ 39'',38.9369444444444,-94.4441666666667
1605,Wichita,Kansas,United States,seat of a second-order administrative division,N 37° 41′ 32'',W 97° 20′ 15'',37.6922222222222,-97.3375
1606,Olathe,Kansas,United States,seat of a second-order administrative division,N 38° 52′ 53'',W 94° 49′ 8'',38.8813888888889,-94.8188888888889
1607,Lawrence,Kansas,United States,seat of a second-order administrative division,N 38° 58′ 18'',W 95° 14′ 6'',38.9716666666667,-95.235
1608,Manhattan,Kansas,United States,seat of a second-order administrative division,N 39° 11′ 1'',W 96° 34′ 18'',39.1836111111111,-96.5716666666667
1609,Overland Park,Kansas,United States,populated place,N 38° 58′ 56'',W 94° 40′ 14'',38.9822222222222,-94.6705555555556
1610,Hutchinson,Kansas,United States,seat of a second-order administrative division,N 38° 3′ 39'',W 97° 55′ 47'',38.0608333333333,-97.9297222222222
1611,Salina,Kansas,United States,seat of a second-order administrative division,N 38° 50′ 25'',W 97° 36′ 41'',38.8402777777778,-97.6113888888889
1612,Kansas City International Airport,Kansas,United States,airport,N 39° 17′ 46'',W 94° 43′ 3'',39.2961111111111,-94.7175
1613,Independence,Kansas,United States,populated place,N 39° 5′ 28'',W 94° 24′ 55'',39.0911111111111,-94.4152777777778
1614,"Topeka, KS Metro Area",Kansas,United States,economic region,N 39° 2′ 37'',W 95° 48′ 11'',39.0436111111111,-95.8030555555556
1615,"Wichita, KS Metro Area",Kansas,United States,economic region,N 37° 38′ 19'',W 97° 14′ 43'',37.6386111111111,-97.2452777777778
1616,Leavenworth,Kansas,United States,seat of a second-order administrative division,N 39° 18′ 40'',W 94° 55′ 20'',39.3111111111111,-94.9222222222222
1617,Shawnee,Kansas,United States,populated place,N 39° 2′ 30'',W 94° 43′ 12'',39.0416666666667,-94.72
1618,Horton,Kansas,United States,populated place,N 39° 39′ 38'',W 95° 31′ 34'',39.6605555555556,-95.5261111111111
1619,Parsons,Kansas,United States,populated place,N 37° 20′ 25'',W 95° 15′ 39'',37.3402777777778,-95.2608333333333
1620,Pittsburg,Kansas,United States,populated place,N 37° 24′ 39'',W 94° 42′ 17'',37.4108333333333,-94.7047222222222
1621,Dodge City,Kansas,United States,seat of a second-order administrative division,N 37° 45′ 10'',W 100° 1′ 1'',37.7527777777778,-100.016944444444
1622,Liberal,Kansas,United States,seat of a second-order administrative division,N 37° 2′ 35'',W 100° 55′ 15'',37.0430555555556,-100.920833333333
1623,Johnson County Industrial Airport,Kansas,United States,airport,N 38° 49′ 52'',W 94° 53′ 23'',38.8311111111111,-94.8897222222222
1624,Lansing,Kansas,United States,populated place,N 39° 14′ 55'',W 94° 54′ 0'',39.2486111111111,-94.9
1625,Lenexa,Kansas,United States,populated place,N 38° 57′ 13'',W 94° 44′ 0'',38.9536111111111,-94.7333333333333
1626,Gardner,Kansas,United States,populated place,N 38° 48′ 39'',W 94° 55′ 37'',38.8108333333333,-94.9269444444444
1627,Hutchinson Municipal Airport,Kansas,United States,airport,N 38° 3′ 47'',W 97° 51′ 56'',38.0630555555556,-97.8655555555556
1628,Independence Municipal Airport,Kansas,United States,airport,N 37° 9′ 29'',W 95° 46′ 35'',37.1580555555556,-95.7763888888889
1629,Lawrence Municipal Airport,Kansas,United States,airport,N 39° 0′ 21'',W 95° 13′ 23'',39.0058333333333,-95.2230555555556
1630,Lyons-Rice County Municipal Airport,Kansas,United States,airport,N 38° 20′ 43'',W 98° 13′ 37'',38.3452777777778,-98.2269444444444
1631,Manhattan Regional Airport,Kansas,United States,airport,N 39° 8′ 13'',W 96° 40′ 17'',39.1369444444444,-96.6713888888889
1632,Mc Pherson Airport,Kansas,United States,airport,N 38° 21′ 30'',W 97° 41′ 14'',38.3583333333333,-97.6872222222222
1633,Philip Billard Municipal Airport,Kansas,United States,airport,N 39° 4′ 12'',W 95° 37′ 13'',39.07,-95.6202777777778
1634,Pratt Municipal Airport,Kansas,United States,airport,N 37° 42′ 28'',W 98° 44′ 49'',37.7077777777778,-98.7469444444445
1635,Salina Municipal Airport,Kansas,United States,airport,N 38° 47′ 26'',W 97° 38′ 29'',38.7905555555556,-97.6413888888889
1636,Tri-City Airport,Kansas,United States,airport,N 37° 19′ 54'',W 95° 30′ 40'',37.3316666666667,-95.5111111111111
1637,Wichita Mid-Continent Airport,Kansas,United States,airport,N 37° 39′ 26'',W 97° 26′ 23'',37.6572222222222,-97.4397222222222
1638,Coffeyville Municipal Airport,Kansas,United States,airport,N 37° 5′ 43'',W 95° 34′ 26'',37.0952777777778,-95.5738888888889
1639,Derby,Kansas,United States,populated place,N 37° 32′ 44'',W 97° 16′ 8'',37.5455555555556,-97.2688888888889
1640,Fort Scott Municipal Airport,Kansas,United States,airport,N 37° 47′ 38'',W 94° 46′ 0'',37.7938888888889,-94.7666666666667
1641,Hays,Kansas,United States,seat of a second-order administrative division,N 38° 52′ 45'',W 99° 19′ 36'',38.8791666666667,-99.3266666666667
1642,Haysville,Kansas,United States,populated place,N 37° 33′ 52'',W 97° 21′ 8'',37.5644444444444,-97.3522222222222
1643,Hill City Municipal Airport,Kansas,United States,airport,N 39° 22′ 32'',W 99° 49′ 48'',39.3755555555556,-99.83
1644,Abilene,Kansas,United States,seat of a second-order administrative division,N 38° 55′ 2'',W 97° 12′ 50'',38.9172222222222,-97.2138888888889
1645,Andover,Kansas,United States,populated place,N 37° 42′ 50'',W 97° 8′ 11'',37.7138888888889,-97.1363888888889
1646,Anthony Municipal Airport,Kansas,United States,airport,N 37° 9′ 16'',W 98° 4′ 39'',37.1544444444444,-98.0775
1647,Atkinson Municipal Airport,Kansas,United States,airport,N 37° 26′ 39'',W 94° 43′ 56'',37.4441666666667,-94.7322222222222
1648,Beech Factory Airport,Kansas,United States,airport,N 37° 41′ 40'',W 97° 12′ 54'',37.6944444444444,-97.215
1649,Blosser Municipal Airport,Kansas,United States,airport,N 39° 32′ 35'',W 97° 39′ 12'',39.5430555555556,-97.6533333333333
1650,Karnataka,Karnataka,India,first-order administrative division,N 14° 40′ 0'',E 75° 50′ 0'',14.6666666666667,75.8333333333333
1651,Bengaluru,Karnataka,India,seat of a first-order administrative division,N 12° 58′ 19'',E 77° 35′ 37'',12.9719444444444,77.5936111111111
1652,Mysuru,Karnataka,India,seat of a second-order administrative division,N 12° 17′ 52'',E 76° 38′ 21'',12.2977777777778,76.6391666666667
1653,Kalaburgi,Karnataka,India,populated place,N 17° 20′ 9'',E 76° 50′ 15'',17.3358333333333,76.8375
1654,Shivamogga,Karnataka,India,populated place,N 13° 55′ 53'',E 75° 34′ 4'',13.9313888888889,75.5677777777778
1655,Bidar,Karnataka,India,populated place,N 17° 54′ 28'',E 77° 30′ 54'',17.9077777777778,77.515
1656,Ballari,Karnataka,India,populated place,N 15° 8′ 31'',E 76° 55′ 26'',15.1419444444444,76.9238888888889
1657,Belagavi,Karnataka,India,populated place,N 15° 51′ 7'',E 74° 30′ 16'',15.8519444444444,74.5044444444445
1658,Bagalkot,Karnataka,India,populated place,N 16° 11′ 12'',E 75° 41′ 46'',16.1866666666667,75.6961111111111
1659,Mandya,Karnataka,India,populated place,N 12° 31′ 20'',E 76° 53′ 50'',12.5222222222222,76.8972222222222
1660,Hassan,Karnataka,India,populated place,N 13° 0′ 25'',E 76° 5′ 46'',13.0069444444444,76.0961111111111
1661,Mangaluru,Karnataka,India,populated place,N 12° 55′ 2'',E 74° 51′ 21'',12.9172222222222,74.8558333333333
1662,Koppal,Karnataka,India,populated place,N 15° 20′ 42'',E 76° 9′ 17'',15.345,76.1547222222222
1663,Karwar,Karnataka,India,populated place,N 14° 48′ 49'',E 74° 7′ 47'',14.8136111111111,74.1297222222222
1664,Kanakapura,Karnataka,India,populated place,N 12° 32′ 47'',E 77° 25′ 12'',12.5463888888889,77.42
1665,Robertsonpet,Karnataka,India,populated place,N 12° 57′ 22'',E 78° 16′ 31'',12.9561111111111,78.2752777777778
1666,Vijayapura,Karnataka,India,populated place,N 16° 49′ 27'',E 75° 42′ 55'',16.8241666666667,75.7152777777778
1667,Basavakalyan,Karnataka,India,populated place,N 17° 52′ 28'',E 76° 56′ 59'',17.8744444444444,76.9497222222222
1668,Mudhol,Karnataka,India,populated place,N 16° 20′ 0'',E 75° 16′ 59'',16.3333333333333,75.2830555555556
1669,Chitradurga,Karnataka,India,populated place,N 14° 13′ 21'',E 76° 24′ 1'',14.2225,76.4002777777778
1670,Channapatna,Karnataka,India,populated place,N 12° 39′ 5'',E 77° 12′ 24'',12.6513888888889,77.2066666666667
1671,Hubballi,Karnataka,India,populated place,N 15° 20′ 51'',E 75° 8′ 1'',15.3475,75.1336111111111
1672,Hosapete,Karnataka,India,populated place,N 15° 16′ 10'',E 76° 23′ 13'',15.2694444444444,76.3869444444445
1673,Yadgir,Karnataka,India,populated place,N 16° 46′ 12'',E 77° 8′ 15'',16.77,77.1375
1674,Arsikere,Karnataka,India,populated place,N 13° 18′ 52'',E 76° 15′ 25'',13.3144444444444,76.2569444444444
1675,Aland,Karnataka,India,populated place,N 17° 33′ 51'',E 76° 34′ 6'',17.5641666666667,76.5683333333333
1676,Vijayapura,Karnataka,India,populated place,N 13° 17′ 50'',E 77° 48′ 6'',13.2972222222222,77.8016666666667
1677,Kolār,Karnataka,India,populated place,N 13° 8′ 15'',E 78° 7′ 47'',13.1375,78.1297222222222
1678,Sidlaghatta,Karnataka,India,populated place,N 13° 23′ 20'',E 77° 51′ 52'',13.3888888888889,77.8644444444444
1679,Ranebennur,Karnataka,India,populated place,N 14° 37′ 20'',E 75° 37′ 46'',14.6222222222222,75.6294444444444
1680,Bhadravati,Karnataka,India,populated place,N 13° 50′ 54'',E 75° 42′ 18'',13.8483333333333,75.705
1681,Nargund,Karnataka,India,populated place,N 15° 43′ 22'',E 75° 23′ 12'',15.7227777777778,75.3866666666667
1682,Davangere,Karnataka,India,populated place,N 14° 28′ 0'',E 75° 55′ 37'',14.4666666666667,75.9269444444444
1683,Chikkamagaluru,Karnataka,India,populated place,N 13° 19′ 20'',E 75° 46′ 26'',13.3222222222222,75.7738888888889
1684,Hoskote,Karnataka,India,populated place,N 13° 4′ 14'',E 77° 47′ 53'',13.0705555555556,77.7980555555556
1685,Harihar,Karnataka,India,populated place,N 14° 30′ 46'',E 75° 48′ 25'',14.5127777777778,75.8069444444444
1686,Gangavati,Karnataka,India,populated place,N 15° 25′ 52'',E 76° 31′ 45'',15.4311111111111,76.5291666666667
1687,Yelahanka,Karnataka,India,populated place,N 13° 6′ 2'',E 77° 35′ 46'',13.1005555555556,77.5961111111111
1688,Gadag-Betageri,Karnataka,India,populated place,N 15° 25′ 0'',E 75° 37′ 0'',15.4166666666667,75.6166666666667
1689,Carnatic,Karnataka,India,region,N 16° 0′ 0'',E 75° 0′ 0'',16,75
1690,Kunigal,Karnataka,India,populated place,N 13° 1′ 23'',E 77° 1′ 30'',13.0230555555556,77.025
1691,Sedam,Karnataka,India,populated place,N 17° 10′ 42'',E 77° 17′ 23'',17.1783333333333,77.2897222222222
1692,Challakere,Karnataka,India,populated place,N 14° 19′ 4'',E 76° 39′ 5'',14.3177777777778,76.6513888888889
1693,Madhugiri,Karnataka,India,populated place,N 13° 39′ 37'',E 77° 12′ 44'',13.6602777777778,77.2122222222222
1694,Jevargi,Karnataka,India,populated place,N 17° 0′ 50'',E 76° 46′ 23'',17.0138888888889,76.7730555555556
1695,Tumakuru,Karnataka,India,populated place,N 13° 20′ 28'',E 77° 6′ 7'',13.3411111111111,77.1019444444444
1696,Kempegowda International Airport,Karnataka,India,airport,N 13° 12′ 2'',E 77° 42′ 31'',13.2005555555556,77.7086111111111
1697,Shimoga District,Karnataka,India,second-order administrative division,N 14° 3′ 0'',E 75° 9′ 36'',14.05,75.16
1698,Vijayapura,Karnataka,India,second-order administrative division,N 16° 40′ 0'',E 75° 55′ 0'',16.6666666666667,75.9166666666667
1699,Bīdar District,Karnataka,India,second-order administrative division,N 18° 5′ 0'',E 77° 20′ 0'',18.0833333333333,77.3333333333333
1700,Krasnodar,Krasnodar Krai,Russia,seat of a first-order administrative division,N 45° 2′ 43'',E 38° 58′ 54'',45.0452777777778,38.9816666666667
1701,Armavir,Krasnodar Krai,Russia,seat of a second-order administrative division,N 44° 59′ 54'',E 41° 6′ 53'',44.9983333333333,41.1147222222222
1702,Sochi,Krasnodar Krai,Russia,seat of a second-order administrative division,N 43° 35′ 49'',E 39° 43′ 29'',43.5969444444444,39.7247222222222
1703,Krasnodar Krai,Krasnodar Krai,Russia,first-order administrative division,N 44° 59′ 17'',E 38° 58′ 36'',44.9880555555556,38.9766666666667
1704,Novorossiysk,Krasnodar Krai,Russia,seat of a second-order administrative division,N 44° 43′ 54'',E 37° 45′ 42'',44.7316666666667,37.7616666666667
1705,Kropotkin,Krasnodar Krai,Russia,seat of a second-order administrative division,N 45° 26′ 14'',E 40° 34′ 13'',45.4372222222222,40.5702777777778
1706,Gelendzhik,Krasnodar Krai,Russia,seat of a second-order administrative division,N 44° 34′ 48'',E 38° 3′ 59'',44.58,38.0663888888889
1707,Yeysk,Krasnodar Krai,Russia,seat of a second-order administrative division,N 46° 41′ 33'',E 38° 16′ 44'',46.6925,38.2788888888889
1708,Anapa,Krasnodar Krai,Russia,seat of a second-order administrative division,N 44° 53′ 41'',E 37° 18′ 58'',44.8947222222222,37.3161111111111
1709,Tuapse,Krasnodar Krai,Russia,seat of a second-order administrative division,N 44° 6′ 3'',E 39° 4′ 59'',44.1008333333333,39.0830555555556
1710,Labinsk,Krasnodar Krai,Russia,seat of a second-order administrative division,N 44° 38′ 9'',E 40° 44′ 8'',44.6358333333333,40.7355555555556
1711,Adler,Krasnodar Krai,Russia,populated place,N 43° 25′ 44'',E 39° 55′ 26'',43.4288888888889,39.9238888888889
1712,Apsheronsk,Krasnodar Krai,Russia,seat of a second-order administrative division,N 44° 27′ 35'',E 39° 43′ 48'',44.4597222222222,39.73
1713,Belorechensk,Krasnodar Krai,Russia,seat of a second-order administrative division,N 44° 46′ 12'',E 39° 52′ 20'',44.77,39.8722222222222
1714,Tikhoretsk,Krasnodar Krai,Russia,seat of a second-order administrative division,N 45° 51′ 11'',E 40° 7′ 7'',45.8530555555556,40.1186111111111
1715,Krymsk,Krasnodar Krai,Russia,seat of a second-order administrative division,N 44° 55′ 34'',E 37° 59′ 24'',44.9261111111111,37.99
1716,Khadyzhensk,Krasnodar Krai,Russia,populated place,N 44° 25′ 32'',E 39° 32′ 10'',44.4255555555556,39.5361111111111
1717,Krasnodar International Airport,Krasnodar Krai,Russia,airport,N 45° 2′ 3'',E 39° 8′ 23'',45.0341666666667,39.1397222222222
1718,Goryachiy Klyuch,Krasnodar Krai,Russia,seat of a second-order administrative division,N 44° 38′ 2'',E 39° 8′ 8'',44.6338888888889,39.1355555555556
1719,Primorsko-Akhtarsk,Krasnodar Krai,Russia,seat of a second-order administrative division,N 46° 2′ 54'',E 38° 10′ 44'',46.0483333333333,38.1788888888889
1720,Novokubansk,Krasnodar Krai,Russia,seat of a second-order administrative division,N 45° 6′ 47'',E 41° 2′ 11'',45.1130555555556,41.0363888888889
1721,Slavyansk-na-Kubani,Krasnodar Krai,Russia,seat of a second-order administrative division,N 45° 15′ 5'',E 38° 7′ 16'',45.2513888888889,38.1211111111111
1722,Timashyovsk,Krasnodar Krai,Russia,populated place,N 45° 37′ 1'',E 38° 56′ 43'',45.6169444444444,38.9452777777778
1723,Korenovsk,Krasnodar Krai,Russia,seat of a second-order administrative division,N 45° 28′ 2'',E 39° 26′ 57'',45.4672222222222,39.4491666666667
1724,Kurganinsk,Krasnodar Krai,Russia,seat of a second-order administrative division,N 44° 53′ 4'',E 40° 35′ 20'',44.8844444444444,40.5888888888889
1725,Lazarevskoye,Krasnodar Krai,Russia,populated place,N 43° 54′ 31'',E 39° 19′ 52'',43.9086111111111,39.3311111111111
1726,Abinsk,Krasnodar Krai,Russia,seat of a second-order administrative division,N 44° 52′ 14'',E 38° 9′ 27'',44.8705555555556,38.1575
1727,Gelendzhik Airport,Krasnodar Krai,Russia,airport,N 44° 34′ 55'',E 38° 0′ 44'',44.5819444444444,38.0122222222222
1728,Yeysk Airport,Krasnodar Krai,Russia,airport,N 46° 41′ 0'',E 38° 12′ 52'',46.6833333333333,38.2144444444444
1729,Vityazevo Airport,Krasnodar Krai,Russia,airport,N 45° 0′ 7'',E 37° 20′ 50'',45.0019444444445,37.3472222222222
1730,Sochi International Airport,Krasnodar Krai,Russia,airport,N 43° 26′ 59'',E 39° 57′ 23'',43.4497222222222,39.9563888888889
1731,Krasnodar Municipality,Krasnodar Krai,Russia,second-order administrative division,N 45° 2′ 1'',E 38° 59′ 17'',45.0336111111111,38.9880555555556
1732,Pashkovskiy,Krasnodar Krai,Russia,section of populated place,N 45° 1′ 25'',E 39° 6′ 15'',45.0236111111111,39.1041666666667
1733,Dagomys,Krasnodar Krai,Russia,populated place,N 43° 40′ 11'',E 39° 40′ 7'',43.6697222222222,39.6686111111111
1734,Medvedovskaya,Krasnodar Krai,Russia,populated place,N 45° 27′ 5'',E 39° 1′ 29'',45.4513888888889,39.0247222222222
1735,Gul'kevichi,Krasnodar Krai,Russia,populated place,N 45° 21′ 13'',E 40° 41′ 40'',45.3536111111111,40.6944444444444
1736,Anastasiyevskaya,Krasnodar Krai,Russia,populated place,N 45° 12′ 56'',E 37° 53′ 33'',45.2155555555556,37.8925
1737,Anapskaya,Krasnodar Krai,Russia,populated place,N 44° 53′ 48'',E 37° 23′ 9'',44.8966666666667,37.3858333333333
1738,Chamlykskaya,Krasnodar Krai,Russia,populated place,N 44° 42′ 57'',E 40° 52′ 43'',44.7158333333333,40.8786111111111
1739,Dzhiginka,Krasnodar Krai,Russia,populated place,N 45° 7′ 58'',E 37° 20′ 17'',45.1327777777778,37.3380555555556
1740,Platnirovskaya,Krasnodar Krai,Russia,populated place,N 45° 23′ 43'',E 39° 23′ 3'',45.3952777777778,39.3841666666667
1741,Petrovskaya,Krasnodar Krai,Russia,populated place,N 45° 25′ 53'',E 37° 57′ 18'',45.4313888888889,37.955
1742,Prochnookopskaya,Krasnodar Krai,Russia,populated place,N 45° 3′ 59'',E 41° 7′ 3'',45.0663888888889,41.1175
1743,Novominskaya,Krasnodar Krai,Russia,populated place,N 46° 18′ 58'',E 38° 57′ 30'',46.3161111111111,38.9583333333333
1744,Novomikhaylovskiy,Krasnodar Krai,Russia,populated place,N 44° 15′ 45'',E 38° 51′ 30'',44.2625,38.8583333333333
1745,Novomalorossiyskaya,Krasnodar Krai,Russia,populated place,N 45° 38′ 5'',E 39° 53′ 41'',45.6347222222222,39.8947222222222
1746,Novodzhereliyevskaya,Krasnodar Krai,Russia,populated place,N 45° 46′ 25'',E 38° 40′ 20'',45.7736111111111,38.6722222222222
1747,Starovelichkovskaya,Krasnodar Krai,Russia,populated place,N 45° 25′ 43'',E 38° 43′ 57'',45.4286111111111,38.7325
1748,Starotitarovskaya,Krasnodar Krai,Russia,populated place,N 45° 13′ 9'',E 37° 9′ 17'',45.2191666666667,37.1547222222222
1749,Staronizhestebliyevskaya,Krasnodar Krai,Russia,populated place,N 45° 22′ 59'',E 38° 26′ 34'',45.3830555555556,38.4427777777778
1750,Krasnoyarsk,Krasnoyarsk Krai,Russia,seat of a first-order administrative division,N 56° 2′ 14'',E 92° 55′ 52'',56.0372222222222,92.9311111111111
1751,Krasnoyarsk Krai,Krasnoyarsk Krai,Russia,first-order administrative division,N 67° 30′ 0'',E 96° 2′ 0'',67.5,96.0333333333333
1752,Achinsk,Krasnoyarsk Krai,Russia,seat of a second-order administrative division,N 56° 16′ 4'',E 90° 30′ 5'',56.2677777777778,90.5013888888889
1753,Zheleznogorsk,Krasnoyarsk Krai,Russia,seat of a second-order administrative division,N 56° 15′ 3'',E 93° 31′ 53'',56.2508333333333,93.5313888888889
1754,Noril'sk,Krasnoyarsk Krai,Russia,populated place,N 69° 21′ 12'',E 88° 12′ 9'',69.3533333333333,88.2025
1755,Kansk,Krasnoyarsk Krai,Russia,seat of a second-order administrative division,N 56° 12′ 7'',E 95° 43′ 6'',56.2019444444445,95.7183333333333
1756,Krasnoyarsk Yemelyanovo Airport,Krasnoyarsk Krai,Russia,airport,N 56° 10′ 22'',E 92° 29′ 35'',56.1727777777778,92.4930555555556
1757,Zelenogorsk,Krasnoyarsk Krai,Russia,seat of a second-order administrative division,N 56° 6′ 33'',E 94° 35′ 13'',56.1091666666667,94.5869444444444
1758,Nazarovo,Krasnoyarsk Krai,Russia,seat of a second-order administrative division,N 56° 0′ 41'',E 90° 24′ 59'',56.0113888888889,90.4163888888889
1759,Sharypovo,Krasnoyarsk Krai,Russia,seat of a second-order administrative division,N 55° 32′ 24'',E 89° 12′ 2'',55.54,89.2005555555556
1760,Minusinsk,Krasnoyarsk Krai,Russia,seat of a second-order administrative division,N 53° 42′ 4'',E 91° 42′ 28'',53.7011111111111,91.7077777777778
1761,Lesosibirsk,Krasnoyarsk Krai,Russia,seat of a second-order administrative division,N 58° 14′ 7'',E 92° 29′ 0'',58.2352777777778,92.4833333333333
1762,Dudinka,Krasnoyarsk Krai,Russia,populated place,N 69° 24′ 21'',E 86° 10′ 40'',69.4058333333333,86.1777777777778
1763,Kayyerkan,Krasnoyarsk Krai,Russia,populated place,N 69° 22′ 43'',E 87° 44′ 38'',69.3786111111111,87.7438888888889
1764,Yeniseysk,Krasnoyarsk Krai,Russia,seat of a second-order administrative division,N 58° 27′ 2'',E 92° 10′ 20'',58.4505555555556,92.1722222222222
1765,Bogotol,Krasnoyarsk Krai,Russia,seat of a second-order administrative division,N 56° 12′ 16'',E 89° 31′ 59'',56.2044444444445,89.5330555555556
1766,Divnogorsk,Krasnoyarsk Krai,Russia,seat of a second-order administrative division,N 55° 56′ 21'',E 92° 22′ 30'',55.9391666666667,92.375
1767,Talnakh,Krasnoyarsk Krai,Russia,populated place,N 69° 29′ 11'',E 88° 23′ 49'',69.4863888888889,88.3969444444445
1768,Sosnovoborsk,Krasnoyarsk Krai,Russia,seat of a second-order administrative division,N 56° 7′ 18'',E 93° 20′ 17'',56.1216666666667,93.3380555555556
1769,Khatanga Airport,Krasnoyarsk Krai,Russia,airport,N 71° 58′ 41'',E 102° 29′ 27'',71.9780555555556,102.490833333333
1770,Norilsk-Alykel Airport,Krasnoyarsk Krai,Russia,airport,N 69° 18′ 39'',E 87° 19′ 55'',69.3108333333333,87.3319444444445
1771,Achinsk Airport,Krasnoyarsk Krai,Russia,airport,N 56° 16′ 5'',E 90° 34′ 14'',56.2680555555556,90.5705555555556
1772,Yeniseysk Airport,Krasnoyarsk Krai,Russia,airport,N 58° 27′ 54'',E 92° 6′ 54'',58.465,92.115
1773,Turukhansk Airport,Krasnoyarsk Krai,Russia,airport,N 65° 47′ 47'',E 87° 55′ 53'',65.7963888888889,87.9313888888889
1774,Podkamennaya Tungus Airport,Krasnoyarsk Krai,Russia,airport,N 61° 35′ 43'',E 90° 0′ 30'',61.5952777777778,90.0083333333333
1775,Krasnoyarsk Cheremshanka Airport,Krasnoyarsk Krai,Russia,airport,N 56° 10′ 38'',E 92° 32′ 48'',56.1772222222222,92.5466666666667
1776,Gorodskoy Okrug Krasnoyarsk,Krasnoyarsk Krai,Russia,second-order administrative division,N 56° 1′ 39'',E 92° 57′ 29'',56.0275,92.9580555555556
1777,Kodinsk,Krasnoyarsk Krai,Russia,populated place,N 58° 36′ 22'',E 99° 10′ 26'',58.6061111111111,99.1738888888889
1778,Uzhur,Krasnoyarsk Krai,Russia,seat of a second-order administrative division,N 55° 19′ 3'',E 89° 49′ 52'',55.3175,89.8311111111111
1779,Borodino,Krasnoyarsk Krai,Russia,seat of a second-order administrative division,N 55° 54′ 27'',E 94° 54′ 42'',55.9075,94.9116666666667
1780,Dikson Airport,Krasnoyarsk Krai,Russia,airport,N 73° 31′ 4'',E 80° 22′ 46'',73.5177777777778,80.3794444444444
1781,Igarka Airport,Krasnoyarsk Krai,Russia,airport,N 67° 26′ 13'',E 86° 37′ 18'',67.4369444444445,86.6216666666667
1782,Zaozyorny,Krasnoyarsk Krai,Russia,populated place,N 55° 57′ 42'',E 94° 42′ 25'',55.9616666666667,94.7069444444445
1783,Diksonskiy Rayon,Krasnoyarsk Krai,Russia,historical second-order administrative division,N 74° 30′ 0'',E 92° 0′ 0'',74.5,92
1784,Tura,Krasnoyarsk Krai,Russia,populated place,N 64° 16′ 39'',E 100° 13′ 6'',64.2775,100.218333333333
1785,Ozero Yessey,Krasnoyarsk Krai,Russia,lake,N 68° 28′ 0'',E 102° 25′ 0'',68.4666666666667,102.416666666667
1786,Khatangskiy Rayon,Krasnoyarsk Krai,Russia,second-order administrative division,N 72° 0′ 0'',E 104° 0′ 0'',72,104
1787,Khatanga,Krasnoyarsk Krai,Russia,populated place,N 71° 58′ 48'',E 102° 28′ 16'',71.98,102.471111111111
1788,Ozero Taymyr,Krasnoyarsk Krai,Russia,lake,N 74° 34′ 39'',E 102° 38′ 55'',74.5775,102.648611111111
1789,Ozero Suringda,Krasnoyarsk Krai,Russia,lake,N 65° 30′ 0'',E 105° 5′ 0'',65.5,105.083333333333
1790,Ozero Keta,Krasnoyarsk Krai,Russia,lake,N 68° 41′ 23'',E 90° 26′ 19'',68.6897222222222,90.4386111111111
1791,Rassol,Krasnoyarsk Krai,Russia,area,N 56° 47′ 28'',E 94° 42′ 37'',56.7911111111111,94.7102777777778
1792,Ozero Pyasino,Krasnoyarsk Krai,Russia,lake,N 69° 40′ 12'',E 87° 51′ 36'',69.67,87.86
1793,Mozhary,Krasnoyarsk Krai,Russia,area,N 56° 21′ 47'',E 91° 43′ 7'',56.3630555555556,91.7186111111111
1794,(( Mokhovoye )),Krasnoyarsk Krai,Russia,area,N 56° 28′ 21'',E 95° 28′ 27'',56.4725,95.4741666666667
1795,Ozero Lama,Krasnoyarsk Krai,Russia,lake,N 69° 31′ 2'',E 90° 37′ 30'',69.5172222222222,90.625
1796,Ozero Labaz,Krasnoyarsk Krai,Russia,lake,N 72° 18′ 0'',E 99° 40′ 0'',72.3,99.6666666666667
1797,Ozero Verkhniy Tagasuk,Krasnoyarsk Krai,Russia,lake,N 53° 58′ 20'',E 94° 3′ 55'',53.9722222222222,94.0652777777778
1798,Uyar,Krasnoyarsk Krai,Russia,seat of a second-order administrative division,N 55° 48′ 53'',E 94° 19′ 37'',55.8147222222222,94.3269444444444
1799,Boguchany,Krasnoyarsk Krai,Russia,seat of a second-order administrative division,N 58° 22′ 59'',E 97° 26′ 55'',58.3830555555556,97.4486111111111
1800,Kursk,Kursk,Russia,seat of a first-order administrative division,N 51° 43′ 36'',E 36° 11′ 4'',51.7266666666667,36.1844444444444
1801,Kursk Oblast,Kursk,Russia,first-order administrative division,N 51° 41′ 0'',E 36° 6′ 0'',51.6833333333333,36.1
1802,Kursk East Airport,Kursk,Russia,airport,N 51° 45′ 2'',E 36° 17′ 44'',51.7505555555556,36.2955555555556
1803,Shchigry,Kursk,Russia,seat of a second-order administrative division,N 51° 52′ 33'',E 36° 54′ 19'',51.8758333333333,36.9052777777778
1804,Zheleznogorsk,Kursk,Russia,seat of a second-order administrative division,N 52° 20′ 31'',E 35° 21′ 33'',52.3419444444444,35.3591666666667
1805,Gorodskoy Okrug Kursk,Kursk,Russia,second-order administrative division,N 51° 44′ 47'',E 36° 10′ 18'',51.7463888888889,36.1716666666667
1806,Urochishche Krasnyy Kut,Kursk,Russia,area,N 52° 1′ 55'',E 34° 42′ 13'',52.0319444444444,34.7036111111111
1807,Urochishche Blagodatnyy,Kursk,Russia,area,N 52° 6′ 22'',E 34° 58′ 5'',52.1061111111111,34.9680555555556
1808,Urochishche Pristan’,Kursk,Russia,area,N 52° 0′ 12'',E 34° 25′ 24'',52.0033333333333,34.4233333333333
1809,Medvensky District,Kursk,Russia,second-order administrative division,N 51° 26′ 23'',E 36° 6′ 18'',51.4397222222222,36.105
1810,Manturovsky District,Kursk,Russia,second-order administrative division,N 51° 26′ 40'',E 37° 14′ 59'',51.4444444444444,37.2497222222222
1811,Gorshechensky District,Kursk,Russia,second-order administrative division,N 51° 31′ 11'',E 37° 55′ 59'',51.5197222222222,37.9330555555556
1812,Dmitriyevsky District,Kursk,Russia,second-order administrative division,N 52° 8′ 43'',E 34° 59′ 12'',52.1452777777778,34.9866666666667
1813,Cheremisinovsky District,Kursk,Russia,second-order administrative division,N 51° 53′ 56'',E 37° 13′ 0'',51.8988888888889,37.2166666666667
1814,Glushkovsky District,Kursk,Russia,second-order administrative division,N 51° 20′ 13'',E 34° 32′ 21'',51.3369444444445,34.5391666666667
1815,Fatezhsky District,Kursk,Russia,second-order administrative division,N 52° 5′ 13'',E 35° 50′ 13'',52.0869444444445,35.8369444444445
1816,Fatezh,Kursk,Russia,seat of a second-order administrative division,N 52° 5′ 23'',E 35° 51′ 32'',52.0897222222222,35.8588888888889
1817,Belovsky District,Kursk,Russia,second-order administrative division,N 51° 3′ 39'',E 35° 42′ 13'',51.0608333333333,35.7036111111111
1818,Belaya,Kursk,Russia,seat of a second-order administrative division,N 51° 3′ 31'',E 35° 42′ 39'',51.0586111111111,35.7108333333333
1819,Pristensky District,Kursk,Russia,second-order administrative division,N 51° 13′ 40'',E 36° 43′ 15'',51.2277777777778,36.7208333333333
1820,Ponyrovsky District,Kursk,Russia,second-order administrative division,N 52° 15′ 43'',E 36° 16′ 9'',52.2619444444444,36.2691666666667
1821,Sovetsky District,Kursk,Russia,second-order administrative division,N 51° 48′ 2'',E 37° 38′ 10'',51.8005555555556,37.6361111111111
1822,Solntsevsky District,Kursk,Russia,second-order administrative division,N 51° 28′ 47'',E 36° 44′ 55'',51.4797222222222,36.7486111111111
1823,Oboyansky District,Kursk,Russia,second-order administrative division,N 51° 14′ 11'',E 36° 9′ 2'',51.2363888888889,36.1505555555556
1824,Oboyan',Kursk,Russia,seat of a second-order administrative division,N 51° 12′ 44'',E 36° 16′ 42'',51.2122222222222,36.2783333333333
1825,Shchigrovsky District,Kursk,Russia,second-order administrative division,N 51° 55′ 0'',E 36° 50′ 0'',51.9166666666667,36.8333333333333
1826,Sudzhansky District,Kursk,Russia,second-order administrative division,N 51° 13′ 22'',E 35° 18′ 28'',51.2227777777778,35.3077777777778
1827,Sudzha,Kursk,Russia,seat of a second-order administrative division,N 51° 11′ 27'',E 35° 16′ 15'',51.1908333333333,35.2708333333333
1828,Timskiy Rayon,Kursk,Russia,second-order administrative division,N 51° 40′ 13'',E 37° 9′ 2'',51.6702777777778,37.1505555555556
1829,Zolotukhinsky District,Kursk,Russia,second-order administrative division,N 52° 2′ 24'',E 36° 24′ 24'',52.04,36.4066666666667
1830,Zheleznogorsky District,Kursk,Russia,second-order administrative division,N 52° 14′ 1'',E 35° 30′ 28'',52.2336111111111,35.5077777777778
1831,Konyshevka,Kursk,Russia,seat of a second-order administrative division,N 51° 50′ 30'',E 35° 17′ 38'',51.8416666666667,35.2938888888889
1832,Kurskiy Rayon,Kursk,Russia,second-order administrative division,N 51° 42′ 25'',E 36° 14′ 14'',51.7069444444444,36.2372222222222
1833,Kurchatovsky District,Kursk,Russia,second-order administrative division,N 51° 41′ 50'',E 35° 36′ 58'',51.6972222222222,35.6161111111111
1834,Kurchatov,Kursk,Russia,seat of a second-order administrative division,N 51° 39′ 12'',E 35° 41′ 11'',51.6533333333333,35.6863888888889
1835,Kshenskiy,Kursk,Russia,seat of a second-order administrative division,N 51° 50′ 27'',E 37° 42′ 49'',51.8408333333333,37.7136111111111
1836,L'govskiy,Kursk,Russia,populated place,N 51° 37′ 50'',E 35° 16′ 39'',51.6305555555556,35.2775
1837,Kastornoye,Kursk,Russia,seat of a second-order administrative division,N 51° 49′ 48'',E 38° 7′ 50'',51.83,38.1305555555556
1838,Kastorenskiy Rayon,Kursk,Russia,second-order administrative division,N 51° 47′ 20'',E 38° 7′ 47'',51.7888888888889,38.1297222222222
1839,Khomutovsky District,Kursk,Russia,second-order administrative division,N 51° 53′ 30'',E 34° 39′ 12'',51.8916666666667,34.6533333333333
1840,Ryl'sk,Kursk,Russia,seat of a second-order administrative division,N 51° 34′ 17'',E 34° 40′ 59'',51.5713888888889,34.6830555555556
1841,Gorodskoy Okrug Shchigry,Kursk,Russia,second-order administrative division,N 51° 52′ 10'',E 36° 58′ 1'',51.8694444444445,36.9669444444444
1842,Gorodskoy Okrug Zheleznogorsk,Kursk,Russia,second-order administrative division,N 52° 20′ 10'',E 35° 21′ 46'',52.3361111111111,35.3627777777778
1843,Gorodskoy Okrug Kurchatov,Kursk,Russia,second-order administrative division,N 51° 39′ 19'',E 35° 41′ 7'',51.6552777777778,35.6852777777778
1844,Zheleznogor Urban District,Kursk,Russia,second-order administrative division,N 52° 19′ 59'',E 35° 21′ 44'',52.3330555555556,35.3622222222222
1845,Shchigry District,Kursk,Russia,second-order administrative division,N 51° 52′ 18'',E 36° 54′ 5'',51.8716666666667,36.9013888888889
1846,Lgov District,Kursk,Russia,second-order administrative division,N 51° 41′ 35'',E 35° 16′ 36'',51.6930555555556,35.2766666666667
1847,Kursky District,Kursk,Russia,second-order administrative division,N 51° 44′ 46'',E 36° 13′ 40'',51.7461111111111,36.2277777777778
1848,Dmitriyev-Lgovsky,Kursk,Russia,populated place,N 52° 7′ 32'',E 35° 4′ 31'',52.1255555555556,35.0752777777778
1849,Oktyabrsky District,Kursk,Russia,second-order administrative division,N 51° 42′ 16'',E 35° 51′ 7'',51.7044444444445,35.8519444444445
1850,Durban,KwaZulu-Natal,South Africa,seat of a second-order administrative division,S 29° 51′ 28'',E 31° 1′ 45'',-29.8577777777778,31.0291666666667
1851,Pietermaritzburg,KwaZulu-Natal,South Africa,seat of a first-order administrative division,S 29° 37′ 0'',E 30° 23′ 34'',-29.6166666666667,30.3927777777778
1852,Champagne Castle,KwaZulu-Natal,South Africa,peak,S 29° 5′ 38'',E 29° 19′ 50'',-29.0938888888889,29.3305555555556
1853,KwaZulu-Natal,KwaZulu-Natal,South Africa,first-order administrative division,S 29° 0′ 0'',E 30° 0′ 0'',-29,30
1854,Richards Bay,KwaZulu-Natal,South Africa,seat of a second-order administrative division,S 28° 46′ 58'',E 32° 2′ 15'',-28.7827777777778,32.0375
1855,Mpumalanga,KwaZulu-Natal,South Africa,populated place,S 29° 48′ 46'',E 30° 38′ 11'',-29.8127777777778,30.6363888888889
1856,Tongaat,KwaZulu-Natal,South Africa,populated place,S 29° 34′ 25'',E 31° 6′ 55'',-29.5736111111111,31.1152777777778
1857,KwaDukuza,KwaZulu-Natal,South Africa,populated place,S 29° 19′ 41'',E 31° 17′ 22'',-29.3280555555556,31.2894444444444
1858,Giant’s Castle,KwaZulu-Natal,South Africa,mountain,S 29° 20′ 45'',E 29° 28′ 56'',-29.3458333333333,29.4822222222222
1859,Pinetown,KwaZulu-Natal,South Africa,populated place,S 29° 49′ 14'',E 30° 53′ 12'',-29.8205555555556,30.8866666666667
1860,Ntuzuma,KwaZulu-Natal,South Africa,populated place,S 29° 44′ 20'',E 30° 56′ 56'',-29.7388888888889,30.9488888888889
1861,Dundee,KwaZulu-Natal,South Africa,seat of a second-order administrative division,S 28° 10′ 0'',E 30° 14′ 1'',-28.1666666666667,30.2336111111111
1862,Ladysmith,KwaZulu-Natal,South Africa,seat of a second-order administrative division,S 28° 33′ 31'',E 29° 46′ 44'',-28.5586111111111,29.7788888888889
1863,Newcastle,KwaZulu-Natal,South Africa,seat of a second-order administrative division,S 27° 45′ 28'',E 29° 55′ 54'',-27.7577777777778,29.9316666666667
1864,Vryheid,KwaZulu-Natal,South Africa,seat of a third-order administrative division,S 27° 46′ 10'',E 30° 47′ 29'',-27.7694444444444,30.7913888888889
1865,Mondlo,KwaZulu-Natal,South Africa,populated place,S 27° 58′ 58'',E 30° 43′ 3'',-27.9827777777778,30.7175
1866,Richard Bay Airport,KwaZulu-Natal,South Africa,airport,S 28° 44′ 27'',E 32° 5′ 31'',-28.7408333333333,32.0919444444444
1867,Ulundi Airport,KwaZulu-Natal,South Africa,airport,S 28° 18′ 57'',E 31° 25′ 4'',-28.3158333333333,31.4177777777778
1868,King Shaka International Airport,KwaZulu-Natal,South Africa,airport,S 29° 36′ 45'',E 31° 6′ 58'',-29.6125,31.1161111111111
1869,Cathedral Peak,KwaZulu-Natal,South Africa,mountain,S 28° 55′ 26'',E 29° 8′ 1'',-28.9238888888889,29.1336111111111
1870,Virginia Aerodrome,KwaZulu-Natal,South Africa,airport,S 29° 46′ 14'',E 31° 3′ 30'',-29.7705555555556,31.0583333333333
1871,Newcastle Airport,KwaZulu-Natal,South Africa,airport,S 27° 46′ 0'',E 29° 59′ 0'',-27.7666666666667,29.9833333333333
1872,Ladysmith Airport,KwaZulu-Natal,South Africa,airport,S 28° 34′ 53'',E 29° 45′ 5'',-28.5813888888889,29.7513888888889
1873,Margate Airport,KwaZulu-Natal,South Africa,airport,S 30° 51′ 26'',E 30° 20′ 34'',-30.8572222222222,30.3427777777778
1874,Royal Natal National Park,KwaZulu-Natal,South Africa,park,S 28° 41′ 37'',E 28° 55′ 39'',-28.6936111111111,28.9275
1875,Port of Durban,KwaZulu-Natal,South Africa,port,S 29° 52′ 25'',E 31° 1′ 23'',-29.8736111111111,31.0230555555556
1876,Glencoe,KwaZulu-Natal,South Africa,populated place,S 28° 10′ 41'',E 30° 8′ 49'',-28.1780555555556,30.1469444444444
1877,Howick,KwaZulu-Natal,South Africa,seat of a third-order administrative division,S 29° 28′ 40'',E 30° 13′ 50'',-29.4777777777778,30.2305555555556
1878,Margate,KwaZulu-Natal,South Africa,populated place,S 30° 51′ 48'',E 30° 22′ 13'',-30.8633333333333,30.3702777777778
1879,Bhangazi,KwaZulu-Natal,South Africa,lake,S 27° 38′ 45'',E 32° 38′ 6'',-27.6458333333333,32.635
1880,Vryheid Airport,KwaZulu-Natal,South Africa,airport,S 27° 47′ 0'',E 30° 48′ 0'',-27.7833333333333,30.8
1881,Lake Saint Lucia,KwaZulu-Natal,South Africa,lake,S 28° 0′ 0'',E 32° 30′ 0'',-28,32.5
1882,Battlefield at Rorke’s Drift,KwaZulu-Natal,South Africa,battlefield,S 28° 21′ 16'',E 30° 32′ 32'',-28.3544444444444,30.5422222222222
1883,Umfolozi Game Reserve,KwaZulu-Natal,South Africa,nature reserve,S 28° 18′ 17'',E 31° 44′ 27'',-28.3047222222222,31.7408333333333
1884,Ulundi,KwaZulu-Natal,South Africa,seat of a second-order administrative division,S 28° 20′ 6'',E 31° 24′ 58'',-28.335,31.4161111111111
1885,Tongaland,KwaZulu-Natal,South Africa,region,S 27° 10′ 0'',E 32° 20′ 0'',-27.1666666666667,32.3333333333333
1886,Zululand,KwaZulu-Natal,South Africa,region,S 28° 0′ 0'',E 32° 0′ 0'',-28,32
1887,Griqualand East,KwaZulu-Natal,South Africa,region,S 30° 30′ 0'',E 29° 0′ 0'',-30.5,29
1888,Kokstad,KwaZulu-Natal,South Africa,seat of a third-order administrative division,S 30° 32′ 50'',E 29° 25′ 26'',-30.5472222222222,29.4238888888889
1889,eSikhaleni,KwaZulu-Natal,South Africa,populated place,S 28° 52′ 15'',E 31° 53′ 58'',-28.8708333333333,31.8994444444444
1890,Empangeni,KwaZulu-Natal,South Africa,populated place,S 28° 45′ 43'',E 31° 53′ 35'',-28.7619444444444,31.8930555555556
1891,Hluhluwe–Imfolozi Park,KwaZulu-Natal,South Africa,wildlife reserve,S 28° 2′ 21'',E 32° 3′ 31'',-28.0391666666667,32.0586111111111
1892,Mpophomeni,KwaZulu-Natal,South Africa,populated place,S 29° 34′ 5'',E 30° 11′ 10'',-29.5680555555556,30.1861111111111
1893,Moyeni,KwaZulu-Natal,South Africa,locality,S 28° 43′ 21'',E 29° 10′ 53'',-28.7225,29.1813888888889
1894,Mooi River,KwaZulu-Natal,South Africa,populated place,S 29° 12′ 29'',E 29° 59′ 40'',-29.2080555555556,29.9944444444444
1895,Mkuze Game Reserve,KwaZulu-Natal,South Africa,wildlife reserve,S 27° 38′ 8'',E 32° 12′ 33'',-27.6355555555556,32.2091666666667
1896,Midmar Nature Reserve,KwaZulu-Natal,South Africa,nature reserve,S 29° 30′ 56'',E 30° 10′ 49'',-29.5155555555556,30.1802777777778
1897,Mgobezeleni,KwaZulu-Natal,South Africa,lake,S 27° 31′ 50'',E 32° 39′ 29'',-27.5305555555556,32.6580555555556
1898,KuMpungwini,KwaZulu-Natal,South Africa,lake,S 26° 56′ 30'',E 32° 51′ 12'',-26.9416666666667,32.8533333333333
1899,Kosimeer,KwaZulu-Natal,South Africa,lake,S 26° 58′ 58'',E 32° 50′ 13'',-26.9827777777778,32.8369444444445
1900,Lipetsk,Lipetsk,Russia,seat of a first-order administrative division,N 52° 35′ 15'',E 39° 33′ 5'',52.5875,39.5513888888889
1901,Yelets,Lipetsk,Russia,seat of a second-order administrative division,N 52° 36′ 51'',E 38° 30′ 33'',52.6141666666667,38.5091666666667
1902,Lipetsk Oblast,Lipetsk,Russia,first-order administrative division,N 52° 38′ 30'',E 39° 9′ 0'',52.6416666666667,39.15
1903,Lipetsk Airport,Lipetsk,Russia,airport,N 52° 42′ 10'',E 39° 32′ 16'',52.7027777777778,39.5377777777778
1904,Gryazi,Lipetsk,Russia,seat of a second-order administrative division,N 52° 29′ 43'',E 39° 56′ 25'',52.4952777777778,39.9402777777778
1905,Dankov,Lipetsk,Russia,seat of a second-order administrative division,N 53° 14′ 59'',E 39° 8′ 38'',53.2497222222222,39.1438888888889
1906,Zadonsk,Lipetsk,Russia,seat of a second-order administrative division,N 52° 23′ 25'',E 38° 55′ 33'',52.3902777777778,38.9258333333333
1907,Chaplygin,Lipetsk,Russia,seat of a second-order administrative division,N 53° 14′ 3'',E 39° 57′ 40'',53.2341666666667,39.9611111111111
1908,Urochishche Kuzhnoye-Chernechek,Lipetsk,Russia,area,N 51° 58′ 10'',E 40° 22′ 59'',51.9694444444445,40.3830555555556
1909,Urochishche Bodyayevka,Lipetsk,Russia,area,N 53° 25′ 48'',E 39° 8′ 51'',53.43,39.1475
1910,Urochishche Samoylovskiye Vyselki,Lipetsk,Russia,area,N 53° 20′ 38'',E 39° 5′ 35'',53.3438888888889,39.0930555555556
1911,Urochishche Malaya Khrushchëvka,Lipetsk,Russia,area,N 53° 17′ 39'',E 39° 18′ 25'',53.2941666666667,39.3069444444444
1912,Urochishche Sadovyye Vyselki,Lipetsk,Russia,area,N 53° 30′ 31'',E 38° 48′ 12'',53.5086111111111,38.8033333333333
1913,Urochishche Bunino,Lipetsk,Russia,area,N 52° 13′ 27'',E 38° 41′ 57'',52.2241666666667,38.6991666666667
1914,Urochishche Almazovo,Lipetsk,Russia,area,N 53° 26′ 4'',E 39° 35′ 48'',53.4344444444444,39.5966666666667
1915,Donskoye,Lipetsk,Russia,populated place,N 52° 37′ 2'',E 38° 58′ 25'',52.6172222222222,38.9736111111111
1916,Urochishche Don,Lipetsk,Russia,area,N 52° 6′ 1'',E 38° 58′ 0'',52.1002777777778,38.9666666666667
1917,Dobrinka,Lipetsk,Russia,seat of a second-order administrative division,N 52° 9′ 55'',E 40° 28′ 23'',52.1652777777778,40.4730555555556
1918,Urochishche Dmitriyevka,Lipetsk,Russia,area,N 52° 19′ 45'',E 38° 35′ 24'',52.3291666666667,38.59
1919,Urochishche Fëdorovka,Lipetsk,Russia,area,N 52° 51′ 51'',E 38° 32′ 52'',52.8641666666667,38.5477777777778
1920,Plekhanovo,Lipetsk,Russia,populated place,N 52° 38′ 17'',E 39° 50′ 50'',52.6380555555556,39.8472222222222
1921,Urochishche Podzayatskoye,Lipetsk,Russia,area,N 53° 14′ 1'',E 38° 36′ 32'',53.2336111111111,38.6088888888889
1922,Urochishche Nizhnyaya Lukavka,Lipetsk,Russia,area,N 52° 30′ 41'',E 40° 8′ 50'',52.5113888888889,40.1472222222222
1923,Urochishche Starotaninskaya,Lipetsk,Russia,area,N 53° 33′ 7'',E 39° 48′ 45'',53.5519444444444,39.8125
1924,Stanovlyansky District,Lipetsk,Russia,second-order administrative division,N 52° 52′ 41'',E 38° 16′ 47'',52.8780555555556,38.2797222222222
1925,Urochishche Sovetskiy,Lipetsk,Russia,area,N 53° 24′ 51'',E 39° 32′ 36'',53.4141666666667,39.5433333333333
1926,Urochishche Vesëlyy,Lipetsk,Russia,area,N 52° 21′ 14'',E 38° 25′ 42'',52.3538888888889,38.4283333333333
1927,Usman',Lipetsk,Russia,seat of a second-order administrative division,N 52° 2′ 41'',E 39° 43′ 32'',52.0447222222222,39.7255555555556
1928,Syrskoye,Lipetsk,Russia,populated place,N 52° 34′ 15'',E 39° 31′ 51'',52.5708333333333,39.5308333333333
1929,Urochishche Krasnaya Polyana,Lipetsk,Russia,area,N 51° 57′ 57'',E 40° 20′ 10'',51.9658333333333,40.3361111111111
1930,Urochishche Taranino,Lipetsk,Russia,area,N 53° 20′ 26'',E 39° 32′ 7'',53.3405555555556,39.5352777777778
1931,Urochishche Mikhaylovka,Lipetsk,Russia,area,N 52° 56′ 48'',E 39° 19′ 23'',52.9466666666667,39.3230555555556
1932,Lebedyan',Lipetsk,Russia,seat of a second-order administrative division,N 53° 0′ 55'',E 39° 8′ 40'',53.0152777777778,39.1444444444444
1933,Kazaki,Lipetsk,Russia,populated place,N 52° 37′ 29'',E 38° 15′ 53'',52.6247222222222,38.2647222222222
1934,Urochishche Kamenka-Remerovo,Lipetsk,Russia,area,N 52° 48′ 18'',E 38° 12′ 14'',52.805,38.2038888888889
1935,Khlevnoye,Lipetsk,Russia,seat of a second-order administrative division,N 52° 11′ 41'',E 39° 5′ 20'',52.1947222222222,39.0888888888889
1936,Krasnoye,Lipetsk,Russia,seat of a second-order administrative division,N 52° 51′ 47'',E 38° 47′ 4'',52.8630555555556,38.7844444444444
1937,Yelets,Lipetsk,Russia,second-order administrative division,N 52° 36′ 58'',E 38° 29′ 29'',52.6161111111111,38.4913888888889
1938,Gorodskoy Okrug Lipetsk,Lipetsk,Russia,second-order administrative division,N 52° 35′ 35'',E 39° 35′ 57'',52.5930555555556,39.5991666666667
1939,Urochishche Gur’yevy Khutora,Lipetsk,Russia,area,N 52° 49′ 55'',E 38° 1′ 58'',52.8319444444444,38.0327777777778
1940,Gryazinsky District,Lipetsk,Russia,second-order administrative division,N 52° 28′ 30'',E 39° 51′ 7'',52.475,39.8519444444445
1941,Izmalkovsky District,Lipetsk,Russia,second-order administrative division,N 52° 38′ 9'',E 37° 59′ 18'',52.6358333333333,37.9883333333333
1942,Dolgorukovsky District,Lipetsk,Russia,second-order administrative division,N 52° 20′ 26'',E 38° 21′ 57'',52.3405555555556,38.3658333333333
1943,Dobrovsky District,Lipetsk,Russia,second-order administrative division,N 52° 54′ 42'',E 39° 46′ 59'',52.9116666666667,39.7830555555556
1944,Dobrinsky District,Lipetsk,Russia,second-order administrative division,N 52° 10′ 44'',E 40° 22′ 13'',52.1788888888889,40.3702777777778
1945,Dankovsky District,Lipetsk,Russia,second-order administrative division,N 53° 18′ 46'',E 38° 57′ 37'',53.3127777777778,38.9602777777778
1946,Chaplyginsky District,Lipetsk,Russia,second-order administrative division,N 53° 18′ 26'',E 39° 57′ 41'',53.3072222222222,39.9613888888889
1947,Zadonsky District,Lipetsk,Russia,second-order administrative division,N 52° 28′ 4'',E 38° 57′ 22'',52.4677777777778,38.9561111111111
1948,Yeletsky District,Lipetsk,Russia,second-order administrative division,N 52° 34′ 14'',E 38° 34′ 28'',52.5705555555556,38.5744444444444
1949,Volovsky District,Lipetsk,Russia,second-order administrative division,N 52° 2′ 3'',E 37° 57′ 20'',52.0341666666667,37.9555555555556
1950,Bhopal,Madhya Pradesh,India,seat of a first-order administrative division,N 23° 15′ 16'',E 77° 24′ 10'',23.2544444444444,77.4027777777778
1951,Madhya Pradesh,Madhya Pradesh,India,first-order administrative division,N 23° 30′ 0'',E 78° 30′ 0'',23.5,78.5
1952,Indore,Madhya Pradesh,India,populated place,N 22° 43′ 4'',E 75° 49′ 59'',22.7177777777778,75.8330555555556
1953,Sehore,Madhya Pradesh,India,populated place,N 23° 12′ 0'',E 77° 5′ 0'',23.2,77.0833333333333
1954,Bhind,Madhya Pradesh,India,populated place,N 26° 34′ 0'',E 78° 47′ 14'',26.5666666666667,78.7872222222222
1955,Morena,Madhya Pradesh,India,populated place,N 26° 29′ 56'',E 77° 59′ 43'',26.4988888888889,77.9952777777778
1956,Jabalpur,Madhya Pradesh,India,populated place,N 23° 10′ 1'',E 79° 57′ 0'',23.1669444444444,79.95
1957,Narmadapuram,Madhya Pradesh,India,populated place,N 22° 44′ 50'',E 77° 43′ 38'',22.7472222222222,77.7272222222222
1958,Guna,Madhya Pradesh,India,populated place,N 24° 38′ 48'',E 77° 18′ 40'',24.6466666666667,77.3111111111111
1959,Vidisha,Madhya Pradesh,India,populated place,N 23° 31′ 33'',E 77° 48′ 39'',23.5258333333333,77.8108333333333
1960,Chhatarpur,Madhya Pradesh,India,populated place,N 24° 55′ 3'',E 79° 35′ 19'',24.9175,79.5886111111111
1961,Ujjain,Madhya Pradesh,India,populated place,N 23° 10′ 56'',E 75° 46′ 35'',23.1822222222222,75.7763888888889
1962,Gwalior,Madhya Pradesh,India,populated place,N 26° 13′ 47'',E 78° 10′ 24'',26.2297222222222,78.1733333333333
1963,Khandwa,Madhya Pradesh,India,populated place,N 21° 49′ 27'',E 76° 21′ 3'',21.8241666666667,76.3508333333333
1964,Sheopur,Madhya Pradesh,India,populated place,N 25° 39′ 53'',E 76° 41′ 46'',25.6647222222222,76.6961111111111
1965,Rewa,Madhya Pradesh,India,populated place,N 24° 31′ 57'',E 81° 17′ 32'',24.5325,81.2922222222222
1966,Damoh,Madhya Pradesh,India,populated place,N 23° 49′ 59'',E 79° 26′ 30'',23.8330555555556,79.4416666666667
1967,Ashoknagar,Madhya Pradesh,India,populated place,N 24° 34′ 32'',E 77° 43′ 52'',24.5755555555556,77.7311111111111
1968,Mandsaur,Madhya Pradesh,India,populated place,N 24° 4′ 18'',E 75° 4′ 11'',24.0716666666667,75.0697222222222
1969,Dewas,Madhya Pradesh,India,populated place,N 22° 57′ 57'',E 76° 3′ 18'',22.9658333333333,76.055
1970,Shivpuri,Madhya Pradesh,India,populated place,N 25° 25′ 25'',E 77° 39′ 44'',25.4236111111111,77.6622222222222
1971,Shahdol,Madhya Pradesh,India,populated place,N 23° 17′ 36'',E 81° 21′ 42'',23.2933333333333,81.3616666666667
1972,Singrauli,Madhya Pradesh,India,populated place,N 24° 11′ 59'',E 82° 40′ 31'',24.1997222222222,82.6752777777778
1973,Khargone,Madhya Pradesh,India,populated place,N 21° 49′ 22'',E 75° 36′ 50'',21.8227777777778,75.6138888888889
1974,Seoni,Madhya Pradesh,India,populated place,N 22° 5′ 6'',E 79° 33′ 1'',22.085,79.5502777777778
1975,Sendhwa,Madhya Pradesh,India,populated place,N 21° 41′ 8'',E 75° 5′ 46'',21.6855555555556,75.0961111111111
1976,Satna,Madhya Pradesh,India,populated place,N 24° 34′ 38'',E 80° 49′ 37'',24.5772222222222,80.8269444444444
1977,Saugor,Madhya Pradesh,India,populated place,N 23° 50′ 19'',E 78° 44′ 19'',23.8386111111111,78.7386111111111
1978,Sabalgarh,Madhya Pradesh,India,populated place,N 26° 14′ 57'',E 77° 24′ 28'',26.2491666666667,77.4077777777778
1979,Ratlām,Madhya Pradesh,India,populated place,N 23° 19′ 49'',E 75° 2′ 25'',23.3302777777778,75.0402777777778
1980,Alirajpur,Madhya Pradesh,India,populated place,N 22° 18′ 14'',E 74° 21′ 20'',22.3038888888889,74.3555555555556
1981,Betūl,Madhya Pradesh,India,populated place,N 21° 54′ 2'',E 77° 54′ 8'',21.9005555555556,77.9022222222222
1982,Berasia,Madhya Pradesh,India,populated place,N 23° 37′ 52'',E 77° 26′ 0'',23.6311111111111,77.4333333333333
1983,Bareli,Madhya Pradesh,India,populated place,N 23° 0′ 16'',E 78° 13′ 48'',23.0044444444444,78.23
1984,Nagda,Madhya Pradesh,India,populated place,N 23° 27′ 30'',E 75° 25′ 3'',23.4583333333333,75.4175
1985,Murwāra,Madhya Pradesh,India,populated place,N 23° 50′ 15'',E 80° 23′ 38'',23.8375,80.3938888888889
1986,Multai,Madhya Pradesh,India,populated place,N 21° 46′ 28'',E 78° 15′ 27'',21.7744444444444,78.2575
1987,Mhow,Madhya Pradesh,India,populated place,N 22° 33′ 32'',E 75° 45′ 55'',22.5588888888889,75.7652777777778
1988,Porsa,Madhya Pradesh,India,populated place,N 26° 40′ 28'',E 78° 22′ 14'',26.6744444444444,78.3705555555556
1989,Orchha,Madhya Pradesh,India,populated place,N 25° 21′ 6'',E 78° 38′ 25'',25.3516666666667,78.6402777777778
1990,Datia,Madhya Pradesh,India,populated place,N 25° 40′ 23'',E 78° 27′ 32'',25.6730555555556,78.4588888888889
1991,Chhindwāra,Madhya Pradesh,India,populated place,N 22° 3′ 25'',E 78° 56′ 22'',22.0569444444444,78.9394444444445
1992,Jaora,Madhya Pradesh,India,populated place,N 23° 38′ 16'',E 75° 7′ 37'',23.6377777777778,75.1269444444444
1993,Itārsi,Madhya Pradesh,India,populated place,N 22° 36′ 53'',E 77° 45′ 44'',22.6147222222222,77.7622222222222
1994,Gohad,Madhya Pradesh,India,populated place,N 26° 25′ 58'',E 78° 26′ 31'',26.4327777777778,78.4419444444445
1995,Pithampur,Madhya Pradesh,India,populated place,N 22° 36′ 7'',E 75° 41′ 47'',22.6019444444444,75.6963888888889
1996,Khirkiya,Madhya Pradesh,India,populated place,N 22° 10′ 2'',E 76° 51′ 40'',22.1672222222222,76.8611111111111
1997,Shivpuri District,Madhya Pradesh,India,second-order administrative division,N 25° 30′ 0'',E 78° 0′ 0'',25.5,78
1998,Shajapur,Madhya Pradesh,India,second-order administrative division,N 23° 30′ 0'',E 76° 15′ 0'',23.5,76.25
1999,Shahdol,Madhya Pradesh,India,second-order administrative division,N 23° 30′ 0'',E 81° 30′ 0'',23.5,81.5
2000,Mumbai,Maharashtra,India,seat of a first-order administrative division,N 19° 4′ 22'',E 72° 52′ 57'',19.0727777777778,72.8825
2001,Marathwada,Maharashtra,India,region,N 19° 17′ 20'',E 76° 57′ 13'',19.2888888888889,76.9536111111111
2002,Pune,Maharashtra,India,populated place,N 18° 31′ 10'',E 73° 51′ 19'',18.5194444444444,73.8552777777778
2003,Maharashtra,Maharashtra,India,first-order administrative division,N 19° 30′ 0'',E 76° 0′ 0'',19.5,76
2004,Salsette,Maharashtra,India,island,N 19° 12′ 0'',E 72° 54′ 0'',19.2,72.9
2005,Nagpur,Maharashtra,India,seat of a second-order administrative division,N 21° 8′ 46'',E 79° 5′ 5'',21.1461111111111,79.0847222222222
2006,Nashik,Maharashtra,India,seat of a second-order administrative division,N 19° 59′ 50'',E 73° 47′ 27'',19.9972222222222,73.7908333333333
2007,Jalgaon,Maharashtra,India,populated place,N 21° 0′ 10'',E 75° 33′ 57'',21.0027777777778,75.5658333333333
2008,Pimpri-Chinchwad,Maharashtra,India,populated place,N 18° 37′ 7'',E 73° 48′ 13'',18.6186111111111,73.8036111111111
2009,Navi Mumbai,Maharashtra,India,section of populated place,N 19° 2′ 12'',E 73° 0′ 57'',19.0366666666667,73.0158333333333
2010,Pimpri,Maharashtra,India,populated place,N 18° 37′ 22'',E 73° 48′ 25'',18.6227777777778,73.8069444444444
2011,Virār,Maharashtra,India,populated place,N 19° 27′ 21'',E 72° 48′ 40'',19.4558333333333,72.8111111111111
2012,Solapur,Maharashtra,India,populated place,N 17° 40′ 17'',E 75° 54′ 37'',17.6713888888889,75.9102777777778
2013,Bhiwandi,Maharashtra,India,populated place,N 19° 18′ 0'',E 73° 3′ 31'',19.3,73.0586111111111
2014,Bhayandar,Maharashtra,India,populated place,N 19° 18′ 5'',E 72° 51′ 3'',19.3013888888889,72.8508333333333
2015,Barshi,Maharashtra,India,populated place,N 18° 14′ 4'',E 75° 41′ 33'',18.2344444444444,75.6925
2016,Nandurbar,Maharashtra,India,populated place,N 21° 22′ 0'',E 74° 14′ 25'',21.3666666666667,74.2402777777778
2017,Nanded,Maharashtra,India,populated place,N 19° 9′ 36'',E 77° 18′ 53'',19.16,77.3147222222222
2018,Dombivali,Maharashtra,India,populated place,N 19° 13′ 0'',E 73° 5′ 0'',19.2166666666667,73.0833333333333
2019,Aurangabad,Maharashtra,India,seat of a second-order administrative division,N 19° 52′ 39'',E 75° 20′ 32'',19.8775,75.3422222222222
2020,Achalpur,Maharashtra,India,populated place,N 21° 15′ 23'',E 77° 30′ 36'',21.2563888888889,77.51
2021,Thane,Maharashtra,India,populated place,N 19° 11′ 49'',E 72° 57′ 48'',19.1969444444444,72.9633333333333
2022,Kalyān,Maharashtra,India,populated place,N 19° 14′ 37'',E 73° 8′ 7'',19.2436111111111,73.1352777777778
2023,Sinnar,Maharashtra,India,populated place,N 19° 50′ 42'',E 73° 59′ 55'',19.845,73.9986111111111
2024,Latur,Maharashtra,India,seat of a third-order administrative division,N 18° 23′ 49'',E 76° 34′ 4'',18.3969444444444,76.5677777777778
2025,Parbhani,Maharashtra,India,populated place,N 19° 16′ 6'',E 76° 46′ 14'',19.2683333333333,76.7705555555556
2026,Panvel,Maharashtra,India,populated place,N 18° 59′ 19'',E 73° 6′ 36'',18.9886111111111,73.11
2027,Chandrapur,Maharashtra,India,populated place,N 19° 57′ 2'',E 79° 17′ 42'',19.9505555555556,79.295
2028,Ichalkaranji,Maharashtra,India,populated place,N 16° 41′ 28'',E 74° 27′ 37'',16.6911111111111,74.4602777777778
2029,Gondiā,Maharashtra,India,populated place,N 21° 27′ 36'',E 80° 11′ 31'',21.46,80.1919444444445
2030,Wardha,Maharashtra,India,populated place,N 20° 44′ 21'',E 78° 35′ 52'',20.7391666666667,78.5977777777778
2031,Umred,Maharashtra,India,populated place,N 20° 51′ 14'',E 79° 19′ 28'',20.8538888888889,79.3244444444444
2032,Akot,Maharashtra,India,populated place,N 21° 5′ 46'',E 77° 3′ 31'',21.0961111111111,77.0586111111111
2033,Akola,Maharashtra,India,populated place,N 20° 42′ 34'',E 76° 59′ 53'',20.7094444444444,76.9980555555556
2034,Ahilyanagar,Maharashtra,India,populated place,N 19° 5′ 40'',E 74° 44′ 18'',19.0944444444444,74.7383333333333
2035,Shirpur,Maharashtra,India,populated place,N 21° 20′ 53'',E 74° 52′ 49'',21.3480555555556,74.8802777777778
2036,Hingoli,Maharashtra,India,populated place,N 19° 42′ 52'',E 77° 8′ 32'',19.7144444444444,77.1422222222222
2037,Ulhasnagar,Maharashtra,India,populated place,N 19° 13′ 0'',E 73° 9′ 0'',19.2166666666667,73.15
2038,Kolhāpur,Maharashtra,India,populated place,N 16° 41′ 44'',E 74° 13′ 54'',16.6955555555556,74.2316666666667
2039,Satara,Maharashtra,India,populated place,N 17° 41′ 9'',E 73° 59′ 36'',17.6858333333333,73.9933333333333
2040,Saoner,Maharashtra,India,populated place,N 21° 23′ 6'',E 78° 55′ 17'',21.385,78.9213888888889
2041,Sangli,Maharashtra,India,populated place,N 16° 51′ 15'',E 74° 33′ 51'',16.8541666666667,74.5641666666667
2042,Borivali,Maharashtra,India,populated place,N 19° 14′ 5'',E 72° 51′ 35'',19.2347222222222,72.8597222222222
2043,Beed,Maharashtra,India,seat of a third-order administrative division,N 18° 59′ 21'',E 75° 45′ 22'',18.9891666666667,75.7561111111111
2044,Bhusawal,Maharashtra,India,populated place,N 21° 2′ 37'',E 75° 47′ 6'',21.0436111111111,75.785
2045,Mehkar,Maharashtra,India,populated place,N 20° 9′ 1'',E 76° 34′ 6'',20.1502777777778,76.5683333333333
2046,Malegaon,Maharashtra,India,populated place,N 20° 32′ 58'',E 74° 32′ 4'',20.5494444444444,74.5344444444445
2047,Dharashiv,Maharashtra,India,seat of a third-order administrative division,N 18° 10′ 53'',E 76° 2′ 20'',18.1813888888889,76.0388888888889
2048,Ozar,Maharashtra,India,populated place,N 20° 5′ 41'',E 73° 55′ 41'',20.0947222222222,73.9280555555556
2049,Nilanga,Maharashtra,India,populated place,N 18° 7′ 0'',E 76° 45′ 10'',18.1166666666667,76.7527777777778
2050,Mato Grosso,Mato Grosso,Brazil,first-order administrative division,S 13° 0′ 0'',W 56° 0′ 0'',-13,-56
2051,Cuiabá,Mato Grosso,Brazil,seat of a first-order administrative division,S 15° 35′ 46'',W 56° 5′ 48'',-15.5961111111111,-56.0966666666667
2052,Mato Grosso do Sul,Mato Grosso,Brazil,first-order administrative division,S 20° 30′ 0'',W 55° 0′ 0'',-20.5,-55
2053,Campo Grande,Mato Grosso,Brazil,seat of a first-order administrative division,S 20° 26′ 34'',W 54° 38′ 47'',-20.4427777777778,-54.6463888888889
2054,Dourados,Mato Grosso,Brazil,populated place,S 22° 13′ 16'',W 54° 48′ 20'',-22.2211111111111,-54.8055555555556
2055,Corumbá,Mato Grosso,Brazil,populated place,S 19° 0′ 33'',W 57° 39′ 12'',-19.0091666666667,-57.6533333333333
2056,Rondonópolis,Mato Grosso,Brazil,populated place,S 16° 28′ 15'',W 54° 38′ 8'',-16.4708333333333,-54.6355555555556
2057,Cáceres,Mato Grosso,Brazil,populated place,S 16° 4′ 14'',W 57° 40′ 44'',-16.0705555555556,-57.6788888888889
2058,Várzea Grande,Mato Grosso,Brazil,populated place,S 15° 38′ 48'',W 56° 7′ 57'',-15.6466666666667,-56.1325
2059,Tangará da Serra,Mato Grosso,Brazil,populated place,S 14° 37′ 10'',W 57° 29′ 9'',-14.6194444444444,-57.4858333333333
2060,Sinop,Mato Grosso,Brazil,populated place,S 11° 51′ 51'',W 55° 30′ 9'',-11.8641666666667,-55.5025
2061,Sorriso,Mato Grosso,Brazil,populated place,S 12° 32′ 43'',W 55° 42′ 41'',-12.5452777777778,-55.7113888888889
2062,Marechal Rondon International Airport,Mato Grosso,Brazil,airport,S 15° 39′ 10'',W 56° 7′ 0'',-15.6527777777778,-56.1166666666667
2063,Ponta Porã,Mato Grosso,Brazil,populated place,S 22° 32′ 10'',W 55° 43′ 32'',-22.5361111111111,-55.7255555555556
2064,Três Lagoas,Mato Grosso,Brazil,populated place,S 20° 47′ 15'',W 51° 42′ 12'',-20.7875,-51.7033333333333
2065,Corumbá Municipality,Mato Grosso,Brazil,second-order administrative division,S 18° 38′ 51'',W 56° 49′ 15'',-18.6475,-56.8208333333333
2066,Barra do Garças,Mato Grosso,Brazil,populated place,S 15° 53′ 24'',W 52° 15′ 24'',-15.89,-52.2566666666667
2067,Aripuanã Airport,Mato Grosso,Brazil,airport,S 10° 11′ 11'',W 59° 27′ 27'',-10.1863888888889,-59.4575
2068,Juína Airport,Mato Grosso,Brazil,airport,S 11° 25′ 3'',W 58° 42′ 38'',-11.4175,-58.7105555555556
2069,Rondonópolis Airport,Mato Grosso,Brazil,airport,S 16° 35′ 9'',W 54° 43′ 29'',-16.5858333333333,-54.7247222222222
2070,São Félix do Araguaia Municipality,Mato Grosso,Brazil,second-order administrative division,S 11° 26′ 32'',W 52° 8′ 21'',-11.4422222222222,-52.1391666666667
2071,Cáceres Municipality,Mato Grosso,Brazil,second-order administrative division,S 16° 25′ 21'',W 57° 42′ 38'',-16.4225,-57.7105555555556
2072,Apiacás Municipality,Mato Grosso,Brazil,second-order administrative division,S 9° 2′ 22'',W 57° 45′ 34'',-9.03944444444444,-57.7594444444445
2073,Juína Municipality,Mato Grosso,Brazil,second-order administrative division,S 11° 24′ 11'',W 59° 30′ 29'',-11.4030555555556,-59.5080555555556
2074,Paranatinga Municipality,Mato Grosso,Brazil,second-order administrative division,S 13° 20′ 35'',W 54° 0′ 55'',-13.3430555555556,-54.0152777777778
2075,Aripuanã Municipality,Mato Grosso,Brazil,second-order administrative division,S 10° 13′ 33'',W 59° 36′ 42'',-10.2258333333333,-59.6116666666667
2076,Colniza Municipality,Mato Grosso,Brazil,second-order administrative division,S 9° 17′ 30'',W 60° 18′ 16'',-9.29166666666667,-60.3044444444444
2077,Comodoro,Mato Grosso,Brazil,second-order administrative division,S 13° 19′ 33'',W 59° 49′ 17'',-13.3258333333333,-59.8213888888889
2078,Bonito Airport,Mato Grosso,Brazil,airport,S 21° 14′ 38'',W 56° 27′ 0'',-21.2438888888889,-56.45
2079,Campo Grande International Airport,Mato Grosso,Brazil,airport,S 20° 28′ 7'',W 54° 40′ 21'',-20.4686111111111,-54.6725
2080,Pontes e Lacerda,Mato Grosso,Brazil,populated place,S 15° 13′ 34'',W 59° 20′ 7'',-15.2261111111111,-59.3352777777778
2081,Lucas do Rio Verde,Mato Grosso,Brazil,seat of a second-order administrative division,S 13° 4′ 16'',W 55° 54′ 53'',-13.0711111111111,-55.9147222222222
2082,Confresa Airport,Mato Grosso,Brazil,airport,S 10° 38′ 3'',W 51° 33′ 48'',-10.6341666666667,-51.5633333333333
2083,Juruena Airport,Mato Grosso,Brazil,airport,S 10° 18′ 21'',W 58° 29′ 22'',-10.3058333333333,-58.4894444444444
2084,Matupá Airport,Mato Grosso,Brazil,airport,S 10° 10′ 13'',W 54° 57′ 10'',-10.1702777777778,-54.9527777777778
2085,Sinop Airport,Mato Grosso,Brazil,airport,S 11° 53′ 6'',W 55° 35′ 10'',-11.885,-55.5861111111111
2086,Santa Terezinha Airport,Mato Grosso,Brazil,airport,S 10° 27′ 45'',W 50° 31′ 25'',-10.4625,-50.5236111111111
2087,São Félix do Araguaia Airport,Mato Grosso,Brazil,airport,S 11° 37′ 56'',W 50° 41′ 22'',-11.6322222222222,-50.6894444444444
2088,Feliz Natal Municipality,Mato Grosso,Brazil,second-order administrative division,S 11° 56′ 9'',W 54° 14′ 21'',-11.9358333333333,-54.2391666666667
2089,Juara Municipality,Mato Grosso,Brazil,second-order administrative division,S 11° 5′ 53'',W 57° 29′ 29'',-11.0980555555556,-57.4913888888889
2090,Campo Novo do Parecis,Mato Grosso,Brazil,populated place,S 13° 40′ 31'',W 57° 53′ 31'',-13.6752777777778,-57.8919444444444
2091,Nova Mutum,Mato Grosso,Brazil,populated place,S 13° 49′ 44'',W 56° 4′ 56'',-13.8288888888889,-56.0822222222222
2092,Lucas do Rio Verde Airport,Mato Grosso,Brazil,airport,S 13° 2′ 12'',W 55° 56′ 54'',-13.0366666666667,-55.9483333333333
2093,Alta Floresta Aeroporto,Mato Grosso,Brazil,airport,S 9° 51′ 57'',W 56° 6′ 22'',-9.86583333333333,-56.1061111111111
2094,Juara Airport,Mato Grosso,Brazil,airport,S 11° 17′ 12'',W 57° 32′ 20'',-11.2866666666667,-57.5388888888889
2095,Água Boa Airport,Mato Grosso,Brazil,airport,S 14° 1′ 31'',W 52° 9′ 15'',-14.0252777777778,-52.1541666666667
2096,Sorriso Airport,Mato Grosso,Brazil,airport,S 12° 28′ 50'',W 55° 40′ 23'',-12.4805555555556,-55.6730555555556
2097,Mato Grosso,Mato Grosso,Brazil,airport,S 14° 59′ 41'',W 59° 56′ 43'',-14.9947222222222,-59.9452777777778
2098,Rio Verde de Mato Grosso,Mato Grosso,Brazil,second-order administrative division,S 18° 52′ 2'',W 54° 54′ 52'',-18.8672222222222,-54.9144444444444
2099,Rio Brilhante,Mato Grosso,Brazil,populated place,S 21° 48′ 7'',W 54° 32′ 47'',-21.8019444444444,-54.5463888888889
2100,Mato Grosso do Sul,Mato Grosso do Sul,Brazil,first-order administrative division,S 20° 30′ 0'',W 55° 0′ 0'',-20.5,-55
2101,Campo Grande,Mato Grosso do Sul,Brazil,seat of a first-order administrative division,S 20° 26′ 34'',W 54° 38′ 47'',-20.4427777777778,-54.6463888888889
2102,Dourados,Mato Grosso do Sul,Brazil,populated place,S 22° 13′ 16'',W 54° 48′ 20'',-22.2211111111111,-54.8055555555556
2103,Corumbá,Mato Grosso do Sul,Brazil,populated place,S 19° 0′ 33'',W 57° 39′ 12'',-19.0091666666667,-57.6533333333333
2104,Ponta Porã,Mato Grosso do Sul,Brazil,populated place,S 22° 32′ 10'',W 55° 43′ 32'',-22.5361111111111,-55.7255555555556
2105,Três Lagoas,Mato Grosso do Sul,Brazil,populated place,S 20° 47′ 15'',W 51° 42′ 12'',-20.7875,-51.7033333333333
2106,Corumbá Municipality,Mato Grosso do Sul,Brazil,second-order administrative division,S 18° 38′ 51'',W 56° 49′ 15'',-18.6475,-56.8208333333333
2107,Bonito Airport,Mato Grosso do Sul,Brazil,airport,S 21° 14′ 38'',W 56° 27′ 0'',-21.2438888888889,-56.45
2108,Campo Grande International Airport,Mato Grosso do Sul,Brazil,airport,S 20° 28′ 7'',W 54° 40′ 21'',-20.4686111111111,-54.6725
2109,Paranaíba,Mato Grosso do Sul,Brazil,populated place,S 19° 40′ 38'',W 51° 11′ 27'',-19.6772222222222,-51.1908333333333
2110,Dourados Airport,Mato Grosso do Sul,Brazil,airport,S 22° 12′ 6'',W 54° 55′ 35'',-22.2016666666667,-54.9263888888889
2111,Rio Brilhante,Mato Grosso do Sul,Brazil,populated place,S 21° 48′ 7'',W 54° 32′ 47'',-21.8019444444444,-54.5463888888889
2112,Naviraí,Mato Grosso do Sul,Brazil,populated place,S 23° 3′ 54'',W 54° 11′ 26'',-23.065,-54.1905555555556
2113,Miranda,Mato Grosso do Sul,Brazil,populated place,S 20° 14′ 26'',W 56° 22′ 42'',-20.2405555555556,-56.3783333333333
2114,Maracaju,Mato Grosso do Sul,Brazil,populated place,S 21° 36′ 52'',W 55° 10′ 6'',-21.6144444444444,-55.1683333333333
2115,Coxim,Mato Grosso do Sul,Brazil,populated place,S 18° 30′ 24'',W 54° 45′ 36'',-18.5066666666667,-54.76
2116,Aquidauana Municipality,Mato Grosso do Sul,Brazil,second-order administrative division,S 20° 27′ 28'',W 55° 50′ 16'',-20.4577777777778,-55.8377777777778
2117,Corumbá International Airport,Mato Grosso do Sul,Brazil,airport,S 19° 0′ 42'',W 57° 40′ 23'',-19.0116666666667,-57.6730555555556
2118,Ponta Porã International Airport,Mato Grosso do Sul,Brazil,airport,S 22° 32′ 58'',W 55° 42′ 9'',-22.5494444444444,-55.7025
2119,Rio Verde de Mato Grosso,Mato Grosso do Sul,Brazil,second-order administrative division,S 18° 52′ 2'',W 54° 54′ 52'',-18.8672222222222,-54.9144444444444
2120,Chapadão do Sul,Mato Grosso do Sul,Brazil,populated place,S 18° 47′ 39'',W 52° 37′ 22'',-18.7941666666667,-52.6227777777778
2121,São Gabriel do Oeste,Mato Grosso do Sul,Brazil,populated place,S 19° 23′ 43'',W 54° 33′ 59'',-19.3952777777778,-54.5663888888889
2122,Bonito,Mato Grosso do Sul,Brazil,populated place,S 21° 7′ 16'',W 56° 28′ 55'',-21.1211111111111,-56.4819444444444
2123,Aquidauana,Mato Grosso do Sul,Brazil,populated place,S 20° 28′ 16'',W 55° 47′ 14'',-20.4711111111111,-55.7872222222222
2124,Amambai,Mato Grosso do Sul,Brazil,populated place,S 23° 6′ 15'',W 55° 13′ 33'',-23.1041666666667,-55.2258333333333
2125,Sidrolândia,Mato Grosso do Sul,Brazil,populated place,S 20° 55′ 55'',W 54° 57′ 41'',-20.9319444444444,-54.9613888888889
2126,Cassilândia,Mato Grosso do Sul,Brazil,populated place,S 19° 6′ 48'',W 51° 44′ 3'',-19.1133333333333,-51.7341666666667
2127,Caarapó,Mato Grosso do Sul,Brazil,populated place,S 22° 38′ 3'',W 54° 49′ 20'',-22.6341666666667,-54.8222222222222
2128,Água Clara,Mato Grosso do Sul,Brazil,second-order administrative division,S 19° 53′ 52'',W 52° 57′ 3'',-19.8977777777778,-52.9508333333333
2129,Brasilândia,Mato Grosso do Sul,Brazil,second-order administrative division,S 21° 7′ 11'',W 52° 26′ 17'',-21.1197222222222,-52.4380555555556
2130,Camapuã,Mato Grosso do Sul,Brazil,second-order administrative division,S 19° 3′ 27'',W 53° 51′ 28'',-19.0575,-53.8577777777778
2131,Inocência,Mato Grosso do Sul,Brazil,second-order administrative division,S 19° 40′ 17'',W 52° 2′ 38'',-19.6713888888889,-52.0438888888889
2132,Maracaju,Mato Grosso do Sul,Brazil,second-order administrative division,S 21° 25′ 29'',W 55° 32′ 44'',-21.4247222222222,-55.5455555555556
2133,Miranda,Mato Grosso do Sul,Brazil,second-order administrative division,S 20° 12′ 31'',W 56° 31′ 34'',-20.2086111111111,-56.5261111111111
2134,Ponta Porã,Mato Grosso do Sul,Brazil,second-order administrative division,S 22° 0′ 57'',W 55° 43′ 36'',-22.0158333333333,-55.7266666666667
2135,Sonora,Mato Grosso do Sul,Brazil,second-order administrative division,S 17° 40′ 26'',W 54° 27′ 11'',-17.6738888888889,-54.4530555555556
2136,Três Lagoas,Mato Grosso do Sul,Brazil,second-order administrative division,S 20° 22′ 46'',W 52° 15′ 34'',-20.3794444444444,-52.2594444444445
2137,Costa Rica,Mato Grosso do Sul,Brazil,populated place,S 18° 32′ 38'',W 53° 7′ 45'',-18.5438888888889,-53.1291666666667
2138,Nova Andradina,Mato Grosso do Sul,Brazil,populated place,S 22° 14′ 0'',W 53° 20′ 35'',-22.2333333333333,-53.3430555555556
2139,Paraíso das Águas,Mato Grosso do Sul,Brazil,second-order administrative division,S 19° 13′ 38'',W 53° 7′ 50'',-19.2272222222222,-53.1305555555556
2140,Chapadão do Sul,Mato Grosso do Sul,Brazil,second-order administrative division,S 19° 4′ 1'',W 52° 44′ 26'',-19.0669444444444,-52.7405555555556
2141,Fátima do Sul,Mato Grosso do Sul,Brazil,second-order administrative division,S 22° 20′ 39'',W 54° 22′ 14'',-22.3441666666667,-54.3705555555556
2142,Figueirão,Mato Grosso do Sul,Brazil,second-order administrative division,S 18° 40′ 30'',W 53° 38′ 33'',-18.675,-53.6425
2143,Aparecida do Taboado,Mato Grosso do Sul,Brazil,populated place,S 20° 5′ 12'',W 51° 5′ 37'',-20.0866666666667,-51.0936111111111
2144,Dois Irmãos do Buriti,Mato Grosso do Sul,Brazil,second-order administrative division,S 20° 34′ 18'',W 55° 22′ 6'',-20.5716666666667,-55.3683333333333
2145,São Gabriel do Oeste,Mato Grosso do Sul,Brazil,second-order administrative division,S 19° 7′ 54'',W 54° 26′ 55'',-19.1316666666667,-54.4486111111111
2146,Dois Irmãos do Buriti,Mato Grosso do Sul,Brazil,populated place,S 20° 40′ 47'',W 55° 17′ 46'',-20.6797222222222,-55.2961111111111
2147,Água Clara,Mato Grosso do Sul,Brazil,populated place,S 20° 26′ 53'',W 52° 52′ 41'',-20.4480555555556,-52.8780555555556
2148,Porto Murtinho,Mato Grosso do Sul,Brazil,populated place,S 21° 41′ 56'',W 57° 52′ 57'',-21.6988888888889,-57.8825
2149,Camapuã,Mato Grosso do Sul,Brazil,populated place,S 19° 31′ 53'',W 54° 2′ 38'',-19.5313888888889,-54.0438888888889
2150,Michoacán,Michoacán,Mexico,first-order administrative division,N 19° 10′ 0'',W 101° 50′ 0'',19.1666666666667,-101.833333333333
2151,Morelia,Michoacán,Mexico,seat of a first-order administrative division,N 19° 42′ 2'',W 101° 11′ 3'',19.7005555555556,-101.184166666667
2152,Zamora,Michoacán,Mexico,seat of a second-order administrative division,N 19° 59′ 2'',W 102° 17′ 10'',19.9838888888889,-102.286111111111
2153,Uruapan,Michoacán,Mexico,seat of a second-order administrative division,N 19° 25′ 0'',W 102° 3′ 30'',19.4166666666667,-102.058333333333
2154,Apatzingán,Michoacán,Mexico,populated place,N 19° 5′ 19'',W 102° 21′ 25'',19.0886111111111,-102.356944444444
2155,Lázaro Cárdenas,Michoacán,Mexico,populated place,N 17° 58′ 14'',W 102° 13′ 16'',17.9705555555556,-102.221111111111
2156,La Piedad,Michoacán,Mexico,seat of a second-order administrative division,N 20° 20′ 27'',W 102° 1′ 21'',20.3408333333333,-102.0225
2157,Sahuayo de Morelos,Michoacán,Mexico,seat of a second-order administrative division,N 20° 3′ 25'',W 102° 42′ 59'',20.0569444444444,-102.716388888889
2158,Heróica Zitácuaro,Michoacán,Mexico,seat of a second-order administrative division,N 18° 52′ 16'',W 103° 17′ 57'',18.8711111111111,-103.299166666667
2159,Ciudad Hidalgo,Michoacán,Mexico,seat of a second-order administrative division,N 19° 41′ 22'',W 100° 33′ 18'',19.6894444444444,-100.555
2160,Lake Pátzcuaro,Michoacán,Mexico,lake,N 19° 38′ 49'',W 101° 36′ 33'',19.6469444444444,-101.609166666667
2161,Lázaro Cárdenas Airport,Michoacán,Mexico,airport,N 18° 0′ 6'',W 102° 13′ 13'',18.0016666666667,-102.220277777778
2162,Morelia International Airport,Michoacán,Mexico,airport,N 19° 50′ 59'',W 101° 1′ 31'',19.8497222222222,-101.025277777778
2163,Uruapan International Airport,Michoacán,Mexico,airport,N 19° 23′ 48'',W 102° 2′ 20'',19.3966666666667,-102.038888888889
2164,Parícutin,Michoacán,Mexico,volcano,N 19° 29′ 35'',W 102° 15′ 4'',19.4930555555556,-102.251111111111
2165,Pablo L. Sidar Airport,Michoacán,Mexico,airport,N 19° 5′ 35'',W 102° 23′ 45'',19.0930555555556,-102.395833333333
2166,Laguna de Cuitzeo,Michoacán,Mexico,lake,N 20° 0′ 47'',W 101° 6′ 9'',20.0130555555556,-101.1025
2167,Zacapú,Michoacán,Mexico,seat of a second-order administrative division,N 19° 48′ 50'',W 101° 47′ 29'',19.8138888888889,-101.791388888889
2168,Tuzantla,Michoacán,Mexico,populated place,N 19° 12′ 10'',W 100° 34′ 0'',19.2027777777778,-100.566666666667
2169,Laguna Cuitzeo,Michoacán,Mexico,lake,N 19° 55′ 0'',W 100° 51′ 0'',19.9166666666667,-100.85
2170,Tocumbo,Michoacán,Mexico,second-order administrative division,N 19° 37′ 12'',W 102° 36′ 2'',19.62,-102.600555555556
2171,Venustiano Carranza,Michoacán,Mexico,second-order administrative division,N 20° 7′ 17'',W 102° 40′ 26'',20.1213888888889,-102.673888888889
2172,Acuitzio Municipality,Michoacán,Mexico,second-order administrative division,N 19° 28′ 18'',W 101° 19′ 45'',19.4716666666667,-101.329166666667
2173,Aguililla Municipality,Michoacán,Mexico,second-order administrative division,N 18° 46′ 6'',W 102° 45′ 55'',18.7683333333333,-102.765277777778
2174,Angamacutiro,Michoacán,Mexico,second-order administrative division,N 20° 8′ 4'',W 101° 43′ 37'',20.1344444444444,-101.726944444444
2175,Angangueo,Michoacán,Mexico,second-order administrative division,N 19° 37′ 20'',W 100° 18′ 6'',19.6222222222222,-100.301666666667
2176,Apatzingán,Michoacán,Mexico,second-order administrative division,N 18° 59′ 18'',W 102° 25′ 18'',18.9883333333333,-102.421666666667
2177,Aquila,Michoacán,Mexico,second-order administrative division,N 18° 22′ 33'',W 103° 13′ 23'',18.3758333333333,-103.223055555556
2178,Ario,Michoacán,Mexico,second-order administrative division,N 19° 9′ 52'',W 101° 42′ 23'',19.1644444444444,-101.706388888889
2179,Arteaga Municipality,Michoacán,Mexico,second-order administrative division,N 18° 19′ 19'',W 102° 22′ 12'',18.3219444444444,-102.37
2180,Buenavista Municipality,Michoacán,Mexico,second-order administrative division,N 19° 11′ 16'',W 102° 35′ 4'',19.1877777777778,-102.584444444444
2181,Coahuayana Municipality,Michoacán,Mexico,second-order administrative division,N 18° 43′ 44'',W 103° 38′ 13'',18.7288888888889,-103.636944444444
2182,Contepec Municipality,Michoacán,Mexico,second-order administrative division,N 19° 57′ 17'',W 100° 12′ 44'',19.9547222222222,-100.212222222222
2183,Cotija,Michoacán,Mexico,second-order administrative division,N 19° 44′ 53'',W 102° 42′ 31'',19.7480555555556,-102.708611111111
2184,Cuitzeo Municipality,Michoacán,Mexico,second-order administrative division,N 19° 59′ 45'',W 101° 8′ 35'',19.9958333333333,-101.143055555556
2185,Charapan,Michoacán,Mexico,second-order administrative division,N 19° 39′ 28'',W 102° 14′ 42'',19.6577777777778,-102.245
2186,Charo Municipality,Michoacán,Mexico,second-order administrative division,N 19° 39′ 52'',W 101° 0′ 53'',19.6644444444444,-101.014722222222
2187,Chavinda,Michoacán,Mexico,second-order administrative division,N 20° 2′ 51'',W 102° 26′ 20'',20.0475,-102.438888888889
2188,Chilchota Municipality,Michoacán,Mexico,second-order administrative division,N 19° 50′ 30'',W 102° 5′ 5'',19.8416666666667,-102.084722222222
2189,Chinicuila Municipality,Michoacán,Mexico,second-order administrative division,N 18° 43′ 20'',W 103° 23′ 25'',18.7222222222222,-103.390277777778
2190,Churumuco Municipality,Michoacán,Mexico,second-order administrative division,N 18° 42′ 22'',W 101° 36′ 35'',18.7061111111111,-101.609722222222
2191,Epitacio Huerta,Michoacán,Mexico,second-order administrative division,N 20° 8′ 47'',W 100° 17′ 8'',20.1463888888889,-100.285555555556
2192,Erongarícuaro,Michoacán,Mexico,second-order administrative division,N 19° 35′ 36'',W 101° 43′ 12'',19.5933333333333,-101.72
2193,Hidalgo,Michoacán,Mexico,second-order administrative division,N 19° 35′ 19'',W 100° 40′ 15'',19.5886111111111,-100.670833333333
2194,La Huacana,Michoacán,Mexico,second-order administrative division,N 18° 53′ 15'',W 101° 52′ 29'',18.8875,-101.874722222222
2195,Huandacareo Municipality,Michoacán,Mexico,second-order administrative division,N 19° 58′ 41'',W 101° 17′ 6'',19.9780555555556,-101.285
2196,Huetamo Municipality,Michoacán,Mexico,second-order administrative division,N 18° 39′ 27'',W 101° 3′ 34'',18.6575,-101.059444444444
2197,Huiramba Municipality,Michoacán,Mexico,second-order administrative division,N 19° 31′ 35'',W 101° 27′ 34'',19.5263888888889,-101.459444444444
2198,Indaparapeo,Michoacán,Mexico,second-order administrative division,N 19° 45′ 35'',W 100° 56′ 43'',19.7597222222222,-100.945277777778
2199,Ixtlán,Michoacán,Mexico,second-order administrative division,N 20° 8′ 39'',W 102° 24′ 38'',20.1441666666667,-102.410555555556
2200,Minas Gerais,Minas Gerais,Brazil,first-order administrative division,S 18° 0′ 0'',W 44° 0′ 0'',-18,-44
2201,Belo Horizonte,Minas Gerais,Brazil,seat of a first-order administrative division,S 19° 55′ 15'',W 43° 56′ 16'',-19.9208333333333,-43.9377777777778
2202,Betim,Minas Gerais,Brazil,populated place,S 19° 58′ 4'',W 44° 11′ 54'',-19.9677777777778,-44.1983333333333
2203,Uberlândia,Minas Gerais,Brazil,populated place,S 18° 55′ 7'',W 48° 16′ 38'',-18.9186111111111,-48.2772222222222
2204,Teófilo Otoni,Minas Gerais,Brazil,populated place,S 17° 51′ 27'',W 41° 30′ 19'',-17.8575,-41.5052777777778
2205,Ipatinga,Minas Gerais,Brazil,populated place,S 19° 28′ 6'',W 42° 32′ 12'',-19.4683333333333,-42.5366666666667
2206,Divinópolis,Minas Gerais,Brazil,populated place,S 20° 8′ 36'',W 44° 53′ 26'',-20.1433333333333,-44.8905555555556
2207,São João del Rei,Minas Gerais,Brazil,populated place,S 21° 8′ 8'',W 44° 15′ 42'',-21.1355555555556,-44.2616666666667
2208,Contagem,Minas Gerais,Brazil,populated place,S 19° 55′ 54'',W 44° 3′ 13'',-19.9316666666667,-44.0536111111111
2209,Governador Valadares,Minas Gerais,Brazil,populated place,S 18° 51′ 4'',W 41° 56′ 58'',-18.8511111111111,-41.9494444444444
2210,Pará de Minas,Minas Gerais,Brazil,populated place,S 19° 51′ 37'',W 44° 36′ 30'',-19.8602777777778,-44.6083333333333
2211,Araxá,Minas Gerais,Brazil,populated place,S 19° 35′ 36'',W 46° 56′ 26'',-19.5933333333333,-46.9405555555556
2212,Santa Luzia,Minas Gerais,Brazil,populated place,S 19° 46′ 11'',W 43° 51′ 5'',-19.7697222222222,-43.8513888888889
2213,Sabará,Minas Gerais,Brazil,populated place,S 19° 53′ 11'',W 43° 48′ 24'',-19.8863888888889,-43.8066666666667
2214,Ribeirão das Neves,Minas Gerais,Brazil,populated place,S 19° 46′ 1'',W 44° 5′ 12'',-19.7669444444444,-44.0866666666667
2215,Araguari,Minas Gerais,Brazil,populated place,S 18° 38′ 50'',W 48° 11′ 14'',-18.6472222222222,-48.1872222222222
2216,Alfenas,Minas Gerais,Brazil,populated place,S 21° 25′ 45'',W 45° 56′ 50'',-21.4291666666667,-45.9472222222222
2217,Viçosa,Minas Gerais,Brazil,populated place,S 20° 45′ 14'',W 42° 52′ 55'',-20.7538888888889,-42.8819444444444
2218,Vespasiano,Minas Gerais,Brazil,populated place,S 19° 41′ 31'',W 43° 55′ 24'',-19.6919444444444,-43.9233333333333
2219,Uberaba,Minas Gerais,Brazil,populated place,S 19° 44′ 54'',W 47° 55′ 55'',-19.7483333333333,-47.9319444444444
2220,Ubá,Minas Gerais,Brazil,populated place,S 21° 7′ 12'',W 42° 56′ 34'',-21.12,-42.9427777777778
2221,Três Corações,Minas Gerais,Brazil,populated place,S 21° 41′ 49'',W 45° 15′ 12'',-21.6969444444444,-45.2533333333333
2222,Timóteo,Minas Gerais,Brazil,populated place,S 19° 34′ 51'',W 42° 38′ 58'',-19.5808333333333,-42.6494444444444
2223,Patrocínio,Minas Gerais,Brazil,populated place,S 18° 56′ 38'',W 46° 59′ 33'',-18.9438888888889,-46.9925
2224,Passos,Minas Gerais,Brazil,populated place,S 20° 43′ 8'',W 46° 36′ 35'',-20.7188888888889,-46.6097222222222
2225,Paracatu,Minas Gerais,Brazil,populated place,S 17° 13′ 20'',W 46° 52′ 29'',-17.2222222222222,-46.8747222222222
2226,Nova Serrana,Minas Gerais,Brazil,populated place,S 19° 52′ 34'',W 44° 59′ 1'',-19.8761111111111,-44.9836111111111
2227,Nova Lima,Minas Gerais,Brazil,populated place,S 19° 59′ 8'',W 43° 50′ 48'',-19.9855555555556,-43.8466666666667
2228,Muriaé,Minas Gerais,Brazil,populated place,S 21° 7′ 50'',W 42° 21′ 59'',-21.1305555555556,-42.3663888888889
2229,Manhuaçu,Minas Gerais,Brazil,populated place,S 20° 15′ 29'',W 42° 2′ 1'',-20.2580555555556,-42.0336111111111
2230,Lavras,Minas Gerais,Brazil,populated place,S 21° 14′ 43'',W 44° 59′ 59'',-21.2452777777778,-44.9997222222222
2231,Caratinga,Minas Gerais,Brazil,populated place,S 19° 47′ 23'',W 42° 8′ 21'',-19.7897222222222,-42.1391666666667
2232,Lagoa Santa,Minas Gerais,Brazil,populated place,S 19° 37′ 48'',W 43° 54′ 3'',-19.63,-43.9008333333333
2233,João Monlevade,Minas Gerais,Brazil,populated place,S 19° 48′ 36'',W 43° 10′ 25'',-19.81,-43.1736111111111
2234,Ituiutaba,Minas Gerais,Brazil,populated place,S 18° 58′ 27'',W 49° 27′ 43'',-18.9741666666667,-49.4619444444445
2235,Itaúna,Minas Gerais,Brazil,populated place,S 20° 4′ 31'',W 44° 34′ 35'',-20.0752777777778,-44.5763888888889
2236,Itajubá,Minas Gerais,Brazil,populated place,S 22° 25′ 32'',W 45° 27′ 10'',-22.4255555555556,-45.4527777777778
2237,Itabira,Minas Gerais,Brazil,populated place,S 19° 37′ 9'',W 43° 13′ 37'',-19.6191666666667,-43.2269444444445
2238,Ibirité,Minas Gerais,Brazil,populated place,S 20° 1′ 19'',W 44° 3′ 32'',-20.0219444444444,-44.0588888888889
2239,Pedra da Mina,Minas Gerais,Brazil,mountain,S 22° 25′ 0'',W 44° 51′ 0'',-22.4166666666667,-44.85
2240,Patos de Minas,Minas Gerais,Brazil,populated place,S 18° 34′ 44'',W 46° 31′ 5'',-18.5788888888889,-46.5180555555556
2241,Conselheiro Lafaiete,Minas Gerais,Brazil,populated place,S 20° 39′ 37'',W 43° 47′ 10'',-20.6602777777778,-43.7861111111111
2242,Juiz de Fora,Minas Gerais,Brazil,seat of a second-order administrative division,S 21° 45′ 51'',W 43° 21′ 1'',-21.7641666666667,-43.3502777777778
2243,Pico das Agulhas Negras,Minas Gerais,Brazil,mountain,S 22° 22′ 48'',W 44° 39′ 37'',-22.38,-44.6602777777778
2244,Unaí,Minas Gerais,Brazil,populated place,S 16° 21′ 27'',W 46° 54′ 22'',-16.3575,-46.9061111111111
2245,Pouso Alegre,Minas Gerais,Brazil,populated place,S 22° 13′ 48'',W 45° 56′ 11'',-22.23,-45.9363888888889
2246,Poços de Caldas,Minas Gerais,Brazil,seat of a second-order administrative division,S 21° 47′ 16'',W 46° 33′ 41'',-21.7877777777778,-46.5613888888889
2247,Varginha,Minas Gerais,Brazil,populated place,S 21° 33′ 5'',W 45° 25′ 49'',-21.5513888888889,-45.4302777777778
2248,Sete Lagoas,Minas Gerais,Brazil,populated place,S 19° 27′ 57'',W 44° 14′ 48'',-19.4658333333333,-44.2466666666667
2249,Ouro Preto,Minas Gerais,Brazil,populated place,S 20° 23′ 41'',W 43° 30′ 18'',-20.3947222222222,-43.505
2250,"Minneapolis-St. Paul-Bloomington, MN-WI Metro Area",Minnesota,United States,economic region,N 45° 6′ 12'',W 93° 16′ 31'',45.1033333333333,-93.2752777777778
2251,Minneapolis-St. Paul-Bloomington,Minnesota,United States,economic region,N 44° 57′ 27'',W 93° 10′ 42'',44.9575,-93.1783333333333
2252,Saint Paul,Minnesota,United States,seat of a first-order administrative division,N 44° 56′ 39'',W 93° 5′ 35'',44.9441666666667,-93.0930555555556
2253,Minnesota,Minnesota,United States,first-order administrative division,N 46° 15′ 0'',W 94° 15′ 2'',46.25,-94.2505555555556
2254,Duluth,Minnesota,United States,seat of a second-order administrative division,N 46° 46′ 59'',W 92° 6′ 23'',46.7830555555556,-92.1063888888889
2255,Rochester,Minnesota,United States,seat of a second-order administrative division,N 44° 1′ 17'',W 92° 28′ 11'',44.0213888888889,-92.4697222222222
2256,Minneapolis,Minnesota,United States,seat of a second-order administrative division,N 44° 58′ 47'',W 93° 15′ 49'',44.9797222222222,-93.2636111111111
2257,Saint Cloud,Minnesota,United States,seat of a second-order administrative division,N 45° 33′ 38'',W 94° 9′ 44'',45.5605555555556,-94.1622222222222
2258,Moorhead,Minnesota,United States,seat of a second-order administrative division,N 46° 52′ 25'',W 96° 46′ 10'',46.8736111111111,-96.7694444444445
2259,Eden Prairie,Minnesota,United States,populated place,N 44° 51′ 16'',W 93° 28′ 14'',44.8544444444445,-93.4705555555556
2260,Hibbing,Minnesota,United States,populated place,N 47° 25′ 37'',W 92° 56′ 15'',47.4269444444444,-92.9375
2261,"Duluth, MN-WI",Minnesota,United States,economic region,N 47° 22′ 7'',W 92° 9′ 3'',47.3686111111111,-92.1508333333333
2262,Burnsville,Minnesota,United States,populated place,N 44° 46′ 3'',W 93° 16′ 39'',44.7675,-93.2775
2263,Lakeville,Minnesota,United States,populated place,N 44° 38′ 58'',W 93° 14′ 33'',44.6494444444444,-93.2425
2264,Maple Plain,Minnesota,United States,populated place,N 45° 0′ 25'',W 93° 39′ 20'',45.0069444444444,-93.6555555555556
2265,Minnetonka,Minnesota,United States,populated place,N 44° 54′ 47'',W 93° 30′ 11'',44.9130555555556,-93.5030555555556
2266,Bloomington,Minnesota,United States,populated place,N 44° 50′ 26'',W 93° 17′ 53'',44.8405555555556,-93.2980555555556
2267,Grand Rapids,Minnesota,United States,seat of a second-order administrative division,N 47° 14′ 13'',W 93° 31′ 48'',47.2369444444445,-93.53
2268,Northeast Minnesota,Minnesota,United States,economic region,N 47° 34′ 48'',W 92° 18′ 0'',47.58,-92.3
2269,Central Minnesota,Minnesota,United States,region,N 45° 59′ 9'',W 94° 46′ 42'',45.9858333333333,-94.7783333333333
2270,Southeast Minnesota,Minnesota,United States,region,N 44° 8′ 38'',W 93° 31′ 12'',44.1438888888889,-93.52
2271,Woodbury,Minnesota,United States,populated place,N 44° 55′ 25'',W 92° 57′ 33'',44.9236111111111,-92.9591666666667
2272,Andover,Minnesota,United States,populated place,N 45° 13′ 59'',W 93° 17′ 28'',45.2330555555556,-93.2911111111111
2273,Inver Grove Heights,Minnesota,United States,populated place,N 44° 50′ 52'',W 93° 2′ 33'',44.8477777777778,-93.0425
2274,Brooklyn Park,Minnesota,United States,populated place,N 45° 5′ 38'',W 93° 21′ 22'',45.0938888888889,-93.3561111111111
2275,Cloquet,Minnesota,United States,populated place,N 46° 43′ 17'',W 92° 27′ 33'',46.7213888888889,-92.4591666666667
2276,Virginia,Minnesota,United States,populated place,N 47° 31′ 23'',W 92° 32′ 11'',47.5230555555556,-92.5363888888889
2277,"Bemidji, MN",Minnesota,United States,economic region,N 47° 58′ 25'',W 94° 56′ 15'',47.9736111111111,-94.9375
2278,"Brainerd, MN Micro Area",Minnesota,United States,economic region,N 46° 47′ 56'',W 94° 14′ 36'',46.7988888888889,-94.2433333333333
2279,"Grand Forks, ND-MN Metro Area",Minnesota,United States,economic region,N 47° 50′ 9'',W 96° 50′ 39'',47.8358333333333,-96.8441666666667
2280,"Rochester, MN Metro Area",Minnesota,United States,economic region,N 43° 57′ 21'',W 92° 20′ 17'',43.9558333333333,-92.3380555555556
2281,Champlin,Minnesota,United States,populated place,N 45° 11′ 19'',W 93° 23′ 50'',45.1886111111111,-93.3972222222222
2282,Chanhassen,Minnesota,United States,populated place,N 44° 51′ 43'',W 93° 31′ 50'',44.8619444444445,-93.5305555555556
2283,Coon Rapids,Minnesota,United States,populated place,N 45° 7′ 11'',W 93° 17′ 15'',45.1197222222222,-93.2875
2284,Cottage Grove,Minnesota,United States,populated place,N 44° 49′ 39'',W 92° 56′ 37'',44.8275,-92.9436111111111
2285,Savage,Minnesota,United States,populated place,N 44° 46′ 44'',W 93° 20′ 10'',44.7788888888889,-93.3361111111111
2286,Shakopee,Minnesota,United States,seat of a second-order administrative division,N 44° 47′ 52'',W 93° 31′ 36'',44.7977777777778,-93.5266666666667
2287,Stillwater,Minnesota,United States,seat of a second-order administrative division,N 45° 3′ 22'',W 92° 48′ 21'',45.0561111111111,-92.8058333333333
2288,Plymouth,Minnesota,United States,populated place,N 45° 0′ 37'',W 93° 27′ 19'',45.0102777777778,-93.4552777777778
2289,Prior Lake,Minnesota,United States,populated place,N 44° 42′ 47'',W 93° 25′ 21'',44.7130555555556,-93.4225
2290,Roseville,Minnesota,United States,populated place,N 45° 0′ 21'',W 93° 9′ 23'',45.0058333333333,-93.1563888888889
2291,Winona,Minnesota,United States,seat of a second-order administrative division,N 44° 2′ 59'',W 91° 38′ 21'',44.0497222222222,-91.6391666666667
2292,Young America (historical),Minnesota,United States,abandoned populated place,N 44° 46′ 57'',W 93° 54′ 48'',44.7825,-93.9133333333333
2293,Northfield,Minnesota,United States,populated place,N 44° 27′ 29'',W 93° 9′ 41'',44.4580555555556,-93.1613888888889
2294,Owatonna,Minnesota,United States,seat of a second-order administrative division,N 44° 5′ 1'',W 93° 13′ 33'',44.0836111111111,-93.2258333333333
2295,Loretto,Minnesota,United States,populated place,N 45° 3′ 16'',W 93° 38′ 7'',45.0544444444444,-93.6352777777778
2296,Mankato,Minnesota,United States,seat of a second-order administrative division,N 44° 9′ 32'',W 94° 0′ 32'',44.1588888888889,-94.0088888888889
2297,Maple Grove,Minnesota,United States,populated place,N 45° 4′ 20'',W 93° 27′ 20'',45.0722222222222,-93.4555555555556
2298,Minneapolis–Saint Paul International Airport,Minnesota,United States,airport,N 44° 52′ 55'',W 93° 12′ 30'',44.8819444444444,-93.2083333333333
2299,Fridley,Minnesota,United States,populated place,N 45° 5′ 9'',W 93° 15′ 47'',45.0858333333333,-93.2630555555556
2300,"Kansas City, MO-KS Metro Area",Missouri,United States,economic region,N 38° 56′ 13'',W 94° 26′ 39'',38.9369444444444,-94.4441666666667
2301,"Saint Louis, MO-IL Metro Area",Missouri,United States,economic region,N 38° 44′ 6'',W 90° 21′ 0'',38.735,-90.35
2302,Kansas City,Missouri,United States,populated place,N 39° 5′ 59'',W 94° 34′ 42'',39.0997222222222,-94.5783333333333
2303,Missouri,Missouri,United States,first-order administrative division,N 38° 15′ 1'',W 92° 30′ 1'',38.2502777777778,-92.5002777777778
2304,St. Louis,Missouri,United States,economic region,N 38° 37′ 53'',W 90° 14′ 57'',38.6313888888889,-90.2491666666667
2305,Independence,Missouri,United States,populated place,N 39° 5′ 28'',W 94° 24′ 55'',39.0911111111111,-94.4152777777778
2306,St Louis,Missouri,United States,seat of a second-order administrative division,N 38° 37′ 38'',W 90° 11′ 52'',38.6272222222222,-90.1977777777778
2307,Springfield,Missouri,United States,seat of a second-order administrative division,N 37° 12′ 55'',W 93° 17′ 53'',37.2152777777778,-93.2980555555556
2308,Jefferson City,Missouri,United States,seat of a first-order administrative division,N 38° 34′ 36'',W 92° 10′ 24'',38.5766666666667,-92.1733333333333
2309,Lee's Summit,Missouri,United States,populated place,N 38° 54′ 39'',W 94° 22′ 55'',38.9108333333333,-94.3819444444444
2310,Ballwin,Missouri,United States,populated place,N 38° 35′ 42'',W 90° 32′ 46'',38.595,-90.5461111111111
2311,Columbia,Missouri,United States,seat of a second-order administrative division,N 38° 57′ 6'',W 92° 20′ 2'',38.9516666666667,-92.3338888888889
2312,Florissant,Missouri,United States,populated place,N 38° 47′ 21'',W 90° 19′ 21'',38.7891666666667,-90.3225
2313,Saint Charles,Missouri,United States,seat of a second-order administrative division,N 38° 47′ 2'',W 90° 28′ 52'',38.7838888888889,-90.4811111111111
2314,Saint Joseph,Missouri,United States,seat of a second-order administrative division,N 39° 46′ 7'',W 94° 50′ 47'',39.7686111111111,-94.8463888888889
2315,Joplin,Missouri,United States,populated place,N 37° 5′ 3'',W 94° 30′ 47'',37.0841666666667,-94.5130555555556
2316,Chesterfield,Missouri,United States,populated place,N 38° 39′ 47'',W 90° 34′ 37'',38.6630555555556,-90.5769444444444
2317,Blue Springs,Missouri,United States,populated place,N 39° 1′ 1'',W 94° 16′ 53'',39.0169444444444,-94.2813888888889
2318,Cape Girardeau,Missouri,United States,populated place,N 37° 18′ 21'',W 89° 31′ 5'',37.3058333333333,-89.5180555555556
2319,Missouri City,Missouri,United States,populated place,N 29° 37′ 6'',W 95° 32′ 15'',29.6183333333333,-95.5375
2320,Rolla,Missouri,United States,seat of a second-order administrative division,N 37° 57′ 5'',W 91° 46′ 16'',37.9513888888889,-91.7711111111111
2321,Liberty,Missouri,United States,seat of a second-order administrative division,N 39° 14′ 46'',W 94° 25′ 8'',39.2461111111111,-94.4188888888889
2322,Maryland Heights,Missouri,United States,populated place,N 38° 42′ 47'',W 90° 25′ 47'',38.7130555555556,-90.4297222222222
2323,Branson,Missouri,United States,populated place,N 36° 38′ 37'',W 93° 13′ 6'',36.6436111111111,-93.2183333333333
2324,Bridgeton,Missouri,United States,populated place,N 38° 46′ 1'',W 90° 24′ 41'',38.7669444444444,-90.4113888888889
2325,Hazelwood,Missouri,United States,populated place,N 38° 46′ 17'',W 90° 22′ 15'',38.7713888888889,-90.3708333333333
2326,Fulton,Missouri,United States,seat of a second-order administrative division,N 38° 50′ 48'',W 91° 56′ 52'',38.8466666666667,-91.9477777777778
2327,Bozeman,Missouri,United States,seat of a second-order administrative division,N 45° 40′ 46'',W 111° 2′ 18'',45.6794444444444,-111.038333333333
2328,Poplar Bluff,Missouri,United States,seat of a second-order administrative division,N 36° 45′ 25'',W 90° 23′ 34'',36.7569444444444,-90.3927777777778
2329,Washington,Missouri,United States,populated place,N 38° 33′ 29'',W 91° 0′ 43'',38.5580555555556,-91.0119444444444
2330,Wentzville,Missouri,United States,populated place,N 38° 48′ 41'',W 90° 51′ 10'',38.8113888888889,-90.8527777777778
2331,Hannibal,Missouri,United States,populated place,N 39° 42′ 30'',W 91° 21′ 30'',39.7083333333333,-91.3583333333333
2332,Kansas City International Airport,Missouri,United States,airport,N 39° 17′ 46'',W 94° 43′ 3'',39.2961111111111,-94.7175
2333,Lambert–St. Louis International Airport,Missouri,United States,airport,N 38° 44′ 35'',W 90° 21′ 57'',38.7430555555556,-90.3658333333333
2334,City of Saint Peters,Missouri,United States,populated place,N 38° 48′ 1'',W 90° 37′ 35'',38.8002777777778,-90.6263888888889
2335,Eureka,Missouri,United States,populated place,N 38° 30′ 9'',W 90° 37′ 40'',38.5025,-90.6277777777778
2336,"Springfield, MO",Missouri,United States,economic region,N 37° 21′ 42'',W 93° 10′ 37'',37.3616666666667,-93.1769444444444
2337,Sedalia,Missouri,United States,seat of a second-order administrative division,N 38° 42′ 16'',W 93° 13′ 41'',38.7044444444445,-93.2280555555556
2338,Spirit of St Louis Airport,Missouri,United States,airport,N 38° 39′ 42'',W 90° 38′ 55'',38.6616666666667,-90.6486111111111
2339,Springfield-Branson National Airport,Missouri,United States,airport,N 37° 14′ 39'',W 93° 23′ 12'',37.2441666666667,-93.3866666666667
2340,Raytown,Missouri,United States,populated place,N 39° 0′ 31'',W 94° 27′ 48'',39.0086111111111,-94.4633333333333
2341,Republic,Missouri,United States,populated place,N 37° 7′ 12'',W 93° 28′ 48'',37.12,-93.48
2342,Valley Park,Missouri,United States,populated place,N 38° 32′ 57'',W 90° 29′ 33'',38.5491666666667,-90.4925
2343,M. Graham Clark Downtown Airport,Missouri,United States,airport,N 36° 37′ 24'',W 93° 13′ 35'',36.6233333333333,-93.2263888888889
2344,Malden Regional Airport,Missouri,United States,airport,N 36° 35′ 57'',W 89° 59′ 28'',36.5991666666667,-89.9911111111111
2345,O'Fallon,Missouri,United States,populated place,N 38° 48′ 38'',W 90° 41′ 59'',38.8105555555556,-90.6997222222222
2346,Bonne Terre,Missouri,United States,populated place,N 37° 55′ 23'',W 90° 33′ 19'',37.9230555555556,-90.5552777777778
2347,Branson Airport,Missouri,United States,airport,N 36° 32′ 15'',W 93° 12′ 0'',36.5375,-93.2
2348,Gladstone,Missouri,United States,populated place,N 39° 12′ 14'',W 94° 33′ 16'',39.2038888888889,-94.5544444444444
2349,Ferguson,Missouri,United States,populated place,N 38° 44′ 39'',W 90° 18′ 19'',38.7441666666667,-90.3052777777778
2350,Mbombela,Mpumalanga,South Africa,seat of a first-order administrative division,S 25° 28′ 30'',E 30° 58′ 9'',-25.475,30.9691666666667
2351,Mpumalanga,Mpumalanga,South Africa,first-order administrative division,S 26° 0′ 0'',E 30° 0′ 0'',-26,30
2352,Emalahleni,Mpumalanga,South Africa,seat of a third-order administrative division,S 25° 52′ 16'',E 29° 13′ 59'',-25.8711111111111,29.2330555555556
2353,eMbalenhle,Mpumalanga,South Africa,populated place,S 26° 32′ 0'',E 29° 4′ 0'',-26.5333333333333,29.0666666666667
2354,Kruger Mpumalanga International Airport,Mpumalanga,South Africa,airport,S 25° 22′ 59'',E 31° 6′ 20'',-25.3830555555556,31.1055555555556
2355,Mpumalanga,Mpumalanga,South Africa,populated place,S 29° 48′ 46'',E 30° 38′ 11'',-29.8127777777778,30.6363888888889
2356,Ehlanzeni District,Mpumalanga,South Africa,second-order administrative division,S 25° 21′ 3'',E 31° 21′ 39'',-25.3508333333333,31.3608333333333
2357,Skukuza Airport,Mpumalanga,South Africa,airport,S 24° 57′ 46'',E 31° 35′ 22'',-24.9627777777778,31.5894444444444
2358,Middelburg,Mpumalanga,South Africa,seat of a second-order administrative division,S 25° 46′ 30'',E 29° 27′ 53'',-25.775,29.4647222222222
2359,Malamala Airport,Mpumalanga,South Africa,airport,S 24° 49′ 5'',E 31° 32′ 40'',-24.8180555555556,31.5444444444444
2360,Somaroboro,Mpumalanga,South Africa,populated place,S 25° 20′ 45'',E 28° 50′ 3'',-25.3458333333333,28.8341666666667
2361,Delmas,Mpumalanga,South Africa,seat of a third-order administrative division,S 26° 8′ 47'',E 28° 40′ 59'',-26.1463888888889,28.6830555555556
2362,Bethal,Mpumalanga,South Africa,populated place,S 26° 27′ 28'',E 29° 27′ 55'',-26.4577777777778,29.4652777777778
2363,Trichardt,Mpumalanga,South Africa,populated place,S 26° 29′ 29'',E 29° 13′ 43'',-26.4913888888889,29.2286111111111
2364,Standerton,Mpumalanga,South Africa,seat of a third-order administrative division,S 26° 56′ 1'',E 29° 14′ 29'',-26.9336111111111,29.2413888888889
2365,Ermelo,Mpumalanga,South Africa,seat of a third-order administrative division,S 26° 32′ 0'',E 29° 59′ 0'',-26.5333333333333,29.9833333333333
2366,Piet Retief,Mpumalanga,South Africa,seat of a third-order administrative division,S 27° 0′ 25'',E 30° 48′ 47'',-27.0069444444444,30.8130555555556
2367,Gert Sibande District Municipality,Mpumalanga,South Africa,second-order administrative division,S 26° 40′ 15'',E 29° 55′ 46'',-26.6708333333333,29.9294444444444
2368,White River,Mpumalanga,South Africa,populated place,S 25° 19′ 54'',E 31° 0′ 42'',-25.3316666666667,31.0116666666667
2369,Matsulu,Mpumalanga,South Africa,populated place,S 25° 31′ 22'',E 31° 21′ 24'',-25.5227777777778,31.3566666666667
2370,Londolozi Airport,Mpumalanga,South Africa,airport,S 24° 44′ 54'',E 31° 28′ 26'',-24.7483333333333,31.4738888888889
2371,Ngala Airport,Mpumalanga,South Africa,airport,S 24° 23′ 17'',E 31° 19′ 31'',-24.3880555555556,31.3252777777778
2372,Sabi Sabi Airport,Mpumalanga,South Africa,airport,S 24° 56′ 29'',E 31° 26′ 40'',-24.9413888888889,31.4444444444444
2373,Tanda Tula Airport,Mpumalanga,South Africa,airport,S 24° 32′ 0'',E 31° 18′ 0'',-24.5333333333333,31.3
2374,Ulusaba Airport,Mpumalanga,South Africa,airport,S 24° 47′ 7'',E 31° 21′ 17'',-24.7852777777778,31.3547222222222
2375,Nelspruit Airport,Mpumalanga,South Africa,airport,S 25° 26′ 0'',E 30° 59′ 0'',-25.4333333333333,30.9833333333333
2376,Arathusa Safari Lodge Airport,Mpumalanga,South Africa,airport,S 24° 44′ 26'',E 31° 31′ 5'',-24.7405555555556,31.5180555555556
2377,Daggakraal,Mpumalanga,South Africa,locality,S 27° 5′ 11'',E 29° 59′ 12'',-27.0863888888889,29.9866666666667
2378,Lake Chrissie,Mpumalanga,South Africa,lake,S 26° 19′ 27'',E 30° 13′ 11'',-26.3241666666667,30.2197222222222
2379,Barberton,Mpumalanga,South Africa,seat of a third-order administrative division,S 25° 47′ 18'',E 31° 3′ 11'',-25.7883333333333,31.0530555555556
2380,Barberton Airport,Mpumalanga,South Africa,airport,S 25° 43′ 4'',E 30° 58′ 31'',-25.7177777777778,30.9752777777778
2381,Sabie,Mpumalanga,South Africa,populated place,S 25° 5′ 59'',E 30° 46′ 48'',-25.0997222222222,30.78
2382,Komatipoort,Mpumalanga,South Africa,populated place,S 25° 25′ 59'',E 31° 57′ 17'',-25.4330555555556,31.9547222222222
2383,Hendrina,Mpumalanga,South Africa,populated place,S 26° 9′ 31'',E 29° 42′ 55'',-26.1586111111111,29.7152777777778
2384,Emtfuntini,Mpumalanga,South Africa,populated place,S 25° 41′ 2'',E 31° 38′ 13'',-25.6838888888889,31.6369444444444
2385,KwaNgema,Mpumalanga,South Africa,locality,S 27° 1′ 0'',E 30° 30′ 0'',-27.0166666666667,30.5
2386,Kruger National Park,Mpumalanga,South Africa,park,S 23° 57′ 21'',E 31° 26′ 29'',-23.9558333333333,31.4413888888889
2387,Lydenburg,Mpumalanga,South Africa,seat of a third-order administrative division,S 25° 5′ 45'',E 30° 26′ 38'',-25.0958333333333,30.4438888888889
2388,Loskopdam Natuurreservaat,Mpumalanga,South Africa,nature reserve,S 25° 25′ 24'',E 29° 17′ 54'',-25.4233333333333,29.2983333333333
2389,Londolozi Private Game Reserve,Mpumalanga,South Africa,hunting reserve,S 24° 47′ 48'',E 31° 29′ 58'',-24.7966666666667,31.4994444444444
2390,Malamala Game Reserve,Mpumalanga,South Africa,hunting reserve,S 24° 48′ 6'',E 31° 32′ 24'',-24.8016666666667,31.54
2391,Driefontein,Mpumalanga,South Africa,populated place,S 26° 57′ 54'',E 30° 26′ 8'',-26.965,30.4355555555556
2392,Carolina,Mpumalanga,South Africa,seat of a third-order administrative division,S 26° 4′ 9'',E 30° 6′ 53'',-26.0691666666667,30.1147222222222
2393,Breyten,Mpumalanga,South Africa,populated place,S 26° 18′ 6'',E 29° 59′ 13'',-26.3016666666667,29.9869444444444
2394,Balfour,Mpumalanga,South Africa,seat of a third-order administrative division,S 26° 39′ 47'',E 28° 35′ 24'',-26.6630555555556,28.59
2395,Amersfoort,Mpumalanga,South Africa,populated place,S 27° 0′ 33'',E 29° 51′ 59'',-27.0091666666667,29.8663888888889
2396,Volksrust,Mpumalanga,South Africa,seat of a third-order administrative division,S 27° 21′ 55'',E 29° 52′ 54'',-27.3652777777778,29.8816666666667
2397,Siyabuswa,Mpumalanga,South Africa,seat of a third-order administrative division,S 25° 6′ 47'',E 29° 2′ 40'',-25.1130555555556,29.0444444444444
2398,Kinross,Mpumalanga,South Africa,populated place,S 26° 24′ 59'',E 29° 5′ 12'',-26.4163888888889,29.0866666666667
2399,Evander,Mpumalanga,South Africa,populated place,S 26° 28′ 14'',E 29° 6′ 35'',-26.4705555555556,29.1097222222222
2400,Lincoln,Nebraska,United States,seat of a first-order administrative division,N 40° 48′ 0'',W 96° 40′ 1'',40.8,-96.6669444444445
2401,Nebraska,Nebraska,United States,first-order administrative division,N 41° 30′ 1'',W 99° 45′ 2'',41.5002777777778,-99.7505555555556
2402,Omaha,Nebraska,United States,seat of a second-order administrative division,N 41° 15′ 22'',W 95° 56′ 25'',41.2561111111111,-95.9402777777778
2403,Bellevue,Nebraska,United States,populated place,N 41° 8′ 12'',W 95° 53′ 27'',41.1366666666667,-95.8908333333333
2404,Grand Island,Nebraska,United States,seat of a second-order administrative division,N 40° 55′ 30'',W 98° 20′ 31'',40.925,-98.3419444444444
2405,Kearney,Nebraska,United States,seat of a second-order administrative division,N 40° 41′ 58'',W 99° 4′ 53'',40.6994444444444,-99.0813888888889
2406,"North Platte, NE Micro Area",Nebraska,United States,economic region,N 41° 14′ 3'',W 100° 46′ 32'',41.2341666666667,-100.775555555556
2407,"Scottsbluff, NE",Nebraska,United States,economic region,N 42° 9′ 33'',W 103° 44′ 17'',42.1591666666667,-103.738055555556
2408,Fremont,Nebraska,United States,seat of a second-order administrative division,N 41° 26′ 0'',W 96° 29′ 53'',41.4333333333333,-96.4980555555556
2409,Hastings,Nebraska,United States,seat of a second-order administrative division,N 40° 35′ 10'',W 98° 23′ 18'',40.5861111111111,-98.3883333333333
2410,Columbus,Nebraska,United States,seat of a second-order administrative division,N 41° 25′ 47'',W 97° 22′ 6'',41.4297222222222,-97.3683333333333
2411,"Omaha-Council Bluffs, NE-IA Metro Area",Nebraska,United States,economic region,N 41° 17′ 24'',W 95° 59′ 56'',41.29,-95.9988888888889
2412,Norfolk,Nebraska,United States,populated place,N 42° 1′ 42'',W 97° 25′ 1'',42.0283333333333,-97.4169444444445
2413,North Platte,Nebraska,United States,seat of a second-order administrative division,N 41° 7′ 26'',W 100° 45′ 55'',41.1238888888889,-100.765277777778
2414,Scottsbluff,Nebraska,United States,populated place,N 41° 51′ 59'',W 103° 40′ 1'',41.8663888888889,-103.666944444444
2415,Congressional District 3,Nebraska,United States,administrative division,N 41° 32′ 57'',W 100° 13′ 55'',41.5491666666667,-100.231944444444
2416,Central Nebraska Regional Airport,Nebraska,United States,airport,N 40° 58′ 2'',W 98° 18′ 32'',40.9672222222222,-98.3088888888889
2417,Miller Field,Nebraska,United States,airport,N 42° 51′ 27'',W 100° 32′ 51'',42.8575,-100.5475
2418,North Platte Regional Airport Lee Bird Field,Nebraska,United States,airport,N 41° 7′ 54'',W 100° 41′ 47'',41.1316666666667,-100.696388888889
2419,Searle Airport,Nebraska,United States,airport,N 41° 7′ 10'',W 101° 46′ 9'',41.1194444444445,-101.769166666667
2420,Sidney Municipal Airport,Nebraska,United States,airport,N 41° 6′ 3'',W 102° 59′ 8'',41.1008333333333,-102.985555555556
2421,Garden County Airport,Nebraska,United States,airport,N 41° 23′ 58'',W 102° 21′ 10'',41.3994444444444,-102.352777777778
2422,Eppley Airfield,Nebraska,United States,airport,N 41° 18′ 3'',W 95° 53′ 54'',41.3008333333333,-95.8983333333333
2423,Fremont Municipal Airport,Nebraska,United States,airport,N 41° 26′ 49'',W 96° 31′ 4'',41.4469444444444,-96.5177777777778
2424,Jim Kelly Field,Nebraska,United States,airport,N 40° 47′ 25'',W 99° 46′ 34'',40.7902777777778,-99.7761111111111
2425,Kearney Municipal Airport,Nebraska,United States,airport,N 40° 43′ 37'',W 99° 0′ 25'',40.7269444444445,-99.0069444444444
2426,Ainsworth Municipal Airport,Nebraska,United States,airport,N 42° 34′ 45'',W 99° 59′ 35'',42.5791666666667,-99.9930555555556
2427,Brewster Field,Nebraska,United States,airport,N 40° 27′ 5'',W 99° 20′ 8'',40.4513888888889,-99.3355555555555
2428,Columbus Municipal Airport,Nebraska,United States,airport,N 41° 26′ 37'',W 97° 20′ 33'',41.4436111111111,-97.3425
2429,Lincoln Municipal Airport,Nebraska,United States,airport,N 40° 51′ 2'',W 96° 45′ 34'',40.8505555555556,-96.7594444444444
2430,Millard Airport,Nebraska,United States,airport,N 41° 11′ 42'',W 96° 6′ 45'',41.195,-96.1125
2431,Papillion,Nebraska,United States,seat of a second-order administrative division,N 41° 9′ 16'',W 96° 2′ 32'',41.1544444444444,-96.0422222222222
2432,Scribner State Airport,Nebraska,United States,airport,N 41° 36′ 43'',W 96° 37′ 24'',41.6119444444445,-96.6233333333333
2433,The O'Neill Municipal Airport,Nebraska,United States,airport,N 42° 28′ 10'',W 98° 41′ 15'',42.4694444444445,-98.6875
2434,Nebraska City,Nebraska,United States,seat of a second-order administrative division,N 40° 40′ 36'',W 95° 51′ 33'',40.6766666666667,-95.8591666666667
2435,Western Nebraska Regional Airport,Nebraska,United States,airport,N 41° 52′ 26'',W 103° 36′ 1'',41.8738888888889,-103.600277777778
2436,"Beatrice, NE Micro Area",Nebraska,United States,economic region,N 40° 15′ 42'',W 96° 41′ 22'',40.2616666666667,-96.6894444444445
2437,"Columbus, NE Micro Area",Nebraska,United States,economic region,N 41° 34′ 16'',W 97° 31′ 16'',41.5711111111111,-97.5211111111111
2438,"Fremont, NE Micro Area",Nebraska,United States,economic region,N 41° 34′ 40'',W 96° 39′ 14'',41.5777777777778,-96.6538888888889
2439,"Hastings, NE Micro Area",Nebraska,United States,economic region,N 40° 31′ 28'',W 98° 30′ 4'',40.5244444444444,-98.5011111111111
2440,"Grand Island, NE",Nebraska,United States,economic region,N 41° 5′ 12'',W 98° 21′ 55'',41.0866666666667,-98.3652777777778
2441,"Lexington, NE",Nebraska,United States,economic region,N 40° 45′ 34'',W 99° 49′ 22'',40.7594444444445,-99.8227777777778
2442,"Lincoln, NE",Nebraska,United States,economic region,N 40° 49′ 11'',W 96° 52′ 14'',40.8197222222222,-96.8705555555556
2443,"Kearney, NE Micro Area",Nebraska,United States,economic region,N 40° 44′ 5'',W 99° 1′ 52'',40.7347222222222,-99.0311111111111
2444,"Norfolk, NE Micro Area",Nebraska,United States,economic region,N 42° 2′ 36'',W 97° 29′ 25'',42.0433333333333,-97.4902777777778
2445,Ames,Nebraska,United States,populated place,N 41° 27′ 8'',W 96° 37′ 28'',41.4522222222222,-96.6244444444444
2446,Karl Stefan Memorial Airport,Nebraska,United States,airport,N 41° 59′ 7'',W 97° 26′ 7'',41.9852777777778,-97.4352777777778
2447,McCook Ben Nelson Regional Airport,Nebraska,United States,airport,N 40° 12′ 22'',W 100° 35′ 31'',40.2061111111111,-100.591944444444
2448,Alliance Municipal Airport,Nebraska,United States,airport,N 42° 3′ 10'',W 102° 48′ 14'',42.0527777777778,-102.803888888889
2449,Chadron Municipal Airport,Nebraska,United States,airport,N 42° 50′ 14'',W 103° 5′ 44'',42.8372222222222,-103.095555555556
2450,Nizhny Novgorod,Nizhny Novgorod,Russia,seat of a first-order administrative division,N 56° 19′ 43'',E 44° 0′ 7'',56.3286111111111,44.0019444444445
2451,Dzerzhinsk,Nizhny Novgorod,Russia,seat of a second-order administrative division,N 56° 14′ 39'',E 43° 27′ 19'',56.2441666666667,43.4552777777778
2452,Nizhny Novgorod Oblast,Nizhny Novgorod,Russia,first-order administrative division,N 56° 19′ 0'',E 44° 36′ 30'',56.3166666666667,44.6083333333333
2453,Arzamas,Nizhny Novgorod,Russia,seat of a second-order administrative division,N 55° 23′ 44'',E 43° 50′ 17'',55.3955555555556,43.8380555555556
2454,Sarov,Nizhny Novgorod,Russia,seat of a second-order administrative division,N 54° 56′ 52'',E 43° 18′ 54'',54.9477777777778,43.315
2455,Bor,Nizhny Novgorod,Russia,seat of a second-order administrative division,N 56° 21′ 34'',E 44° 4′ 22'',56.3594444444445,44.0727777777778
2456,Gorodets,Nizhny Novgorod,Russia,seat of a second-order administrative division,N 56° 39′ 17'',E 43° 28′ 21'',56.6547222222222,43.4725
2457,Vyksa,Nizhny Novgorod,Russia,seat of a second-order administrative division,N 55° 19′ 14'',E 42° 10′ 26'',55.3205555555556,42.1738888888889
2458,Kstovo,Nizhny Novgorod,Russia,seat of a second-order administrative division,N 56° 8′ 51'',E 44° 11′ 55'',56.1475,44.1986111111111
2459,Pavlovo,Nizhny Novgorod,Russia,seat of a second-order administrative division,N 55° 58′ 6'',E 43° 5′ 28'',55.9683333333333,43.0911111111111
2460,Gorbatov,Nizhny Novgorod,Russia,populated place,N 56° 7′ 52'',E 43° 3′ 49'',56.1311111111111,43.0636111111111
2461,Lyskovo,Nizhny Novgorod,Russia,seat of a second-order administrative division,N 56° 1′ 45'',E 45° 2′ 32'',56.0291666666667,45.0422222222222
2462,Balakhna,Nizhny Novgorod,Russia,populated place,N 56° 29′ 23'',E 43° 36′ 4'',56.4897222222222,43.6011111111111
2463,Vorsma,Nizhny Novgorod,Russia,populated place,N 55° 59′ 26'',E 43° 16′ 20'',55.9905555555556,43.2722222222222
2464,Volodarsk,Nizhny Novgorod,Russia,seat of a second-order administrative division,N 56° 13′ 31'',E 43° 10′ 33'',56.2252777777778,43.1758333333333
2465,Zavolzh'ye,Nizhny Novgorod,Russia,populated place,N 56° 38′ 25'',E 43° 23′ 40'',56.6402777777778,43.3944444444444
2466,Kulebaki,Nizhny Novgorod,Russia,seat of a second-order administrative division,N 55° 24′ 48'',E 42° 31′ 57'',55.4133333333333,42.5325
2467,Bogorodsk,Nizhny Novgorod,Russia,seat of a second-order administrative division,N 56° 6′ 5'',E 43° 30′ 36'',56.1013888888889,43.51
2468,Strigino Airport,Nizhny Novgorod,Russia,airport,N 56° 13′ 48'',E 43° 47′ 2'',56.23,43.7838888888889
2469,Lesnoy,Nizhny Novgorod,Russia,populated place,N 56° 17′ 49'',E 43° 27′ 45'',56.2969444444444,43.4625
2470,Chkalovsk,Nizhny Novgorod,Russia,seat of a second-order administrative division,N 56° 45′ 53'',E 43° 14′ 48'',56.7647222222222,43.2466666666667
2471,Pochinki,Nizhny Novgorod,Russia,seat of a second-order administrative division,N 54° 42′ 5'',E 44° 51′ 27'',54.7013888888889,44.8575
2472,Sokol'skoye,Nizhny Novgorod,Russia,seat of a second-order administrative division,N 57° 8′ 22'',E 43° 9′ 45'',57.1394444444444,43.1625
2473,Navashino,Nizhny Novgorod,Russia,seat of a second-order administrative division,N 55° 32′ 35'',E 42° 11′ 35'',55.5430555555556,42.1930555555556
2474,Sergach,Nizhny Novgorod,Russia,seat of a second-order administrative division,N 55° 31′ 39'',E 45° 27′ 24'',55.5275,45.4566666666667
2475,Semyonov,Nizhny Novgorod,Russia,seat of a second-order administrative division,N 56° 47′ 15'',E 44° 29′ 46'',56.7875,44.4961111111111
2476,Vetluzhsky,Nizhny Novgorod,Russia,populated place,N 57° 10′ 24'',E 45° 7′ 21'',57.1733333333333,45.1225
2477,Vetluga,Nizhny Novgorod,Russia,seat of a second-order administrative division,N 57° 51′ 18'',E 45° 46′ 39'',57.855,45.7775
2478,Vakhtan,Nizhny Novgorod,Russia,populated place,N 57° 57′ 57'',E 46° 41′ 19'',57.9658333333333,46.6886111111111
2479,Shimorskoye,Nizhny Novgorod,Russia,populated place,N 55° 19′ 41'',E 42° 1′ 32'',55.3280555555556,42.0255555555556
2480,Uren',Nizhny Novgorod,Russia,seat of a second-order administrative division,N 57° 27′ 40'',E 45° 47′ 8'',57.4611111111111,45.7855555555556
2481,Tumbotino,Nizhny Novgorod,Russia,populated place,N 55° 59′ 57'',E 43° 1′ 24'',55.9991666666667,43.0233333333333
2482,Tsentral'nyy,Nizhny Novgorod,Russia,populated place,N 56° 17′ 49'',E 42° 47′ 19'',56.2969444444444,42.7886111111111
2483,Tonshayevo,Nizhny Novgorod,Russia,seat of a second-order administrative division,N 57° 44′ 10'',E 47° 0′ 44'',57.7361111111111,47.0122222222222
2484,Tonkino,Nizhny Novgorod,Russia,seat of a second-order administrative division,N 57° 22′ 17'',E 46° 27′ 29'',57.3713888888889,46.4580555555556
2485,Blizhne-Pesochnoye,Nizhny Novgorod,Russia,populated place,N 55° 20′ 44'',E 42° 6′ 5'',55.3455555555556,42.1013888888889
2486,Kovernino,Nizhny Novgorod,Russia,seat of a second-order administrative division,N 57° 7′ 40'',E 43° 48′ 52'',57.1277777777778,43.8144444444444
2487,Nizhny Novgorod Urban Okrug,Nizhny Novgorod,Russia,second-order administrative division,N 56° 17′ 51'',E 43° 56′ 46'',56.2975,43.9461111111111
2488,Gorodskoy Okrug Nizhniy Novgorod,Nizhny Novgorod,Russia,second-order administrative division,N 56° 17′ 47'',E 43° 56′ 10'',56.2963888888889,43.9361111111111
2489,Podnov’ye,Nizhny Novgorod,Russia,populated place,N 56° 18′ 22'',E 44° 5′ 32'',56.3061111111111,44.0922222222222
2490,Ol’gino,Nizhny Novgorod,Russia,populated place,N 56° 13′ 10'',E 43° 55′ 59'',56.2194444444445,43.9330555555556
2491,Zelyony Gorod,Nizhny Novgorod,Russia,populated place,N 56° 10′ 42'',E 44° 4′ 27'',56.1783333333333,44.0741666666667
2492,Borskiy Rayon,Nizhny Novgorod,Russia,historical second-order administrative division,N 56° 25′ 0'',E 44° 25′ 0'',56.4166666666667,44.4166666666667
2493,Bol'shoye Murashkino,Nizhny Novgorod,Russia,seat of a second-order administrative division,N 55° 46′ 57'',E 44° 46′ 31'',55.7825,44.7752777777778
2494,Gremyachevo,Nizhny Novgorod,Russia,populated place,N 55° 23′ 30'',E 43° 1′ 38'',55.3916666666667,43.0272222222222
2495,Gorodetsky District,Nizhny Novgorod,Russia,second-order administrative division,N 56° 43′ 27'',E 43° 38′ 39'',56.7241666666667,43.6441666666667
2496,Imeni Stepana Razina,Nizhny Novgorod,Russia,populated place,N 54° 53′ 35'',E 44° 17′ 46'',54.8930555555556,44.2961111111111
2497,Lyskovsky District,Nizhny Novgorod,Russia,second-order administrative division,N 56° 10′ 0'',E 45° 10′ 0'',56.1666666666667,45.1666666666667
2498,Lukoyanovsky District,Nizhny Novgorod,Russia,second-order administrative division,N 54° 57′ 46'',E 44° 28′ 19'',54.9627777777778,44.4719444444444
2499,Lukoyanov,Nizhny Novgorod,Russia,seat of a second-order administrative division,N 55° 1′ 53'',E 44° 28′ 54'',55.0313888888889,44.4816666666667
2500,Bismarck,North Dakota,United States,seat of a first-order administrative division,N 46° 48′ 30'',W 100° 47′ 1'',46.8083333333333,-100.783611111111
2501,Sioux Falls,North Dakota,United States,seat of a second-order administrative division,N 43° 32′ 37'',W 96° 43′ 40'',43.5436111111111,-96.7277777777778
2502,Fargo,North Dakota,United States,seat of a second-order administrative division,N 46° 52′ 37'',W 96° 47′ 23'',46.8769444444445,-96.7897222222222
2503,Pierre,North Dakota,United States,seat of a first-order administrative division,N 44° 22′ 5'',W 100° 21′ 3'',44.3680555555556,-100.350833333333
2504,Rapid City,North Dakota,United States,seat of a second-order administrative division,N 44° 4′ 49'',W 103° 13′ 51'',44.0802777777778,-103.230833333333
2505,Grand Forks,North Dakota,United States,seat of a second-order administrative division,N 47° 55′ 30'',W 97° 1′ 58'',47.925,-97.0327777777778
2506,Minot,North Dakota,United States,seat of a second-order administrative division,N 48° 13′ 57'',W 101° 17′ 46'',48.2325,-101.296111111111
2507,Aberdeen,North Dakota,United States,seat of a second-order administrative division,N 45° 27′ 52'',W 98° 29′ 11'',45.4644444444444,-98.4863888888889
2508,Wahpeton,North Dakota,United States,seat of a second-order administrative division,N 46° 15′ 54'',W 96° 36′ 21'',46.265,-96.6058333333333
2509,Hector International Airport,North Dakota,United States,airport,N 46° 55′ 11'',W 96° 49′ 30'',46.9197222222222,-96.825
2510,Williston,North Dakota,United States,seat of a second-order administrative division,N 48° 8′ 49'',W 103° 37′ 4'',48.1469444444444,-103.617777777778
2511,Dick,North Dakota,United States,seat of a second-order administrative division,N 46° 52′ 45'',W 102° 47′ 22'',46.8791666666667,-102.789444444444
2512,Jamestown,North Dakota,United States,seat of a second-order administrative division,N 46° 54′ 37'',W 98° 42′ 30'',46.9102777777778,-98.7083333333333
2513,North Dakota,North Dakota,United States,first-order administrative division,N 47° 30′ 1'',W 100° 0′ 2'',47.5002777777778,-100.000555555556
2514,South Dakota,North Dakota,United States,first-order administrative division,N 44° 30′ 0'',W 100° 15′ 2'',44.5,-100.250555555556
2515,"Aberdeen, SD Micro Area",North Dakota,United States,economic region,N 45° 31′ 17'',W 98° 41′ 45'',45.5213888888889,-98.6958333333333
2516,"Rapid City, SD Metro Area",North Dakota,United States,economic region,N 44° 19′ 4'',W 102° 45′ 50'',44.3177777777778,-102.763888888889
2517,"Bismarck, ND",North Dakota,United States,economic region,N 46° 53′ 2'',W 100° 58′ 43'',46.8838888888889,-100.978611111111
2518,"Minot, ND Micro Area",North Dakota,United States,economic region,N 48° 19′ 7'',W 101° 12′ 27'',48.3186111111111,-101.2075
2519,Spearfish,North Dakota,United States,populated place,N 44° 29′ 26'',W 103° 51′ 33'',44.4905555555556,-103.859166666667
2520,Brookings,North Dakota,United States,seat of a second-order administrative division,N 44° 18′ 40'',W 96° 47′ 54'',44.3111111111111,-96.7983333333333
2521,West Fargo,North Dakota,United States,populated place,N 46° 52′ 29'',W 96° 54′ 1'',46.8747222222222,-96.9002777777778
2522,Grand Forks International Airport,North Dakota,United States,airport,N 47° 56′ 57'',W 97° 10′ 34'',47.9491666666667,-97.1761111111111
2523,Lead,North Dakota,United States,populated place,N 44° 21′ 7'',W 103° 45′ 54'',44.3519444444445,-103.765
2524,Vermillion,North Dakota,United States,seat of a second-order administrative division,N 42° 46′ 46'',W 96° 55′ 45'',42.7794444444444,-96.9291666666667
2525,Huron,North Dakota,United States,seat of a second-order administrative division,N 44° 21′ 47'',W 98° 12′ 51'',44.3630555555556,-98.2141666666667
2526,Huron Regional Airport,North Dakota,United States,airport,N 44° 23′ 6'',W 98° 13′ 44'',44.385,-98.2288888888889
2527,Casselton,North Dakota,United States,populated place,N 46° 54′ 1'',W 97° 12′ 40'',46.9002777777778,-97.2111111111111
2528,Theodore Roosevelt National Park,North Dakota,United States,park,N 46° 57′ 12'',W 103° 27′ 33'',46.9533333333333,-103.459166666667
2529,Mandan,North Dakota,United States,seat of a second-order administrative division,N 46° 49′ 36'',W 100° 53′ 22'',46.8266666666667,-100.889444444444
2530,Burnsville,North Dakota,United States,populated place,N 44° 46′ 3'',W 93° 16′ 39'',44.7675,-93.2775
2531,Lakeville,North Dakota,United States,populated place,N 44° 38′ 58'',W 93° 14′ 33'',44.6494444444444,-93.2425
2532,Black Hills Airport,North Dakota,United States,airport,N 44° 28′ 46'',W 103° 46′ 50'',44.4794444444445,-103.780555555556
2533,Mobridge Municipal Airport,North Dakota,United States,airport,N 45° 33′ 0'',W 100° 24′ 1'',45.55,-100.400277777778
2534,Pierre Municipal Airport,North Dakota,United States,airport,N 44° 22′ 56'',W 100° 17′ 9'',44.3822222222222,-100.285833333333
2535,Pine Ridge Airport,North Dakota,United States,airport,N 43° 1′ 32'',W 102° 31′ 3'',43.0255555555556,-102.5175
2536,Rapid City Regional Airport,North Dakota,United States,airport,N 44° 2′ 21'',W 103° 3′ 35'',44.0391666666667,-103.059722222222
2537,Watertown Municipal Airport,North Dakota,United States,airport,N 44° 54′ 49'',W 97° 9′ 16'',44.9136111111111,-97.1544444444445
2538,Chan Gurney Municipal Airport,North Dakota,United States,airport,N 42° 54′ 59'',W 97° 23′ 9'',42.9163888888889,-97.3858333333333
2539,Joe Foss Field,North Dakota,United States,airport,N 43° 34′ 52'',W 96° 44′ 30'',43.5811111111111,-96.7416666666667
2540,Madison Municipal Airport,North Dakota,United States,airport,N 44° 0′ 51'',W 97° 5′ 12'',44.0141666666667,-97.0866666666667
2541,Mitchell Municipal Airport,North Dakota,United States,airport,N 43° 46′ 28'',W 98° 2′ 18'',43.7744444444444,-98.0383333333333
2542,Aberdeen Regional Airport,North Dakota,United States,airport,N 45° 26′ 58'',W 98° 25′ 17'',45.4494444444444,-98.4213888888889
2543,Britton Municipal Airport,North Dakota,United States,airport,N 45° 48′ 58'',W 97° 44′ 48'',45.8161111111111,-97.7466666666667
2544,Brookings Municipal Airport,North Dakota,United States,airport,N 44° 18′ 17'',W 96° 48′ 48'',44.3047222222222,-96.8133333333333
2545,Pembina Municipal Airport,North Dakota,United States,airport,N 48° 56′ 52'',W 97° 14′ 24'',48.9477777777778,-97.24
2546,Breckenridge-Wahpeton Interstate Airport,North Dakota,United States,airport,N 46° 14′ 46'',W 96° 36′ 24'',46.2461111111111,-96.6066666666667
2547,Devils Lake Municipal Airport,North Dakota,United States,airport,N 48° 6′ 49'',W 98° 54′ 28'',48.1136111111111,-98.9077777777778
2548,Ashley Municipal Airport,North Dakota,United States,airport,N 46° 1′ 36'',W 99° 21′ 25'',46.0266666666667,-99.3569444444444
2549,Bismarck Municipal Airport,North Dakota,United States,airport,N 46° 46′ 34'',W 100° 45′ 27'',46.7761111111111,-100.7575
2550,Mahikeng,North West,South Africa,seat of a first-order administrative division,S 25° 51′ 54'',E 25° 38′ 39'',-25.865,25.6441666666667
2551,Rustenburg,North West,South Africa,seat of a third-order administrative division,S 25° 40′ 3'',E 27° 14′ 31'',-25.6675,27.2419444444444
2552,Hammanskraal,North West,South Africa,populated place,S 25° 24′ 32'',E 28° 17′ 13'',-25.4088888888889,28.2869444444444
2553,Potchefstroom,North West,South Africa,seat of a third-order administrative division,S 26° 43′ 0'',E 27° 6′ 0'',-26.7166666666667,27.1
2554,Orkney,North West,South Africa,populated place,S 26° 58′ 48'',E 26° 40′ 21'',-26.98,26.6725
2555,Dr Ruth Segomotsi Mompati District Municipality,North West,South Africa,second-order administrative division,S 26° 38′ 15'',E 24° 16′ 28'',-26.6375,24.2744444444444
2556,North West,North West,South Africa,first-order administrative division,S 26° 30′ 0'',E 26° 0′ 0'',-26.5,26
2557,Ga-Rankuwa,North West,South Africa,populated place,S 25° 37′ 0'',E 27° 59′ 40'',-25.6166666666667,27.9944444444444
2558,Brits,North West,South Africa,seat of a third-order administrative division,S 25° 38′ 5'',E 27° 46′ 48'',-25.6347222222222,27.78
2559,Vryburg,North West,South Africa,seat of a second-order administrative division,S 26° 57′ 23'',E 24° 43′ 42'',-26.9563888888889,24.7283333333333
2560,Vryburg Airport,North West,South Africa,airport,S 26° 58′ 53'',E 24° 43′ 46'',-26.9813888888889,24.7294444444444
2561,Stilfontein,North West,South Africa,populated place,S 26° 50′ 41'',E 26° 46′ 5'',-26.8447222222222,26.7680555555556
2562,Klerksdorp,North West,South Africa,seat of a second-order administrative division,S 26° 51′ 7'',E 26° 40′ 0'',-26.8519444444444,26.6666666666667
2563,Fochville,North West,South Africa,populated place,S 26° 29′ 19'',E 27° 29′ 37'',-26.4886111111111,27.4936111111111
2564,Mmabatho Airport,North West,South Africa,airport,S 25° 47′ 54'',E 25° 32′ 52'',-25.7983333333333,25.5477777777778
2565,Mmabatho,North West,South Africa,section of populated place,S 25° 51′ 0'',E 25° 38′ 0'',-25.85,25.6333333333333
2566,Pilanesberg International Airport,North West,South Africa,airport,S 25° 20′ 1'',E 27° 10′ 24'',-25.3336111111111,27.1733333333333
2567,Ngaka Modiri Molema District Municipality,North West,South Africa,second-order administrative division,S 25° 57′ 20'',E 25° 48′ 28'',-25.9555555555556,25.8077777777778
2568,Bloemhof,North West,South Africa,populated place,S 27° 38′ 48'',E 25° 36′ 25'',-27.6466666666667,25.6069444444444
2569,Valindaba,North West,South Africa,industrial area,S 25° 47′ 53'',E 27° 56′ 30'',-25.7980555555556,27.9416666666667
2570,Schweizer-Reneke,North West,South Africa,seat of a third-order administrative division,S 27° 11′ 19'',E 25° 19′ 45'',-27.1886111111111,25.3291666666667
2571,Jan Kempdorp,North West,South Africa,populated place,S 27° 55′ 20'',E 24° 49′ 49'',-27.9222222222222,24.8302777777778
2572,Hartbeespoort,North West,South Africa,populated place,S 25° 43′ 43'',E 27° 52′ 12'',-25.7286111111111,27.87
2573,Potchefstroom,North West,South Africa,airfield,S 26° 40′ 10'',E 27° 4′ 55'',-26.6694444444444,27.0819444444444
2574,Pilanesberg Game Reserve,North West,South Africa,nature reserve,S 25° 15′ 37'',E 27° 6′ 1'',-25.2602777777778,27.1002777777778
2575,Lichtenburg,North West,South Africa,seat of a third-order administrative division,S 26° 9′ 7'',E 26° 9′ 34'',-26.1519444444444,26.1594444444444
2576,Coligny,North West,South Africa,populated place,S 26° 19′ 54'',E 26° 19′ 14'',-26.3316666666667,26.3205555555556
2577,Christiana,North West,South Africa,seat of a third-order administrative division,S 27° 54′ 50'',E 25° 9′ 40'',-27.9138888888889,25.1611111111111
2578,Wolmaransstad,North West,South Africa,seat of a third-order administrative division,S 27° 11′ 50'',E 25° 58′ 59'',-27.1972222222222,25.9830555555556
2579,Rustenburg,North West,South Africa,airfield,S 25° 38′ 40'',E 27° 16′ 15'',-25.6444444444444,27.2708333333333
2580,Swartruggens,North West,South Africa,populated place,S 25° 39′ 0'',E 26° 41′ 18'',-25.65,26.6883333333333
2581,Itsoseng,North West,South Africa,populated place,S 26° 4′ 53'',E 25° 52′ 52'',-26.0813888888889,25.8811111111111
2582,Hartbeesfontein,North West,South Africa,populated place,S 26° 45′ 56'',E 26° 25′ 12'',-26.7655555555556,26.42
2583,Mogwase,North West,South Africa,populated place,S 25° 11′ 6'',E 27° 15′ 59'',-25.185,27.2663888888889
2584,Klerksdorp Airport,North West,South Africa,airport,S 26° 52′ 15'',E 26° 43′ 4'',-26.8708333333333,26.7177777777778
2585,Ottosdal,North West,South Africa,populated place,S 26° 48′ 32'',E 26° 0′ 19'',-26.8088888888889,26.0052777777778
2586,Makwassie,North West,South Africa,populated place,S 27° 18′ 56'',E 25° 59′ 41'',-27.3155555555556,25.9947222222222
2587,Morningside Farm Airport,North West,South Africa,airport,S 25° 42′ 16'',E 26° 54′ 32'',-25.7044444444444,26.9088888888889
2588,Bojanala Platinum,North West,South Africa,second-order administrative division,S 25° 25′ 34'',E 27° 13′ 27'',-25.4261111111111,27.2241666666667
2589,Dr Kenneth Kaunda District Municipality,North West,South Africa,second-order administrative division,S 26° 48′ 24'',E 26° 34′ 9'',-26.8066666666667,26.5691666666667
2590,Marikana,North West,South Africa,populated place,S 25° 41′ 56'',E 27° 28′ 29'',-25.6988888888889,27.4747222222222
2591,Derby,North West,South Africa,populated place,S 25° 54′ 32'',E 27° 2′ 29'',-25.9088888888889,27.0413888888889
2592,Algiers Crown Reserve,North West,South Africa,reserve,S 26° 37′ 0'',E 24° 2′ 0'',-26.6166666666667,24.0333333333333
2593,Soutpan,North West,South Africa,lake,S 27° 28′ 0'',E 25° 36′ 0'',-27.4666666666667,25.6
2594,Soutpan,North West,South Africa,lake,S 26° 54′ 30'',E 25° 21′ 18'',-26.9083333333333,25.355
2595,Ghaap se Plato,North West,South Africa,plateau,S 27° 30′ 0'',E 24° 20′ 0'',-27.5,24.3333333333333
2596,Leeupan,North West,South Africa,lake,S 26° 31′ 30'',E 25° 36′ 4'',-26.525,25.6011111111111
2597,Matiabengkroonreserwe,North West,South Africa,area,S 26° 39′ 10'',E 23° 58′ 58'',-26.6527777777778,23.9827777777778
2598,Mafikeng North,North West,South Africa,airport,S 25° 45′ 10'',E 25° 36′ 43'',-25.7527777777778,25.6119444444444
2599,Delareyville,North West,South Africa,seat of a third-order administrative division,S 26° 41′ 10'',E 25° 27′ 32'',-26.6861111111111,25.4588888888889
2600,Kimberley,Northern Cape,South Africa,seat of a first-order administrative division,S 28° 43′ 56'',E 24° 45′ 44'',-28.7322222222222,24.7622222222222
2601,Siyanda District Municipality,Northern Cape,South Africa,second-order administrative division,S 28° 0′ 0'',E 21° 11′ 4'',-28,21.1844444444444
2602,Namakwa District Municipality,Northern Cape,South Africa,second-order administrative division,S 30° 32′ 8'',E 19° 25′ 44'',-30.5355555555556,19.4288888888889
2603,Pixley ka Seme District Municipality,Northern Cape,South Africa,second-order administrative division,S 30° 17′ 21'',E 23° 15′ 29'',-30.2891666666667,23.2580555555556
2604,Northern Cape,Northern Cape,South Africa,first-order administrative division,S 29° 30′ 0'',E 22° 0′ 0'',-29.5,22
2605,Kimberly Airport,Northern Cape,South Africa,airport,S 28° 48′ 10'',E 24° 45′ 54'',-28.8027777777778,24.765
2606,Upington,Northern Cape,South Africa,seat of a second-order administrative division,S 28° 26′ 51'',E 21° 15′ 22'',-28.4475,21.2561111111111
2607,Upington Airport,Northern Cape,South Africa,airport,S 28° 23′ 56'',E 21° 15′ 36'',-28.3988888888889,21.26
2608,Aggeneys Airport,Northern Cape,South Africa,airport,S 29° 16′ 54'',E 18° 48′ 49'',-29.2816666666667,18.8136111111111
2609,Alexander Bay Airport,Northern Cape,South Africa,airport,S 28° 34′ 30'',E 16° 32′ 0'',-28.575,16.5333333333333
2610,John Taolo Gaetsewe District Municipality,Northern Cape,South Africa,second-order administrative division,S 27° 2′ 43'',E 23° 2′ 49'',-27.0452777777778,23.0469444444444
2611,Johan Pienaar Airport,Northern Cape,South Africa,airport,S 27° 27′ 24'',E 23° 24′ 41'',-27.4566666666667,23.4113888888889
2612,Lime Acres Finsch Mine Airport,Northern Cape,South Africa,airport,S 28° 21′ 36'',E 23° 26′ 20'',-28.36,23.4388888888889
2613,Little Namaqualand,Northern Cape,South Africa,region,S 28° 30′ 0'',E 17° 0′ 0'',-28.5,17
2614,Hantam,Northern Cape,South Africa,area,S 31° 12′ 0'',E 19° 40′ 0'',-31.2,19.6666666666667
2615,Buffelsrivier,Northern Cape,South Africa,locality,S 29° 42′ 15'',E 17° 36′ 3'',-29.7041666666667,17.6008333333333
2616,De Aar,Northern Cape,South Africa,seat of a second-order administrative division,S 30° 38′ 58'',E 24° 0′ 44'',-30.6494444444444,24.0122222222222
2617,Daniëlskuil,Northern Cape,South Africa,populated place,S 28° 11′ 19'',E 23° 32′ 22'',-28.1886111111111,23.5394444444444
2618,Augrabies Falls National Park,Northern Cape,South Africa,park,S 28° 35′ 5'',E 20° 20′ 42'',-28.5847222222222,20.345
2619,Kaiingveld,Northern Cape,South Africa,region,S 29° 45′ 0'',E 21° 30′ 0'',-29.75,21.5
2620,Postmasburg,Northern Cape,South Africa,seat of a third-order administrative division,S 28° 20′ 2'',E 23° 3′ 55'',-28.3338888888889,23.0652777777778
2621,Orania,Northern Cape,South Africa,populated place,S 29° 48′ 49'',E 24° 24′ 43'',-29.8136111111111,24.4119444444444
2622,Kgalagadi Transfrontier Park,Northern Cape,South Africa,park,S 25° 46′ 0'',E 20° 23′ 0'',-25.7666666666667,20.3833333333333
2623,Springbok Airport,Northern Cape,South Africa,airport,S 29° 41′ 21'',E 17° 56′ 22'',-29.6891666666667,17.9394444444444
2624,Springbok,Northern Cape,South Africa,seat of a second-order administrative division,S 29° 39′ 51'',E 17° 53′ 11'',-29.6641666666667,17.8863888888889
2625,Carnarvon Airport,Northern Cape,South Africa,airport,S 30° 59′ 17'',E 22° 7′ 52'',-30.9880555555556,22.1311111111111
2626,Pampierstad,Northern Cape,South Africa,populated place,S 27° 46′ 59'',E 24° 41′ 15'',-27.7830555555556,24.6875
2627,Noupoort,Northern Cape,South Africa,populated place,S 31° 11′ 14'',E 24° 56′ 59'',-31.1872222222222,24.9497222222222
2628,Sishen,Northern Cape,South Africa,airport,S 27° 38′ 55'',E 22° 59′ 57'',-27.6486111111111,22.9991666666667
2629,Frances Baard District Municipality,Northern Cape,South Africa,second-order administrative division,S 28° 18′ 0'',E 24° 22′ 54'',-28.3,24.3816666666667
2630,Tswalu Kalahari Reserve,Northern Cape,South Africa,reservation,S 27° 14′ 40'',E 22° 24′ 18'',-27.2444444444444,22.405
2631,Tankwa Karoo National Park,Northern Cape,South Africa,park,S 32° 15′ 0'',E 19° 45′ 0'',-32.25,19.75
2632,Steyerkraal,Northern Cape,South Africa,locality,S 29° 29′ 37'',E 17° 49′ 54'',-29.4936111111111,17.8316666666667
2633,Die Bronpan,Northern Cape,South Africa,lake,S 29° 36′ 58'',E 24° 3′ 11'',-29.6161111111111,24.0530555555556
2634,Augrabies,Northern Cape,South Africa,populated place,S 28° 38′ 0'',E 20° 21′ 0'',-28.6333333333333,20.35
2635,Reynekespan,Northern Cape,South Africa,lake,S 29° 44′ 53'',E 24° 13′ 25'',-29.7480555555556,24.2236111111111
2636,Griqualand West,Northern Cape,South Africa,region,S 28° 30′ 0'',E 23° 30′ 0'',-28.5,23.5
2637,Kenhardt,Northern Cape,South Africa,populated place,S 29° 20′ 44'',E 21° 9′ 28'',-29.3455555555556,21.1577777777778
2638,Fraserburg,Northern Cape,South Africa,populated place,S 31° 54′ 56'',E 21° 30′ 48'',-31.9155555555556,21.5133333333333
2639,Driekopspan,Northern Cape,South Africa,lake,S 29° 23′ 33'',E 24° 26′ 20'',-29.3925,24.4388888888889
2640,Kalahari Gemsbok National Park,Northern Cape,South Africa,park,S 25° 40′ 59'',E 20° 20′ 6'',-25.6830555555556,20.335
2641,Kai !Garib,Northern Cape,South Africa,third-order administrative division,S 28° 58′ 8'',E 20° 24′ 56'',-28.9688888888889,20.4155555555556
2642,Hantam,Northern Cape,South Africa,third-order administrative division,S 31° 1′ 31'',E 19° 55′ 0'',-31.0252777777778,19.9166666666667
2643,Nababeep,Northern Cape,South Africa,populated place,S 29° 35′ 30'',E 17° 47′ 10'',-29.5916666666667,17.7861111111111
2644,Alexander Bay,Northern Cape,South Africa,populated place,S 28° 35′ 45'',E 16° 29′ 7'',-28.5958333333333,16.4852777777778
2645,Colesberg,Northern Cape,South Africa,seat of a third-order administrative division,S 30° 43′ 12'',E 25° 5′ 49'',-30.72,25.0969444444444
2646,Brandvlei,Northern Cape,South Africa,populated place,S 30° 27′ 55'',E 20° 29′ 11'',-30.4652777777778,20.4863888888889
2647,Barkly West,Northern Cape,South Africa,seat of a third-order administrative division,S 28° 32′ 7'',E 24° 31′ 17'',-28.5352777777778,24.5213888888889
2648,Warrenton,Northern Cape,South Africa,seat of a third-order administrative division,S 28° 6′ 50'',E 24° 50′ 51'',-28.1138888888889,24.8475
2649,Ritchie,Northern Cape,South Africa,populated place,S 29° 2′ 16'',E 24° 36′ 10'',-29.0377777777778,24.6027777777778
2650,Odesa,Odessa,Ukraine,seat of a first-order administrative division,N 46° 29′ 8'',E 30° 44′ 37'',46.4855555555556,30.7436111111111
2651,Bilhorod-Dnistrovskyy City Raion,Odessa,Ukraine,historical political entity,N 46° 11′ 41'',E 30° 20′ 55'',46.1947222222222,30.3486111111111
2652,Odessa,Odessa,Ukraine,first-order administrative division,N 46° 27′ 27'',E 30° 44′ 54'',46.4575,30.7483333333333
2653,Izmail,Odessa,Ukraine,populated place,N 45° 21′ 2'',E 28° 50′ 15'',45.3505555555556,28.8375
2654,Chornomorsk,Odessa,Ukraine,populated place,N 46° 17′ 56'',E 30° 39′ 19'',46.2988888888889,30.6552777777778
2655,Bilhorod-Dnistrovskyi,Odessa,Ukraine,seat of a second-order administrative division,N 46° 11′ 41'',E 30° 20′ 53'',46.1947222222222,30.3480555555556
2656,Odesa International Airport,Odessa,Ukraine,airport,N 46° 25′ 36'',E 30° 40′ 35'',46.4266666666667,30.6763888888889
2657,Budzhak,Odessa,Ukraine,populated place,N 46° 18′ 8'',E 29° 14′ 22'',46.3022222222222,29.2394444444444
2658,Artsyz,Odessa,Ukraine,populated place,N 45° 59′ 6'',E 29° 25′ 58'',45.985,29.4327777777778
2659,Podilsk,Odessa,Ukraine,populated place,N 47° 44′ 59'',E 29° 31′ 50'',47.7497222222222,29.5305555555556
2660,Ozero Sasyk,Odessa,Ukraine,lake,N 45° 39′ 37'',E 29° 39′ 46'',45.6602777777778,29.6627777777778
2661,Bessarabske,Odessa,Ukraine,populated place,N 46° 11′ 15'',E 29° 8′ 46'',46.1875,29.1461111111111
2662,Pivdenne,Odessa,Ukraine,populated place,N 46° 37′ 29'',E 31° 6′ 6'',46.6247222222222,31.1016666666667
2663,Chornomorsk SeaPort,Odessa,Ukraine,port,N 46° 19′ 11'',E 30° 39′ 24'',46.3197222222222,30.6566666666667
2664,Snake Island,Odessa,Ukraine,island,N 45° 15′ 17'',E 30° 12′ 13'',45.2547222222222,30.2036111111111
2665,Tatarbunary,Odessa,Ukraine,populated place,N 45° 50′ 19'',E 29° 36′ 40'',45.8386111111111,29.6111111111111
2666,Odessa urban raion,Odessa,Ukraine,historical second-order administrative division,N 46° 29′ 7'',E 30° 44′ 38'',46.4852777777778,30.7438888888889
2667,Ozero Kahul,Odessa,Ukraine,lake,N 45° 22′ 42'',E 28° 24′ 5'',45.3783333333333,28.4013888888889
2668,Lake Kuhurlui,Odessa,Ukraine,lake,N 45° 18′ 7'',E 28° 40′ 31'',45.3019444444444,28.6752777777778
2669,Ozero Shahany,Odessa,Ukraine,lake,N 45° 43′ 11'',E 29° 52′ 14'',45.7197222222222,29.8705555555556
2670,Ozero Yalpuh,Odessa,Ukraine,lake,N 45° 29′ 9'',E 28° 37′ 24'',45.4858333333333,28.6233333333333
2671,Velykodolynske,Odessa,Ukraine,populated place,N 46° 20′ 47'',E 30° 34′ 44'',46.3463888888889,30.5788888888889
2672,Troiandove,Odessa,Ukraine,populated place,N 46° 53′ 37'',E 30° 51′ 27'',46.8936111111111,30.8575
2673,Ilichanka,Odessa,Ukraine,populated place,N 46° 36′ 43'',E 30° 48′ 44'',46.6119444444445,30.8122222222222
2674,Teplodar,Odessa,Ukraine,populated place,N 46° 30′ 7'',E 30° 19′ 21'',46.5019444444445,30.3225
2675,Pavlivka,Odessa,Ukraine,populated place,N 47° 14′ 30'',E 29° 34′ 9'',47.2416666666667,29.5691666666667
2676,Ozero Alibei,Odessa,Ukraine,lake,N 45° 47′ 50'',E 30° 0′ 29'',45.7972222222222,30.0080555555556
2677,Novyy Karakurt,Odessa,Ukraine,locality,N 45° 36′ 27'',E 28° 47′ 33'',45.6075,28.7925
2678,Velykyi Solonyi Lyman,Odessa,Ukraine,lake,N 45° 32′ 34'',E 29° 34′ 10'',45.5427777777778,29.5694444444444
2679,Bolhrad,Odessa,Ukraine,seat of a second-order administrative division,N 45° 40′ 40'',E 28° 37′ 5'',45.6777777777778,28.6180555555556
2680,Bolhrad Raion,Odessa,Ukraine,second-order administrative division,N 45° 40′ 39'',E 28° 36′ 49'',45.6775,28.6136111111111
2681,Berezivka Raion,Odessa,Ukraine,second-order administrative division,N 47° 12′ 1'',E 30° 54′ 25'',47.2002777777778,30.9069444444444
2682,Bilyayivka,Odessa,Ukraine,seat of a second-order administrative division,N 46° 29′ 3'',E 30° 12′ 32'',46.4841666666667,30.2088888888889
2683,Lake Bile,Odessa,Ukraine,lake,N 46° 27′ 8'',E 30° 10′ 51'',46.4522222222222,30.1808333333333
2684,Balta,Odessa,Ukraine,seat of a second-order administrative division,N 47° 56′ 9'',E 29° 37′ 20'',47.9358333333333,29.6222222222222
2685,Kotovka,Odessa,Ukraine,populated place,N 47° 20′ 22'',E 30° 46′ 49'',47.3394444444444,30.7802777777778
2686,Ozero Kytai,Odessa,Ukraine,lake,N 45° 35′ 20'',E 29° 12′ 12'',45.5888888888889,29.2033333333333
2687,Kiliya,Odessa,Ukraine,seat of a second-order administrative division,N 45° 26′ 40'',E 29° 15′ 50'',45.4444444444444,29.2638888888889
2688,Pervomayske,Odessa,Ukraine,locality,N 47° 9′ 2'',E 29° 45′ 57'',47.1505555555556,29.7658333333333
2689,Khorosheve,Odessa,Ukraine,locality,N 47° 11′ 43'',E 29° 59′ 37'',47.1952777777778,29.9936111111111
2690,Kholodna Balka,Odessa,Ukraine,populated place,N 46° 36′ 22'',E 30° 35′ 1'',46.6061111111111,30.5836111111111
2691,Ozero Katlabuh,Odessa,Ukraine,lake,N 45° 29′ 15'',E 28° 58′ 55'',45.4875,28.9819444444444
2692,Lyubashivka Raion,Odessa,Ukraine,historical second-order administrative division,N 47° 49′ 56'',E 30° 15′ 25'',47.8322222222222,30.2569444444444
2693,Ruyin Lazarivka,Odessa,Ukraine,locality,N 47° 8′ 4'',E 29° 37′ 23'',47.1344444444444,29.6230555555556
2694,Fontanka,Odessa,Ukraine,populated place,N 46° 34′ 12'',E 30° 51′ 16'',46.57,30.8544444444444
2695,Ozero Burnas,Odessa,Ukraine,lake,N 45° 50′ 52'',E 30° 6′ 59'',45.8477777777778,30.1163888888889
2696,Ovidiopol,Odessa,Ukraine,populated place,N 46° 14′ 49'',E 30° 26′ 14'',46.2469444444444,30.4372222222222
2697,Ocheretovka,Odessa,Ukraine,locality,N 46° 42′ 31'',E 29° 58′ 51'',46.7086111111111,29.9808333333333
2698,Nove,Odessa,Ukraine,locality,N 46° 47′ 15'',E 30° 49′ 51'',46.7875,30.8308333333333
2699,Kurisove,Odessa,Ukraine,populated place,N 46° 58′ 10'',E 30° 57′ 32'',46.9694444444445,30.9588888888889
2700,Columbus,Ohio,United States,seat of a first-order administrative division,N 39° 57′ 40'',W 82° 59′ 55'',39.9611111111111,-82.9986111111111
2701,Northeast Ohio,Ohio,United States,region,N 41° 4′ 27'',W 81° 29′ 36'',41.0741666666667,-81.4933333333333
2702,Ohio,Ohio,United States,first-order administrative division,N 40° 15′ 1'',W 83° 0′ 0'',40.2502777777778,-83
2703,"Columbus, OH Metro Area",Ohio,United States,economic region,N 39° 58′ 5'',W 82° 50′ 12'',39.9680555555556,-82.8366666666667
2704,"Cleveland-Elyria, OH",Ohio,United States,economic region,N 41° 35′ 32'',W 81° 39′ 40'',41.5922222222222,-81.6611111111111
2705,Cleveland,Ohio,United States,seat of a second-order administrative division,N 41° 29′ 58'',W 81° 41′ 43'',41.4994444444444,-81.6952777777778
2706,Akron,Ohio,United States,seat of a second-order administrative division,N 41° 4′ 53'',W 81° 31′ 8'',41.0813888888889,-81.5188888888889
2707,Cincinnati,Ohio,United States,seat of a second-order administrative division,N 39° 7′ 37'',W 84° 30′ 51'',39.1269444444445,-84.5141666666667
2708,Dayton,Ohio,United States,seat of a second-order administrative division,N 39° 45′ 32'',W 84° 11′ 29'',39.7588888888889,-84.1913888888889
2709,Toledo,Ohio,United States,seat of a second-order administrative division,N 41° 39′ 50'',W 83° 33′ 18'',41.6638888888889,-83.555
2710,Canton,Ohio,United States,seat of a second-order administrative division,N 40° 47′ 56'',W 81° 22′ 42'',40.7988888888889,-81.3783333333333
2711,Lorain,Ohio,United States,populated place,N 41° 27′ 10'',W 82° 10′ 56'',41.4527777777778,-82.1822222222222
2712,Youngstown,Ohio,United States,seat of a second-order administrative division,N 41° 5′ 59'',W 80° 38′ 58'',41.0997222222222,-80.6494444444445
2713,Springfield,Ohio,United States,seat of a second-order administrative division,N 39° 55′ 27'',W 83° 48′ 31'',39.9241666666667,-83.8086111111111
2714,Kent,Ohio,United States,populated place,N 41° 9′ 13'',W 81° 21′ 28'',41.1536111111111,-81.3577777777778
2715,Warren,Ohio,United States,seat of a second-order administrative division,N 41° 14′ 15'',W 80° 49′ 6'',41.2375,-80.8183333333333
2716,Mansfield,Ohio,United States,seat of a second-order administrative division,N 40° 45′ 30'',W 82° 30′ 55'',40.7583333333333,-82.5152777777778
2717,Hamilton,Ohio,United States,seat of a second-order administrative division,N 39° 23′ 58'',W 84° 33′ 40'',39.3994444444444,-84.5611111111111
2718,Lima,Ohio,United States,seat of a second-order administrative division,N 40° 44′ 33'',W 84° 6′ 18'',40.7425,-84.105
2719,Cuyahoga Falls,Ohio,United States,populated place,N 41° 8′ 2'',W 81° 29′ 4'',41.1338888888889,-81.4844444444445
2720,Parma,Ohio,United States,populated place,N 41° 24′ 17'',W 81° 43′ 22'',41.4047222222222,-81.7227777777778
2721,Wheeling,Ohio,United States,seat of a second-order administrative division,N 40° 3′ 50'',W 80° 43′ 15'',40.0638888888889,-80.7208333333333
2722,Elyria,Ohio,United States,seat of a second-order administrative division,N 41° 22′ 6'',W 82° 6′ 27'',41.3683333333333,-82.1075
2723,Lake Erie,Ohio,United States,lake,N 41° 58′ 24'',W 81° 18′ 11'',41.9733333333333,-81.3030555555556
2724,Euclid,Ohio,United States,populated place,N 41° 35′ 35'',W 81° 31′ 36'',41.5930555555556,-81.5266666666667
2725,Lakewood,Ohio,United States,populated place,N 41° 28′ 55'',W 81° 47′ 53'',41.4819444444444,-81.7980555555556
2726,Massillon,Ohio,United States,populated place,N 40° 47′ 48'',W 81° 31′ 17'',40.7966666666667,-81.5213888888889
2727,Middletown,Ohio,United States,populated place,N 39° 30′ 54'',W 84° 23′ 53'',39.515,-84.3980555555556
2728,Dublin,Ohio,United States,populated place,N 40° 5′ 57'',W 83° 6′ 50'',40.0991666666667,-83.1138888888889
2729,Newark,Ohio,United States,seat of a second-order administrative division,N 40° 3′ 29'',W 82° 24′ 4'',40.0580555555556,-82.4011111111111
2730,Ohio,Ohio,United States,second-order administrative division,N 37° 28′ 41'',W 86° 50′ 56'',37.4780555555556,-86.8488888888889
2731,Sandusky,Ohio,United States,seat of a second-order administrative division,N 41° 26′ 56'',W 82° 42′ 28'',41.4488888888889,-82.7077777777778
2732,Brunswick,Ohio,United States,populated place,N 41° 14′ 17'',W 81° 50′ 30'',41.2380555555556,-81.8416666666667
2733,Medina,Ohio,United States,seat of a second-order administrative division,N 41° 8′ 18'',W 81° 51′ 49'',41.1383333333333,-81.8636111111111
2734,Mentor,Ohio,United States,populated place,N 41° 39′ 58'',W 81° 20′ 22'',41.6661111111111,-81.3394444444444
2735,Zanesville,Ohio,United States,seat of a second-order administrative division,N 39° 56′ 25'',W 82° 0′ 47'',39.9402777777778,-82.0130555555556
2736,Findlay,Ohio,United States,seat of a second-order administrative division,N 41° 2′ 39'',W 83° 38′ 59'',41.0441666666667,-83.6497222222222
2737,Bowling Green,Ohio,United States,seat of a second-order administrative division,N 41° 22′ 29'',W 83° 39′ 4'',41.3747222222222,-83.6511111111111
2738,Marion,Ohio,United States,seat of a second-order administrative division,N 40° 35′ 19'',W 83° 7′ 42'',40.5886111111111,-83.1283333333333
2739,Ohio,Ohio,United States,second-order administrative division,N 38° 57′ 0'',W 84° 57′ 54'',38.95,-84.965
2740,Dover,Ohio,United States,populated place,N 40° 31′ 14'',W 81° 28′ 26'',40.5205555555556,-81.4738888888889
2741,East Liverpool,Ohio,United States,populated place,N 40° 37′ 7'',W 80° 34′ 38'',40.6186111111111,-80.5772222222222
2742,Eastlake,Ohio,United States,populated place,N 41° 39′ 14'',W 81° 27′ 1'',41.6538888888889,-81.4502777777778
2743,Hudson,Ohio,United States,populated place,N 41° 14′ 24'',W 81° 26′ 26'',41.24,-81.4405555555556
2744,Niles,Ohio,United States,populated place,N 41° 10′ 58'',W 80° 45′ 55'',41.1827777777778,-80.7652777777778
2745,North Olmsted,Ohio,United States,populated place,N 41° 24′ 56'',W 81° 55′ 24'',41.4155555555556,-81.9233333333333
2746,North Ridgeville,Ohio,United States,populated place,N 41° 23′ 22'',W 82° 1′ 8'',41.3894444444444,-82.0188888888889
2747,North Royalton,Ohio,United States,populated place,N 41° 18′ 49'',W 81° 43′ 28'',41.3136111111111,-81.7244444444444
2748,Conneaut,Ohio,United States,populated place,N 41° 56′ 51'',W 80° 33′ 15'',41.9475,-80.5541666666667
2749,Stow,Ohio,United States,populated place,N 41° 9′ 34'',W 81° 26′ 25'',41.1594444444444,-81.4402777777778
2750,Ottawa,Ontario,Canada,capital of a political entity,N 45° 24′ 40'',W 75° 41′ 53'',45.4111111111111,-75.6980555555556
2751,Toronto,Ontario,Canada,seat of a first-order administrative division,N 43° 42′ 23'',W 79° 23′ 55'',43.7063888888889,-79.3986111111111
2752,Mississauga,Ontario,Canada,populated place,N 43° 34′ 44'',W 79° 39′ 29'',43.5788888888889,-79.6580555555556
2753,Greater Toronto Area,Ontario,Canada,area,N 43° 45′ 33'',W 79° 15′ 58'',43.7591666666667,-79.2661111111111
2754,Hamilton,Ontario,Canada,populated place,N 43° 15′ 0'',W 79° 50′ 58'',43.25,-79.8494444444444
2755,London,Ontario,Canada,populated place,N 42° 59′ 0'',W 81° 13′ 58'',42.9833333333333,-81.2327777777778
2756,Brampton,Ontario,Canada,populated place,N 43° 41′ 0'',W 79° 45′ 58'',43.6833333333333,-79.7661111111111
2757,Kenora District,Ontario,Canada,second-order administrative division,N 54° 0′ 0'',W 87° 59′ 59'',54,-87.9997222222222
2758,Golden Horseshoe,Ontario,Canada,area,N 44° 29′ 12'',W 79° 42′ 50'',44.4866666666667,-79.7138888888889
2759,Sudbury,Ontario,Canada,populated place,N 46° 29′ 24'',W 80° 59′ 24'',46.49,-80.99
2760,Guelph,Ontario,Canada,populated place,N 43° 32′ 45'',W 80° 15′ 21'',43.5458333333333,-80.2558333333333
2761,Burlington,Ontario,Canada,populated place,N 43° 23′ 10'',W 79° 50′ 13'',43.3861111111111,-79.8369444444444
2762,Cambridge,Ontario,Canada,populated place,N 43° 21′ 36'',W 80° 18′ 45'',43.36,-80.3125
2763,Barrie,Ontario,Canada,populated place,N 44° 24′ 0'',W 79° 39′ 58'',44.4,-79.6661111111111
2764,Oshawa,Ontario,Canada,populated place,N 43° 54′ 0'',W 78° 50′ 58'',43.9,-78.8494444444444
2765,Markham,Ontario,Canada,populated place,N 43° 52′ 0'',W 79° 15′ 58'',43.8666666666667,-79.2661111111111
2766,Thunder Bay,Ontario,Canada,populated place,N 48° 22′ 55'',W 89° 15′ 0'',48.3819444444444,-89.25
2767,Windsor,Ontario,Canada,populated place,N 42° 18′ 0'',W 83° 0′ 59'',42.3,-83.0163888888889
2768,Oakville,Ontario,Canada,populated place,N 43° 27′ 0'',W 79° 40′ 58'',43.45,-79.6827777777778
2769,Kingston,Ontario,Canada,populated place,N 44° 13′ 47'',W 76° 28′ 51'',44.2297222222222,-76.4808333333333
2770,Kitchener,Ontario,Canada,seat of a second-order administrative division,N 43° 25′ 31'',W 80° 30′ 40'',43.4252777777778,-80.5111111111111
2771,Vaughan,Ontario,Canada,populated place,N 43° 50′ 9'',W 79° 29′ 53'',43.8358333333333,-79.4980555555556
2772,Brantford,Ontario,Canada,populated place,N 43° 8′ 0'',W 80° 15′ 58'',43.1333333333333,-80.2661111111111
2773,Niagara Falls,Ontario,Canada,populated place,N 43° 6′ 0'',W 79° 3′ 58'',43.1,-79.0661111111111
2774,St. Catharines,Ontario,Canada,populated place,N 43° 10′ 16'',W 79° 14′ 33'',43.1711111111111,-79.2425
2775,Ontario,Ontario,Canada,first-order administrative division,N 49° 15′ 0'',W 84° 29′ 59'',49.25,-84.4997222222222
2776,Caledon,Ontario,Canada,populated place,N 43° 51′ 55'',W 79° 59′ 35'',43.8652777777778,-79.9930555555556
2777,Belleville,Ontario,Canada,populated place,N 44° 10′ 0'',W 77° 22′ 58'',44.1666666666667,-77.3827777777778
2778,Milton,Ontario,Canada,seat of a second-order administrative division,N 43° 31′ 0'',W 79° 52′ 58'',43.5166666666667,-79.8827777777778
2779,Peterborough,Ontario,Canada,populated place,N 44° 18′ 0'',W 78° 18′ 58'',44.3,-78.3161111111111
2780,Pickering,Ontario,Canada,populated place,N 43° 54′ 0'',W 79° 7′ 58'',43.9,-79.1327777777778
2781,Richmond Hill,Ontario,Canada,populated place,N 43° 52′ 16'',W 79° 26′ 14'',43.8711111111111,-79.4372222222222
2782,Sarnia,Ontario,Canada,populated place,N 42° 58′ 43'',W 82° 24′ 14'',42.9786111111111,-82.4038888888889
2783,Waterloo,Ontario,Canada,populated place,N 43° 28′ 0'',W 80° 30′ 59'',43.4666666666667,-80.5163888888889
2784,Whitby,Ontario,Canada,populated place,N 43° 53′ 0'',W 78° 55′ 58'',43.8833333333333,-78.9327777777778
2785,Thunder Bay District,Ontario,Canada,second-order administrative division,N 49° 30′ 0'',W 88° 30′ 0'',49.5,-88.5
2786,Timmins,Ontario,Canada,populated place,N 48° 28′ 0'',W 81° 19′ 59'',48.4666666666667,-81.3330555555556
2787,Cochrane District,Ontario,Canada,second-order administrative division,N 50° 0′ 0'',W 82° 59′ 59'',50,-82.9997222222222
2788,Kanata,Ontario,Canada,populated place,N 45° 18′ 0'',W 75° 54′ 57'',45.3,-75.9158333333333
2789,Ajax,Ontario,Canada,populated place,N 43° 51′ 0'',W 79° 1′ 58'',43.85,-79.0327777777778
2790,Algoma,Ontario,Canada,second-order administrative division,N 47° 53′ 1'',W 84° 25′ 26'',47.8836111111111,-84.4238888888889
2791,Nepean,Ontario,Canada,populated place,N 45° 20′ 10'',W 75° 43′ 21'',45.3361111111111,-75.7225
2792,Gloucester,Ontario,Canada,populated place,N 45° 21′ 0'',W 75° 38′ 0'',45.35,-75.6333333333333
2793,Ottawa South,Ontario,Canada,populated place,N 45° 23′ 31'',W 75° 41′ 14'',45.3919444444444,-75.6872222222222
2794,Orléans,Ontario,Canada,populated place,N 45° 27′ 26'',W 75° 30′ 15'',45.4572222222222,-75.5041666666667
2795,Toronto Pearson International Airport,Ontario,Canada,airport,N 43° 40′ 50'',W 79° 36′ 46'',43.6805555555556,-79.6127777777778
2796,Superior,Ontario,,lake,N 48° 19′ 56'',W 87° 5′ 55'',48.3322222222222,-87.0986111111111
2797,Sault Ste. Marie,Ontario,Canada,seat of a second-order administrative division,N 46° 31′ 0'',W 84° 19′ 59'',46.5166666666667,-84.3330555555556
2798,St. Thomas,Ontario,Canada,populated place,N 42° 46′ 25'',W 81° 10′ 49'',42.7736111111111,-81.1802777777778
2799,Newmarket,Ontario,Canada,populated place,N 44° 3′ 0'',W 79° 27′ 58'',44.05,-79.4661111111111
2800,Orenburg,Orenburg,Russia,seat of a first-order administrative division,N 51° 46′ 1'',E 55° 5′ 55'',51.7669444444444,55.0986111111111
2801,Orenburg Oblast,Orenburg,Russia,first-order administrative division,N 51° 38′ 30'',E 55° 36′ 0'',51.6416666666667,55.6
2802,Buzuluk,Orenburg,Russia,seat of a second-order administrative division,N 52° 46′ 41'',E 52° 15′ 30'',52.7780555555556,52.2583333333333
2803,Orsk,Orenburg,Russia,seat of a second-order administrative division,N 51° 13′ 55'',E 58° 29′ 16'',51.2319444444444,58.4877777777778
2804,Novotroitsk,Orenburg,Russia,seat of a second-order administrative division,N 51° 12′ 3'',E 58° 18′ 47'',51.2008333333333,58.3130555555556
2805,Orenburg / Tsentralny,Orenburg,Russia,airport,N 51° 47′ 44'',E 55° 27′ 24'',51.7955555555556,55.4566666666667
2806,Buguruslan,Orenburg,Russia,seat of a second-order administrative division,N 53° 39′ 19'',E 52° 26′ 31'',53.6552777777778,52.4419444444444
2807,Kuvandyk,Orenburg,Russia,seat of a second-order administrative division,N 51° 29′ 5'',E 57° 21′ 28'',51.4847222222222,57.3577777777778
2808,Gorodskoy Okrug Orenburg,Orenburg,Russia,second-order administrative division,N 51° 49′ 32'',E 55° 11′ 44'',51.8255555555556,55.1955555555556
2809,Orenburg Urban District,Orenburg,Russia,second-order administrative division,N 51° 48′ 57'',E 55° 2′ 13'',51.8158333333333,55.0369444444444
2810,Mednogorsk,Orenburg,Russia,seat of a second-order administrative division,N 51° 24′ 20'',E 57° 35′ 15'',51.4055555555556,57.5875
2811,Gay,Orenburg,Russia,seat of a second-order administrative division,N 51° 28′ 21'',E 58° 27′ 5'',51.4725,58.4513888888889
2812,Abdulino,Orenburg,Russia,seat of a second-order administrative division,N 53° 41′ 8'',E 53° 39′ 19'',53.6855555555556,53.6552777777778
2813,Krasnaya Glinka,Orenburg,Russia,populated place,N 53° 44′ 17'',E 52° 56′ 21'',53.7380555555556,52.9391666666667
2814,Sol'-Iletsk,Orenburg,Russia,seat of a second-order administrative division,N 51° 9′ 44'',E 54° 59′ 29'',51.1622222222222,54.9913888888889
2815,Orsk Airport,Orenburg,Russia,airport,N 51° 4′ 21'',E 58° 35′ 44'',51.0725,58.5955555555556
2816,Urochishche Pervomayskoye,Orenburg,Russia,area,N 54° 12′ 3'',E 52° 51′ 59'',54.2008333333333,52.8663888888889
2817,Novaya Nikolinka,Orenburg,Russia,area,N 53° 19′ 0'',E 53° 45′ 0'',53.3166666666667,53.75
2818,Buguruslan,Orenburg,Russia,second-order administrative division,N 53° 37′ 30'',E 52° 24′ 59'',53.625,52.4163888888889
2819,Komarovsky,Orenburg,Russia,second-order administrative division,N 52° 52′ 18'',E 52° 25′ 14'',52.8716666666667,52.4205555555556
2820,Cherkassy,Orenburg,Russia,populated place,N 51° 48′ 31'',E 56° 20′ 30'',51.8086111111111,56.3416666666667
2821,Urochishche Koinsay,Orenburg,Russia,area,N 51° 18′ 57'',E 59° 27′ 17'',51.3158333333333,59.4547222222222
2822,Urochishche Ivanovka,Orenburg,Russia,area,N 52° 24′ 23'',E 52° 21′ 21'',52.4063888888889,52.3558333333333
2823,Ilek,Orenburg,Russia,seat of a second-order administrative division,N 51° 31′ 37'',E 53° 22′ 56'',51.5269444444444,53.3822222222222
2824,Andreyevka,Orenburg,Russia,area,N 52° 20′ 34'',E 54° 41′ 15'',52.3427777777778,54.6875
2825,Urochishche Alekseyevka,Orenburg,Russia,area,N 53° 12′ 13'',E 53° 58′ 8'',53.2036111111111,53.9688888888889
2826,Aleksandrovka,Orenburg,Russia,area,N 53° 3′ 0'',E 53° 53′ 0'',53.05,53.8833333333333
2827,Urochishche Aleksandrovka,Orenburg,Russia,area,N 52° 54′ 17'',E 54° 31′ 13'',52.9047222222222,54.5202777777778
2828,Aleksandrovka,Orenburg,Russia,area,N 51° 36′ 33'',E 58° 22′ 14'',51.6091666666667,58.3705555555556
2829,Alandskoye,Orenburg,Russia,populated place,N 52° 13′ 34'',E 59° 47′ 38'',52.2261111111111,59.7938888888889
2830,Urochishche Dmitriyevka,Orenburg,Russia,area,N 53° 3′ 14'',E 53° 28′ 58'',53.0538888888889,53.4827777777778
2831,Filippovka,Orenburg,Russia,area,N 52° 3′ 59'',E 53° 30′ 5'',52.0663888888889,53.5013888888889
2832,Belyayevka,Orenburg,Russia,seat of a second-order administrative division,N 51° 23′ 48'',E 56° 24′ 25'',51.3966666666667,56.4069444444444
2833,Baka,Orenburg,Russia,area,N 51° 46′ 4'',E 58° 0′ 40'',51.7677777777778,58.0111111111111
2834,Perevolotskiy,Orenburg,Russia,seat of a second-order administrative division,N 51° 52′ 39'',E 54° 11′ 24'',51.8775,54.19
2835,Novosergiyevka,Orenburg,Russia,seat of a second-order administrative division,N 52° 5′ 13'',E 53° 38′ 46'',52.0869444444445,53.6461111111111
2836,Urochishche Novomikhaylovskoye,Orenburg,Russia,area,N 51° 17′ 30'',E 55° 49′ 16'',51.2916666666667,55.8211111111111
2837,Urochishche Novoivanovka,Orenburg,Russia,area,N 53° 9′ 0'',E 53° 42′ 0'',53.15,53.7
2838,Urochishche Novogeorgiyevka,Orenburg,Russia,area,N 51° 35′ 7'',E 58° 9′ 46'',51.5852777777778,58.1627777777778
2839,Novikovka,Orenburg,Russia,area,N 53° 22′ 50'',E 52° 39′ 57'',53.3805555555556,52.6658333333333
2840,Nizhnepavlovka,Orenburg,Russia,populated place,N 51° 42′ 47'',E 54° 48′ 5'',51.7130555555556,54.8013888888889
2841,Sorochinsk,Orenburg,Russia,seat of a second-order administrative division,N 52° 25′ 43'',E 53° 9′ 0'',52.4286111111111,53.15
2842,Naumovka,Orenburg,Russia,area,N 53° 33′ 0'',E 52° 33′ 39'',53.55,52.5608333333333
2843,Ostrovka,Orenburg,Russia,area,N 53° 18′ 0'',E 54° 15′ 0'',53.3,54.25
2844,Saraktash,Orenburg,Russia,seat of a second-order administrative division,N 51° 47′ 14'',E 56° 21′ 35'',51.7872222222222,56.3597222222222
2845,Severnoye,Orenburg,Russia,seat of a second-order administrative division,N 54° 5′ 34'',E 52° 32′ 30'',54.0927777777778,52.5416666666667
2846,Yasnyy,Orenburg,Russia,seat of a second-order administrative division,N 51° 2′ 7'',E 59° 52′ 20'',51.0352777777778,59.8722222222222
2847,Urochishche Shuburtau,Orenburg,Russia,area,N 51° 46′ 53'',E 59° 13′ 29'',51.7813888888889,59.2247222222222
2848,Tatarskaya Kargala,Orenburg,Russia,populated place,N 51° 56′ 58'',E 55° 10′ 23'',51.9494444444444,55.1730555555556
2849,Urochishche Tashkichu,Orenburg,Russia,area,N 54° 10′ 11'',E 52° 24′ 38'',54.1697222222222,52.4105555555556
2850,Oryol,Oryol,Russia,seat of a first-order administrative division,N 52° 58′ 7'',E 36° 4′ 44'',52.9686111111111,36.0788888888889
2851,Oryol oblast,Oryol,Russia,first-order administrative division,N 53° 0′ 0'',E 36° 15′ 0'',53,36.25
2852,Oryol Yuzhny Airport,Oryol,Russia,airport,N 52° 56′ 4'',E 36° 0′ 7'',52.9344444444444,36.0019444444445
2853,Mtsensk,Oryol,Russia,seat of a second-order administrative division,N 53° 16′ 43'',E 36° 34′ 49'',53.2786111111111,36.5802777777778
2854,Livny,Oryol,Russia,seat of a second-order administrative division,N 52° 25′ 27'',E 37° 35′ 58'',52.4241666666667,37.5994444444444
2855,Bolkhov,Oryol,Russia,populated place,N 53° 26′ 34'',E 36° 0′ 19'',53.4427777777778,36.0052777777778
2856,Urochishche Kholchi,Oryol,Russia,area,N 52° 24′ 57'',E 34° 56′ 33'',52.4158333333333,34.9425
2857,Urochishche Annino,Oryol,Russia,area,N 52° 41′ 32'',E 36° 25′ 47'',52.6922222222222,36.4297222222222
2858,Urochishche Filino,Oryol,Russia,area,N 52° 24′ 55'',E 34° 53′ 0'',52.4152777777778,34.8833333333333
2859,Urochishche Savitsa,Oryol,Russia,area,N 52° 22′ 9'',E 34° 57′ 23'',52.3691666666667,34.9563888888889
2860,Znamenka,Oryol,Russia,populated place,N 52° 53′ 52'',E 35° 58′ 37'',52.8977777777778,35.9769444444445
2861,Khotynetsky District,Oryol,Russia,second-order administrative division,N 53° 7′ 41'',E 35° 23′ 38'',53.1280555555556,35.3938888888889
2862,Znamensky District,Oryol,Russia,second-order administrative division,N 52° 56′ 4'',E 36° 17′ 19'',52.9344444444444,36.2886111111111
2863,Zalegoshchensky,Oryol,Russia,second-order administrative division,N 52° 55′ 1'',E 36° 49′ 51'',52.9169444444444,36.8308333333333
2864,Novosilsky District,Oryol,Russia,second-order administrative division,N 52° 58′ 21'',E 37° 2′ 35'',52.9725,37.0430555555556
2865,Krasnozorensky District,Oryol,Russia,second-order administrative division,N 52° 47′ 0'',E 37° 41′ 6'',52.7833333333333,37.685
2866,Novoderevenkovsky District,Oryol,Russia,second-order administrative division,N 52° 51′ 2'',E 37° 26′ 21'',52.8505555555556,37.4391666666667
2867,Oryol District,Oryol,Russia,second-order administrative division,N 52° 57′ 46'',E 36° 5′ 57'',52.9627777777778,36.0991666666667
2868,Spasskoye-Lutovinovo,Oryol,Russia,populated place,N 53° 22′ 12'',E 36° 37′ 22'',53.37,36.6227777777778
2869,Vyshneye Dolgoye,Oryol,Russia,populated place,N 52° 3′ 46'',E 37° 24′ 18'',52.0627777777778,37.405
2870,Bolkhovskiy Rayon,Oryol,Russia,second-order administrative division,N 53° 25′ 0'',E 36° 0′ 0'',53.4166666666667,36
2871,Gorodskoy Okrug Livny,Oryol,Russia,second-order administrative division,N 52° 25′ 47'',E 37° 36′ 57'',52.4297222222222,37.6158333333333
2872,Gorodskoy Okrug Mtsensk,Oryol,Russia,second-order administrative division,N 53° 16′ 56'',E 36° 34′ 3'',53.2822222222222,36.5675
2873,Gorodskoy Okrug Orël,Oryol,Russia,second-order administrative division,N 52° 58′ 33'',E 36° 5′ 50'',52.9758333333333,36.0972222222222
2874,Korsakovskiy Rayon,Oryol,Russia,second-order administrative division,N 53° 10′ 27'',E 37° 19′ 3'',53.1741666666667,37.3175
2875,Krasnozorenskiy Rayon,Oryol,Russia,second-order administrative division,N 52° 44′ 38'',E 37° 40′ 39'',52.7438888888889,37.6775
2876,Znamenskiy Rayon,Oryol,Russia,second-order administrative division,N 53° 19′ 55'',E 35° 38′ 39'',53.3319444444444,35.6441666666667
2877,Soskovsky District,Oryol,Russia,second-order administrative division,N 52° 44′ 49'',E 35° 25′ 42'',52.7469444444444,35.4283333333333
2878,Trosnyansky District,Oryol,Russia,second-order administrative division,N 52° 24′ 42'',E 35° 49′ 14'',52.4116666666667,35.8205555555556
2879,Maloarkhangelsk District,Oryol,Russia,second-order administrative division,N 52° 23′ 57'',E 36° 30′ 7'',52.3991666666667,36.5019444444445
2880,Pokrovsky District,Oryol,Russia,second-order administrative division,N 52° 14′ 40'',E 37° 34′ 7'',52.2444444444445,37.5686111111111
2881,Kromsky District,Oryol,Russia,second-order administrative division,N 52° 38′ 3'',E 35° 46′ 3'',52.6341666666667,35.7675
2882,Dmitrovsky District,Oryol,Russia,second-order administrative division,N 52° 39′ 55'',E 35° 34′ 21'',52.6652777777778,35.5725
2883,Glazunovsky District,Oryol,Russia,second-order administrative division,N 52° 30′ 0'',E 36° 19′ 5'',52.5,36.3180555555556
2884,Mtsensk Urban District,Oryol,Russia,second-order administrative division,N 53° 17′ 0'',E 36° 34′ 1'',53.2833333333333,36.5669444444444
2885,Kolpnyansky District,Oryol,Russia,second-order administrative division,N 53° 27′ 15'',E 35° 47′ 41'',53.4541666666667,35.7947222222222
2886,Shablykinsky District,Oryol,Russia,second-order administrative division,N 52° 51′ 20'',E 35° 11′ 44'',52.8555555555556,35.1955555555556
2887,Urochishche Milyatina,Oryol,Russia,area,N 53° 25′ 42'',E 36° 10′ 51'',53.4283333333333,36.1808333333333
2888,Urochishche Novopokrovskiy,Oryol,Russia,area,N 53° 23′ 53'',E 36° 11′ 5'',53.3980555555556,36.1847222222222
2889,Urochishche Odnonitok,Oryol,Russia,area,N 53° 25′ 12'',E 36° 12′ 13'',53.42,36.2036111111111
2890,Urochishche Polyana,Oryol,Russia,area,N 53° 15′ 46'',E 36° 10′ 47'',53.2627777777778,36.1797222222222
2891,Urochishche Sukhochevskiy,Oryol,Russia,area,N 53° 26′ 5'',E 36° 12′ 6'',53.4347222222222,36.2016666666667
2892,Urochishche Kamennyy Kolodez’,Oryol,Russia,area,N 52° 31′ 9'',E 35° 26′ 51'',52.5191666666667,35.4475
2893,Novoberëzovskiy,Oryol,Russia,area,N 52° 39′ 25'',E 35° 8′ 40'',52.6569444444444,35.1444444444444
2894,Urochishche Progress,Oryol,Russia,area,N 52° 47′ 10'',E 37° 46′ 37'',52.7861111111111,37.7769444444444
2895,Urochishche Ozerki,Oryol,Russia,area,N 52° 35′ 45'',E 37° 40′ 47'',52.5958333333333,37.6797222222222
2896,Urochishche Pavlovka,Oryol,Russia,area,N 52° 8′ 4'',E 37° 38′ 29'',52.1344444444444,37.6413888888889
2897,Urochishche Sapunovka,Oryol,Russia,area,N 52° 54′ 30'',E 37° 17′ 23'',52.9083333333333,37.2897222222222
2898,Urochishche Lazarevka,Oryol,Russia,area,N 52° 43′ 58'',E 37° 28′ 30'',52.7327777777778,37.475
2899,Urochishche Sergiyevkiy,Oryol,Russia,area,N 52° 31′ 23'',E 36° 51′ 14'',52.5230555555556,36.8538888888889
2900,Curitiba,Paraná,Brazil,seat of a first-order administrative division,S 25° 25′ 40'',W 49° 16′ 23'',-25.4277777777778,-49.2730555555556
2901,Paraná,Paraná,Brazil,first-order administrative division,S 24° 30′ 0'',W 51° 20′ 0'',-24.5,-51.3333333333333
2902,Toledo,Paraná,Brazil,populated place,S 24° 42′ 49'',W 53° 44′ 35'',-24.7136111111111,-53.7430555555556
2903,Paranaguá,Paraná,Brazil,populated place,S 25° 30′ 58'',W 48° 31′ 31'',-25.5161111111111,-48.5252777777778
2904,Londrina,Paraná,Brazil,seat of a second-order administrative division,S 23° 18′ 37'',W 51° 9′ 46'',-23.3102777777778,-51.1627777777778
2905,Ponta Grossa,Paraná,Brazil,populated place,S 25° 5′ 42'',W 50° 9′ 43'',-25.095,-50.1619444444444
2906,Cascavel,Paraná,Brazil,populated place,S 24° 57′ 21'',W 53° 27′ 19'',-24.9558333333333,-53.4552777777778
2907,Cambé,Paraná,Brazil,populated place,S 23° 16′ 33'',W 51° 16′ 42'',-23.2758333333333,-51.2783333333333
2908,Araucária,Paraná,Brazil,populated place,S 25° 35′ 35'',W 49° 24′ 37'',-25.5930555555556,-49.4102777777778
2909,Arapongas,Paraná,Brazil,populated place,S 23° 25′ 10'',W 51° 25′ 28'',-23.4194444444444,-51.4244444444444
2910,Almirante Tamandaré,Paraná,Brazil,populated place,S 25° 19′ 29'',W 49° 18′ 36'',-25.3247222222222,-49.31
2911,Telêmaco Borba,Paraná,Brazil,populated place,S 24° 19′ 26'',W 50° 36′ 56'',-24.3238888888889,-50.6155555555556
2912,Maringá,Paraná,Brazil,seat of a second-order administrative division,S 23° 25′ 31'',W 51° 56′ 19'',-23.4252777777778,-51.9386111111111
2913,Foz do Iguaçu,Paraná,Brazil,seat of a second-order administrative division,S 25° 32′ 52'',W 54° 35′ 17'',-25.5477777777778,-54.5880555555556
2914,Apucarana,Paraná,Brazil,populated place,S 23° 33′ 3'',W 51° 27′ 39'',-23.5508333333333,-51.4608333333333
2915,Umuarama,Paraná,Brazil,populated place,S 23° 45′ 59'',W 53° 19′ 30'',-23.7663888888889,-53.325
2916,Pato Branco,Paraná,Brazil,populated place,S 26° 13′ 43'',W 52° 40′ 14'',-26.2286111111111,-52.6705555555556
2917,Colombo,Paraná,Brazil,seat of a second-order administrative division,S 25° 17′ 30'',W 49° 13′ 27'',-25.2916666666667,-49.2241666666667
2918,Campo Largo,Paraná,Brazil,populated place,S 25° 27′ 34'',W 49° 31′ 48'',-25.4594444444444,-49.53
2919,Guarapuava,Paraná,Brazil,populated place,S 25° 23′ 25'',W 51° 27′ 55'',-25.3902777777778,-51.4652777777778
2920,Francisco Beltrão,Paraná,Brazil,populated place,S 26° 4′ 52'',W 53° 3′ 18'',-26.0811111111111,-53.055
2921,São José dos Pinhais,Paraná,Brazil,populated place,S 25° 31′ 48'',W 49° 12′ 30'',-25.53,-49.2083333333333
2922,Sarandi,Paraná,Brazil,populated place,S 23° 26′ 37'',W 51° 52′ 26'',-23.4436111111111,-51.8738888888889
2923,Paranavaí,Paraná,Brazil,populated place,S 23° 4′ 23'',W 52° 27′ 55'',-23.0730555555556,-52.4652777777778
2924,Campo Mourão,Paraná,Brazil,populated place,S 24° 2′ 35'',W 52° 22′ 45'',-24.0430555555556,-52.3791666666667
2925,Toledo Airport,Paraná,Brazil,airport,S 24° 41′ 10'',W 53° 41′ 51'',-24.6861111111111,-53.6975
2926,Guaíra Airport,Paraná,Brazil,airport,S 24° 4′ 51'',W 54° 11′ 30'',-24.0808333333333,-54.1916666666667
2927,Rolândia,Paraná,Brazil,populated place,S 23° 18′ 35'',W 51° 22′ 9'',-23.3097222222222,-51.3691666666667
2928,Piraquara,Paraná,Brazil,populated place,S 25° 26′ 32'',W 49° 4′ 4'',-25.4422222222222,-49.0677777777778
2929,União da Vitória,Paraná,Brazil,populated place,S 26° 13′ 48'',W 51° 5′ 11'',-26.23,-51.0863888888889
2930,Palmas,Paraná,Brazil,populated place,S 26° 29′ 3'',W 51° 59′ 26'',-26.4841666666667,-51.9905555555556
2931,Medianeira,Paraná,Brazil,populated place,S 25° 17′ 43'',W 54° 5′ 38'',-25.2952777777778,-54.0938888888889
2932,Marechal Cândido Rondon,Paraná,Brazil,populated place,S 24° 33′ 22'',W 54° 3′ 24'',-24.5561111111111,-54.0566666666667
2933,Cornélio Procópio,Paraná,Brazil,populated place,S 23° 10′ 52'',W 50° 38′ 48'',-23.1811111111111,-50.6466666666667
2934,Cianorte,Paraná,Brazil,seat of a second-order administrative division,S 23° 39′ 48'',W 52° 36′ 18'',-23.6633333333333,-52.605
2935,Castro,Paraná,Brazil,populated place,S 24° 47′ 21'',W 50° 0′ 44'',-24.7891666666667,-50.0122222222222
2936,Irati,Paraná,Brazil,populated place,S 25° 28′ 2'',W 50° 39′ 4'',-25.4672222222222,-50.6511111111111
2937,Ibiporã,Paraná,Brazil,populated place,S 23° 16′ 9'',W 51° 2′ 53'',-23.2691666666667,-51.0480555555556
2938,Guaíra,Paraná,Brazil,populated place,S 24° 4′ 55'',W 54° 14′ 46'',-24.0819444444444,-54.2461111111111
2939,Paranavaí Airport,Paraná,Brazil,airport,S 23° 5′ 23'',W 52° 29′ 18'',-23.0897222222222,-52.4883333333333
2940,Curitiba Airport,Paraná,Brazil,airport,S 25° 31′ 42'',W 49° 10′ 32'',-25.5283333333333,-49.1755555555556
2941,Telêmaco Borba Airport,Paraná,Brazil,airport,S 24° 19′ 4'',W 50° 39′ 5'',-24.3177777777778,-50.6513888888889
2942,Apucarana Airport,Paraná,Brazil,airport,S 23° 36′ 34'',W 51° 23′ 4'',-23.6094444444444,-51.3844444444444
2943,Arapongas Airport,Paraná,Brazil,airport,S 23° 21′ 10'',W 51° 29′ 30'',-23.3527777777778,-51.4916666666667
2944,Londrina Aeroporto,Paraná,Brazil,airport,S 23° 20′ 1'',W 51° 7′ 48'',-23.3336111111111,-51.13
2945,Maringá Regional Airport,Paraná,Brazil,airport,S 23° 28′ 35'',W 52° 0′ 59'',-23.4763888888889,-52.0163888888889
2946,Paranaguá Airport,Paraná,Brazil,airport,S 25° 32′ 24'',W 48° 31′ 52'',-25.54,-48.5311111111111
2947,Avelino Vieira Airport,Paraná,Brazil,airport,S 24° 6′ 11'',W 49° 47′ 21'',-24.1030555555556,-49.7891666666667
2948,Gastão Mesquita Airport,Paraná,Brazil,airport,S 23° 41′ 23'',W 52° 38′ 29'',-23.6897222222222,-52.6413888888889
2949,Pato Branco Airport,Paraná,Brazil,airport,S 26° 13′ 4'',W 52° 41′ 39'',-26.2177777777778,-52.6941666666667
2950,Penza,Penza,Russia,seat of a first-order administrative division,N 53° 11′ 44'',E 45° 0′ 38'',53.1955555555556,45.0105555555556
2951,Penza Oblast,Penza,Russia,first-order administrative division,N 53° 11′ 0'',E 44° 38′ 0'',53.1833333333333,44.6333333333333
2952,Kuznetsk,Penza,Russia,populated place,N 53° 7′ 0'',E 46° 36′ 1'',53.1166666666667,46.6002777777778
2953,Ternovka Airport,Penza,Russia,airport,N 53° 7′ 0'',E 45° 1′ 0'',53.1166666666667,45.0166666666667
2954,Zarechnyy,Penza,Russia,populated place,N 53° 8′ 0'',E 46° 35′ 0'',53.1333333333333,46.5833333333333
2955,Kamenka,Penza,Russia,populated place,N 53° 10′ 53'',E 44° 2′ 58'',53.1813888888889,44.0494444444444
2956,Belinsky,Penza,Russia,populated place,N 52° 57′ 53'',E 43° 24′ 59'',52.9647222222222,43.4163888888889
2957,Serdobsk,Penza,Russia,populated place,N 52° 27′ 31'',E 44° 13′ 0'',52.4586111111111,44.2166666666667
2958,Zarechnyy,Penza,Russia,populated place,N 53° 12′ 12'',E 45° 11′ 32'',53.2033333333333,45.1922222222222
2959,Penza,Penza,Russia,second-order administrative division,N 53° 10′ 34'',E 44° 58′ 5'',53.1761111111111,44.9680555555556
2960,Issinsky District,Penza,Russia,second-order administrative division,N 53° 50′ 0'',E 45° 0′ 0'',53.8333333333333,45
2961,Urochishche Malaya Chernavka,Penza,Russia,area,N 52° 29′ 25'',E 45° 23′ 6'',52.4902777777778,45.385
2962,Urochishche Aleksandrovka,Penza,Russia,area,N 53° 16′ 55'',E 44° 18′ 56'',53.2819444444444,44.3155555555556
2963,Spassk,Penza,Russia,populated place,N 53° 55′ 32'',E 43° 11′ 2'',53.9255555555556,43.1838888888889
2964,Nizhniy Lomov,Penza,Russia,populated place,N 53° 31′ 49'',E 43° 40′ 35'',53.5302777777778,43.6763888888889
2965,Sosnovoborsk,Penza,Russia,populated place,N 53° 17′ 26'',E 46° 14′ 54'',53.2905555555556,46.2483333333333
2966,Nikol'sk,Penza,Russia,populated place,N 53° 43′ 7'',E 46° 4′ 16'',53.7186111111111,46.0711111111111
2967,Neverkinsky District,Penza,Russia,second-order administrative division,N 52° 45′ 0'',E 46° 40′ 0'',52.75,46.6666666666667
2968,Urochishche Razdol’nyy,Penza,Russia,area,N 53° 5′ 38'',E 42° 48′ 40'',53.0938888888889,42.8111111111111
2969,Russkiy Kameshkir,Penza,Russia,populated place,N 52° 51′ 34'',E 46° 5′ 19'',52.8594444444445,46.0886111111111
2970,Sursk,Penza,Russia,populated place,N 53° 4′ 31'',E 45° 41′ 4'',53.0752777777778,45.6844444444444
2971,Zemetchino,Penza,Russia,populated place,N 53° 29′ 50'',E 42° 36′ 58'',53.4972222222222,42.6161111111111
2972,Mokshan,Penza,Russia,populated place,N 53° 26′ 11'',E 44° 36′ 47'',53.4363888888889,44.6130555555556
2973,Urochishche Kulevatovo,Penza,Russia,area,N 53° 7′ 15'',E 42° 51′ 10'',53.1208333333333,42.8527777777778
2974,Lermontovo,Penza,Russia,populated place,N 52° 59′ 34'',E 43° 39′ 41'',52.9927777777778,43.6613888888889
2975,Kuznetsky District,Penza,Russia,second-order administrative division,N 53° 5′ 0'',E 46° 35′ 0'',53.0833333333333,46.5833333333333
2976,Kameshkirskiy Rayon,Penza,Russia,second-order administrative division,N 52° 45′ 0'',E 46° 5′ 0'',52.75,46.0833333333333
2977,Bashmakovsky District,Penza,Russia,second-order administrative division,N 53° 12′ 38'',E 43° 2′ 5'',53.2105555555556,43.0347222222222
2978,Kuznetsk,Penza,Russia,second-order administrative division,N 53° 6′ 48'',E 46° 36′ 45'',53.1133333333333,46.6125
2979,Nikolsky District,Penza,Russia,second-order administrative division,N 53° 42′ 52'',E 46° 4′ 14'',53.7144444444444,46.0705555555556
2980,Gorodishchensky District,Penza,Russia,second-order administrative division,N 53° 16′ 35'',E 45° 42′ 8'',53.2763888888889,45.7022222222222
2981,Kolyshleysky District,Penza,Russia,second-order administrative division,N 52° 45′ 25'',E 45° 2′ 21'',52.7569444444444,45.0391666666667
2982,Zarechny,Penza,Russia,second-order administrative division,N 53° 11′ 58'',E 45° 11′ 8'',53.1994444444444,45.1855555555556
2983,Spassky District,Penza,Russia,second-order administrative division,N 53° 55′ 27'',E 43° 10′ 52'',53.9241666666667,43.1811111111111
2984,Kamensky District,Penza,Russia,second-order administrative division,N 53° 11′ 13'',E 44° 2′ 14'',53.1869444444444,44.0372222222222
2985,Bekovsky District,Penza,Russia,second-order administrative division,N 52° 27′ 29'',E 43° 42′ 46'',52.4580555555556,43.7127777777778
2986,Urochishche Lipovka,Penza,Russia,area,N 52° 35′ 30'',E 45° 43′ 58'',52.5916666666667,45.7327777777778
2987,Ozero Mokhovoye,Penza,Russia,lake,N 52° 35′ 0'',E 45° 40′ 27'',52.5833333333333,45.6741666666667
2988,Mayskoye,Penza,Russia,populated place,N 52° 25′ 52'',E 45° 19′ 0'',52.4311111111111,45.3166666666667
2989,Grabovo,Penza,Russia,populated place,N 53° 23′ 15'',E 45° 3′ 50'',53.3875,45.0638888888889
2990,Gorodishche,Penza,Russia,populated place,N 53° 16′ 39'',E 45° 42′ 6'',53.2775,45.7016666666667
2991,Issa,Penza,Russia,populated place,N 53° 52′ 13'',E 44° 51′ 28'',53.8702777777778,44.8577777777778
2992,Inderka,Penza,Russia,populated place,N 53° 14′ 54'',E 46° 15′ 29'',53.2483333333333,46.2580555555556
2993,Malaya Serdoba,Penza,Russia,populated place,N 52° 27′ 57'',E 44° 57′ 4'',52.4658333333333,44.9511111111111
2994,Makhalino,Penza,Russia,populated place,N 53° 5′ 7'',E 46° 13′ 15'',53.0852777777778,46.2208333333333
2995,Lunino,Penza,Russia,populated place,N 53° 35′ 30'',E 45° 13′ 37'',53.5916666666667,45.2269444444445
2996,Lopatino,Penza,Russia,populated place,N 52° 37′ 10'',E 45° 48′ 42'',52.6194444444445,45.8116666666667
2997,Chemodanovka,Penza,Russia,populated place,N 53° 13′ 53'',E 45° 14′ 50'',53.2313888888889,45.2472222222222
2998,Chaadayevka,Penza,Russia,populated place,N 53° 8′ 33'',E 45° 54′ 43'',53.1425,45.9119444444444
2999,Bekovo,Penza,Russia,populated place,N 52° 27′ 58'',E 43° 42′ 43'',52.4661111111111,43.7119444444445
3000,Poltava,Poltava,Ukraine,seat of a first-order administrative division,N 49° 35′ 21'',E 34° 33′ 13'',49.5891666666667,34.5536111111111
3001,Poltava,Poltava,Ukraine,first-order administrative division,N 49° 35′ 31'',E 34° 32′ 34'',49.5919444444444,34.5427777777778
3002,Kremenchuk,Poltava,Ukraine,seat of a second-order administrative division,N 49° 3′ 45'',E 33° 24′ 17'',49.0625,33.4047222222222
3003,Horishni Plavni,Poltava,Ukraine,populated place,N 49° 0′ 30'',E 33° 37′ 45'',49.0083333333333,33.6291666666667
3004,Poltava International Airport,Poltava,Ukraine,airport,N 49° 34′ 6'',E 34° 23′ 49'',49.5683333333333,34.3969444444444
3005,Avtozavdskyi,Poltava,Ukraine,section of populated place,N 49° 5′ 51'',E 33° 25′ 55'',49.0975,33.4319444444444
3006,Kremenchug Airport,Poltava,Ukraine,airport,N 49° 7′ 51'',E 33° 28′ 31'',49.1308333333333,33.4752777777778
3007,Kriukiv,Poltava,Ukraine,section of populated place,N 49° 1′ 44'',E 33° 26′ 18'',49.0288888888889,33.4383333333333
3008,Myrhorod,Poltava,Ukraine,seat of a second-order administrative division,N 49° 57′ 52'',E 33° 36′ 31'',49.9644444444444,33.6086111111111
3009,Lubny,Poltava,Ukraine,seat of a second-order administrative division,N 50° 0′ 50'',E 32° 59′ 59'',50.0138888888889,32.9997222222222
3010,Poltava Raion,Poltava,Ukraine,second-order administrative division,N 49° 34′ 45'',E 34° 33′ 32'',49.5791666666667,34.5588888888889
3011,Karlivka,Poltava,Ukraine,seat of a second-order administrative division,N 49° 27′ 19'',E 35° 8′ 5'',49.4552777777778,35.1347222222222
3012,Kremenchuk Raion,Poltava,Ukraine,second-order administrative division,N 49° 3′ 54'',E 33° 24′ 33'',49.065,33.4091666666667
3013,Nedogarki,Poltava,Ukraine,populated place,N 49° 10′ 11'',E 33° 15′ 51'',49.1697222222222,33.2641666666667
3014,Myrhorod Raion,Poltava,Ukraine,second-order administrative division,N 49° 58′ 7'',E 33° 36′ 29'',49.9686111111111,33.6080555555556
3015,Myrhorod Airport,Poltava,Ukraine,airport,N 49° 55′ 54'',E 33° 38′ 22'',49.9316666666667,33.6394444444444
3016,Khalturino,Poltava,Ukraine,populated place,N 49° 30′ 59'',E 35° 17′ 23'',49.5163888888889,35.2897222222222
3017,Myrne,Poltava,Ukraine,populated place,N 49° 16′ 15'',E 34° 13′ 30'',49.2708333333333,34.225
3018,Lyutenskiye Budishcha,Poltava,Ukraine,populated place,N 50° 11′ 4'',E 34° 14′ 13'',50.1844444444444,34.2369444444445
3019,Velyki Budyshcha,Poltava,Ukraine,populated place,N 49° 51′ 24'',E 34° 34′ 40'',49.8566666666667,34.5777777777778
3020,Svetlogorskoye,Poltava,Ukraine,populated place,N 48° 53′ 22'',E 34° 4′ 16'',48.8894444444444,34.0711111111111
3021,Zhovtnevoye,Poltava,Ukraine,populated place,N 49° 38′ 38'',E 34° 7′ 59'',49.6438888888889,34.1330555555556
3022,Ryasskoye,Poltava,Ukraine,populated place,N 49° 10′ 57'',E 34° 54′ 43'',49.1825,34.9119444444444
3023,Shevchenko,Poltava,Ukraine,section of populated place,N 49° 33′ 52'',E 34° 32′ 19'',49.5644444444444,34.5386111111111
3024,Kyivskyi,Poltava,Ukraine,section of populated place,N 49° 36′ 32'',E 34° 31′ 45'',49.6088888888889,34.5291666666667
3025,Karlivka Raion,Poltava,Ukraine,historical second-order administrative division,N 49° 27′ 16'',E 35° 8′ 4'',49.4544444444445,35.1344444444444
3026,Hrebinka Raion,Poltava,Ukraine,historical second-order administrative division,N 50° 6′ 50'',E 32° 26′ 18'',50.1138888888889,32.4383333333333
3027,Hlobyne Raion,Poltava,Ukraine,historical second-order administrative division,N 49° 22′ 45'',E 33° 16′ 27'',49.3791666666667,33.2741666666667
3028,Kozelshchyna Raion,Poltava,Ukraine,historical second-order administrative division,N 49° 13′ 6'',E 33° 50′ 59'',49.2183333333333,33.8497222222222
3029,Kotelva Raion,Poltava,Ukraine,historical second-order administrative division,N 50° 3′ 56'',E 34° 44′ 51'',50.0655555555556,34.7475
3030,Kobelyaky Raion,Poltava,Ukraine,historical second-order administrative division,N 49° 9′ 0'',E 34° 12′ 7'',49.15,34.2019444444445
3031,Khorol Raion,Poltava,Ukraine,historical second-order administrative division,N 49° 46′ 58'',E 33° 16′ 27'',49.7827777777778,33.2741666666667
3032,Khorol,Poltava,Ukraine,populated place,N 49° 46′ 58'',E 33° 16′ 18'',49.7827777777778,33.2716666666667
3033,Lutovinovka,Poltava,Ukraine,populated place,N 49° 14′ 11'',E 33° 54′ 4'',49.2363888888889,33.9011111111111
3034,Lubny Raion,Poltava,Ukraine,second-order administrative division,N 50° 0′ 13'',E 32° 59′ 56'',50.0036111111111,32.9988888888889
3035,Lokhvytsya Raion,Poltava,Ukraine,historical second-order administrative division,N 50° 21′ 36'',E 33° 16′ 16'',50.36,33.2711111111111
3036,Hadyach Raion,Poltava,Ukraine,historical second-order administrative division,N 50° 22′ 6'',E 33° 59′ 30'',50.3683333333333,33.9916666666667
3037,Dykanka Raion,Poltava,Ukraine,historical second-order administrative division,N 49° 49′ 33'',E 34° 31′ 43'',49.8258333333333,34.5286111111111
3038,Chutove Raion,Poltava,Ukraine,historical second-order administrative division,N 49° 42′ 48'',E 35° 9′ 36'',49.7133333333333,35.16
3039,Nova Znamianka,Poltava,Ukraine,populated place,N 49° 9′ 16'',E 33° 24′ 24'',49.1544444444444,33.4066666666667
3040,Chornukhy Raion,Poltava,Ukraine,historical second-order administrative division,N 50° 16′ 2'',E 32° 56′ 1'',50.2672222222222,32.9336111111111
3041,Orzhytya Raion,Poltava,Ukraine,historical second-order administrative division,N 49° 47′ 27'',E 32° 42′ 0'',49.7908333333333,32.7
3042,Novosanzhars’kyy Rayon,Poltava,Ukraine,historical second-order administrative division,N 49° 18′ 41'',E 34° 27′ 31'',49.3113888888889,34.4586111111111
3043,Reshetylivka Raion,Poltava,Ukraine,historical second-order administrative division,N 49° 33′ 42'',E 34° 4′ 45'',49.5616666666667,34.0791666666667
3044,Pyryatyn Raion,Poltava,Ukraine,historical second-order administrative division,N 50° 14′ 41'',E 32° 30′ 38'',50.2447222222222,32.5105555555556
3045,Petrovka-Romenskaya,Poltava,Ukraine,populated place,N 50° 22′ 14'',E 33° 44′ 56'',50.3705555555556,33.7488888888889
3046,Mashivka Raion,Poltava,Ukraine,historical second-order administrative division,N 49° 26′ 39'',E 34° 52′ 39'',49.4441666666667,34.8775
3047,Shyshaky Raion,Poltava,Ukraine,historical second-order administrative division,N 49° 52′ 38'',E 34° 0′ 29'',49.8772222222222,34.0080555555556
3048,Semenivka Raion,Poltava,Ukraine,historical second-order administrative division,N 49° 35′ 50'',E 33° 10′ 45'',49.5972222222222,33.1791666666667
3049,Velyka Bahachka Raion,Poltava,Ukraine,historical second-order administrative division,N 49° 47′ 23'',E 33° 43′ 48'',49.7897222222222,33.73
3050,Québec,Quebec,Canada,seat of a first-order administrative division,N 46° 48′ 44'',W 71° 12′ 52'',46.8122222222222,-71.2144444444445
3051,Nord-du-Québec,Quebec,Canada,second-order administrative division,N 51° 57′ 43'',W 74° 53′ 45'',51.9619444444445,-74.8958333333333
3052,Gatineau,Quebec,Canada,populated place,N 45° 28′ 38'',W 75° 42′ 5'',45.4772222222222,-75.7013888888889
3053,Saguenay,Quebec,Canada,populated place,N 48° 25′ 0'',W 71° 3′ 56'',48.4166666666667,-71.0655555555556
3054,Montreal,Quebec,Canada,seat of a second-order administrative division,N 45° 30′ 31'',W 73° 35′ 16'',45.5086111111111,-73.5877777777778
3055,Trois-Rivières,Quebec,Canada,populated place,N 46° 20′ 42'',W 72° 32′ 51'',46.345,-72.5475
3056,Laval,Quebec,Canada,populated place,N 45° 34′ 11'',W 73° 41′ 31'',45.5697222222222,-73.6919444444445
3057,Longueuil,Quebec,Canada,seat of a second-order administrative division,N 45° 30′ 54'',W 73° 28′ 5'',45.515,-73.4680555555556
3058,Côte-Nord,Quebec,Canada,second-order administrative division,N 50° 52′ 0'',W 65° 48′ 55'',50.8666666666667,-65.8152777777778
3059,Sherbrooke,Quebec,Canada,populated place,N 45° 24′ 0'',W 71° 53′ 56'',45.4,-71.8988888888889
3060,Lévis,Quebec,Canada,populated place,N 46° 48′ 11'',W 71° 10′ 40'',46.8030555555556,-71.1777777777778
3061,Saint-Jean-sur-Richelieu,Quebec,Canada,populated place,N 45° 18′ 25'',W 73° 15′ 45'',45.3069444444444,-73.2625
3062,Quebec,Quebec,Canada,first-order administrative division,N 52° 0′ 0'',W 71° 59′ 56'',52,-71.9988888888889
3063,Saguenay/Lac-Saint-Jean,Quebec,Canada,second-order administrative division,N 49° 52′ 0'',W 71° 44′ 56'',49.8666666666667,-71.7488888888889
3064,Montréal-Trudeau Airport,Quebec,Canada,airport,N 45° 27′ 39'',W 73° 45′ 0'',45.4608333333333,-73.75
3065,Drummondville,Quebec,Canada,populated place,N 45° 53′ 0'',W 72° 28′ 56'',45.8833333333333,-72.4822222222222
3066,Terrebonne,Quebec,Canada,populated place,N 45° 42′ 0'',W 73° 38′ 50'',45.7,-73.6472222222222
3067,Kangirsuk Airport,Quebec,Canada,airport,N 60° 1′ 23'',W 70° 0′ 11'',60.0230555555556,-70.0030555555556
3068,Kuujjuaq Airport,Quebec,Canada,airport,N 58° 5′ 32'',W 68° 25′ 29'',58.0922222222222,-68.4247222222222
3069,Abitibi-Témiscamingue,Quebec,Canada,second-order administrative division,N 48° 6′ 0'',W 77° 46′ 58'',48.1,-77.7827777777778
3070,Granby,Quebec,Canada,populated place,N 45° 24′ 0'',W 72° 43′ 56'',45.4,-72.7322222222222
3071,Gaspé,Quebec,Canada,populated place,N 48° 50′ 0'',W 64° 28′ 55'',48.8333333333333,-64.4819444444445
3072,Saint-Hyacinthe,Quebec,Canada,populated place,N 45° 37′ 50'',W 72° 57′ 25'',45.6305555555556,-72.9569444444445
3073,Saint-Jérôme,Quebec,Canada,populated place,N 45° 46′ 49'',W 74° 0′ 13'',45.7802777777778,-74.0036111111111
3074,Gaspésie-Îles-de-la-Madeleine,Quebec,Canada,second-order administrative division,N 48° 52′ 32'',W 65° 24′ 25'',48.8755555555556,-65.4069444444445
3075,Jean Lesage International Airport,Quebec,Canada,airport,N 46° 47′ 32'',W 71° 23′ 3'',46.7922222222222,-71.3841666666667
3076,Mauricie,Quebec,Canada,second-order administrative division,N 47° 33′ 0'',W 73° 24′ 57'',47.55,-73.4158333333333
3077,Aylmer,Quebec,Canada,populated place,N 45° 24′ 0'',W 75° 48′ 23'',45.4,-75.8063888888889
3078,Kangiqsualujjuaq Georges River Airport,Quebec,Canada,airport,N 58° 42′ 35'',W 65° 59′ 33'',58.7097222222222,-65.9925
3079,Victoriaville,Quebec,Canada,populated place,N 46° 3′ 0'',W 71° 57′ 56'',46.05,-71.9655555555556
3080,Inukjuak Airport,Quebec,Canada,airport,N 58° 28′ 10'',W 78° 4′ 49'',58.4694444444445,-78.0802777777778
3081,Salluit Airport,Quebec,Canada,airport,N 62° 10′ 45'',W 75° 40′ 2'',62.1791666666667,-75.6672222222222
3082,Kuujjuarapik Airport,Quebec,Canada,airport,N 55° 17′ 0'',W 77° 45′ 51'',55.2833333333333,-77.7641666666667
3083,Quaqtaq Airport,Quebec,Canada,airport,N 61° 2′ 50'',W 69° 37′ 6'',61.0472222222222,-69.6183333333333
3084,Ivujivik Airport,Quebec,Canada,airport,N 62° 25′ 2'',W 77° 55′ 31'',62.4172222222222,-77.9252777777778
3085,Akulivik Airport,Quebec,Canada,airport,N 60° 49′ 7'',W 78° 8′ 55'',60.8186111111111,-78.1486111111111
3086,Waskaganish Airport,Quebec,Canada,airport,N 51° 28′ 31'',W 78° 45′ 17'',51.4752777777778,-78.7547222222222
3087,Aupaluk Airport,Quebec,Canada,airport,N 59° 17′ 48'',W 69° 35′ 59'',59.2966666666667,-69.5997222222222
3088,Umiujaq Airport,Quebec,Canada,airport,N 56° 32′ 20'',W 76° 31′ 9'',56.5388888888889,-76.5191666666667
3089,Wemindji Airport,Quebec,Canada,airport,N 53° 0′ 39'',W 78° 49′ 49'',53.0108333333333,-78.8302777777778
3090,Matagami Airport,Quebec,Canada,airport,N 49° 45′ 42'',W 77° 48′ 10'',49.7616666666667,-77.8027777777778
3091,Eastmain River Airport,Quebec,Canada,airport,N 52° 13′ 45'',W 78° 31′ 18'',52.2291666666667,-78.5216666666667
3092,Brossard,Quebec,Canada,populated place,N 45° 27′ 0'',W 73° 27′ 57'',45.45,-73.4658333333333
3093,Saint-Hubert,Quebec,Canada,section of populated place,N 45° 30′ 0'',W 73° 24′ 57'',45.5,-73.4158333333333
3094,Outaouais,Quebec,Canada,second-order administrative division,N 46° 16′ 0'',W 76° 18′ 57'',46.2666666666667,-76.3158333333333
3095,Châteauguay,Quebec,Canada,populated place,N 45° 23′ 0'',W 73° 44′ 57'',45.3833333333333,-73.7491666666667
3096,Joliette,Quebec,Canada,populated place,N 46° 0′ 59'',W 73° 25′ 24'',46.0163888888889,-73.4233333333333
3097,Ahuntsic-Cartierville,Quebec,Canada,section of populated place,N 45° 34′ 0'',W 73° 40′ 0'',45.5666666666667,-73.6666666666667
3098,Rimouski,Quebec,Canada,populated place,N 48° 26′ 55'',W 68° 31′ 26'',48.4486111111111,-68.5238888888889
3099,Cornwall Regional Airport,Quebec,Canada,airport,N 45° 5′ 34'',W 74° 33′ 47'',45.0927777777778,-74.5630555555556
3100,Grozny,Republic of Ingushetia,Russia,seat of a first-order administrative division,N 43° 18′ 43'',E 45° 41′ 20'',43.3119444444444,45.6888888888889
3101,Ingushetiya Republic,Republic of Ingushetia,Russia,first-order administrative division,N 43° 9′ 0'',E 45° 0′ 0'',43.15,45
3102,Nazran,Republic of Ingushetia,Russia,seat of a second-order administrative division,N 43° 13′ 33'',E 44° 46′ 23'',43.2258333333333,44.7730555555556
3103,Magas,Republic of Ingushetia,Russia,seat of a first-order administrative division,N 43° 13′ 21'',E 44° 46′ 21'',43.2225,44.7725
3104,Malgobek,Republic of Ingushetia,Russia,seat of a second-order administrative division,N 43° 30′ 40'',E 44° 35′ 25'',43.5111111111111,44.5902777777778
3105,Karabulak,Republic of Ingushetia,Russia,seat of a second-order administrative division,N 43° 18′ 18'',E 44° 53′ 58'',43.305,44.8994444444444
3106,Chechnya,Republic of Ingushetia,Russia,first-order administrative division,N 43° 18′ 0'',E 45° 44′ 30'',43.3,45.7416666666667
3107,Sunzha,Republic of Ingushetia,Russia,seat of a second-order administrative division,N 43° 19′ 14'',E 45° 2′ 56'',43.3205555555556,45.0488888888889
3108,Magas Airport,Republic of Ingushetia,Russia,airport,N 43° 19′ 10'',E 45° 0′ 46'',43.3194444444445,45.0127777777778
3109,Argun,Republic of Ingushetia,Russia,seat of a second-order administrative division,N 43° 17′ 34'',E 45° 52′ 0'',43.2927777777778,45.8666666666667
3110,Ekazhevo,Republic of Ingushetia,Russia,populated place,N 43° 12′ 44'',E 44° 49′ 23'',43.2122222222222,44.8230555555556
3111,Sagopshi,Republic of Ingushetia,Russia,populated place,N 43° 29′ 6'',E 44° 35′ 26'',43.485,44.5905555555556
3112,Gudermes,Republic of Ingushetia,Russia,seat of a second-order administrative division,N 43° 21′ 2'',E 46° 6′ 3'',43.3505555555556,46.1008333333333
3113,Staryy Malgobek,Republic of Ingushetia,Russia,populated place,N 43° 32′ 39'',E 44° 35′ 45'',43.5441666666667,44.5958333333333
3114,Dalakovo,Republic of Ingushetia,Russia,populated place,N 43° 14′ 15'',E 44° 35′ 22'',43.2375,44.5894444444444
3115,Nesterovskaya,Republic of Ingushetia,Russia,populated place,N 43° 14′ 19'',E 45° 3′ 1'',43.2386111111111,45.0502777777778
3116,Verkhniye Achaluki,Republic of Ingushetia,Russia,populated place,N 43° 20′ 49'',E 44° 41′ 51'',43.3469444444444,44.6975
3117,Surkhakhi,Republic of Ingushetia,Russia,populated place,N 43° 11′ 15'',E 44° 54′ 7'',43.1875,44.9019444444444
3118,Troitskaya,Republic of Ingushetia,Russia,populated place,N 43° 18′ 23'',E 44° 59′ 2'',43.3063888888889,44.9838888888889
3119,Kantyshevo,Republic of Ingushetia,Russia,populated place,N 43° 13′ 41'',E 44° 37′ 59'',43.2280555555556,44.6330555555556
3120,Dzheyrakhsky District,Republic of Ingushetia,Russia,second-order administrative division,N 42° 48′ 27'',E 44° 55′ 3'',42.8075,44.9175
3121,Karabulak Urban District,Republic of Ingushetia,Russia,second-order administrative division,N 43° 18′ 19'',E 44° 54′ 41'',43.3052777777778,44.9113888888889
3122,Malgobek,Republic of Ingushetia,Russia,second-order administrative division,N 43° 30′ 9'',E 44° 35′ 27'',43.5025,44.5908333333333
3123,Sunzha Urban District,Republic of Ingushetia,Russia,second-order administrative division,N 43° 19′ 4'',E 45° 3′ 30'',43.3177777777778,45.0583333333333
3124,Magas Urban District,Republic of Ingushetia,Russia,second-order administrative division,N 43° 10′ 26'',E 44° 48′ 54'',43.1738888888889,44.815
3125,Ingushetiya,Republic of Ingushetia,Russia,region,N 43° 15′ 0'',E 46° 0′ 0'',43.25,46
3126,Malgobeksky District,Republic of Ingushetia,Russia,second-order administrative division,N 43° 27′ 16'',E 44° 41′ 35'',43.4544444444445,44.6930555555556
3127,Nazranovskiy Rayon,Republic of Ingushetia,Russia,second-order administrative division,N 43° 15′ 0'',E 44° 50′ 0'',43.25,44.8333333333333
3128,Gorodskoy Okrug Karabulak,Republic of Ingushetia,Russia,second-order administrative division,N 43° 21′ 39'',E 44° 53′ 4'',43.3608333333333,44.8844444444444
3129,Nazran Urban District,Republic of Ingushetia,Russia,second-order administrative division,N 43° 12′ 59'',E 44° 46′ 18'',43.2163888888889,44.7716666666667
3130,Shali,Republic of Ingushetia,Russia,seat of a second-order administrative division,N 43° 8′ 53'',E 45° 54′ 7'',43.1480555555556,45.9019444444444
3131,Urus-Martan,Republic of Ingushetia,Russia,seat of a second-order administrative division,N 43° 7′ 49'',E 45° 32′ 16'',43.1302777777778,45.5377777777778
3132,Kurchaloy,Republic of Ingushetia,Russia,seat of a second-order administrative division,N 43° 12′ 17'',E 46° 5′ 16'',43.2047222222222,46.0877777777778
3133,Goyty,Republic of Ingushetia,Russia,populated place,N 43° 9′ 51'',E 45° 37′ 22'',43.1641666666667,45.6227777777778
3134,Assinovskaya,Republic of Ingushetia,Russia,populated place,N 43° 14′ 30'',E 45° 10′ 55'',43.2416666666667,45.1819444444444
3135,Bachi-Yurt,Republic of Ingushetia,Russia,populated place,N 43° 13′ 27'',E 46° 11′ 39'',43.2241666666667,46.1941666666667
3136,Oyskhara,Republic of Ingushetia,Russia,populated place,N 43° 15′ 50'',E 46° 14′ 52'',43.2638888888889,46.2477777777778
3137,Tsotsin-Yurt,Republic of Ingushetia,Russia,populated place,N 43° 14′ 31'',E 46° 0′ 0'',43.2419444444444,46
3138,Samashki,Republic of Ingushetia,Russia,populated place,N 43° 17′ 21'',E 45° 17′ 52'',43.2891666666667,45.2977777777778
3139,Staryye Atagi,Republic of Ingushetia,Russia,populated place,N 43° 7′ 13'',E 45° 44′ 26'',43.1202777777778,45.7405555555556
3140,Mesker-Yurt,Republic of Ingushetia,Russia,populated place,N 43° 15′ 5'',E 45° 54′ 25'',43.2513888888889,45.9069444444444
3141,Grozny Airport,Republic of Ingushetia,Russia,airport,N 43° 23′ 17'',E 45° 41′ 59'',43.3880555555556,45.6997222222222
3142,Dzhayrakh,Republic of Ingushetia,Russia,seat of a second-order administrative division,N 42° 49′ 25'',E 44° 40′ 35'',42.8236111111111,44.6763888888889
3143,Alkhan-Churt,Republic of Ingushetia,Russia,populated place,N 43° 21′ 7'',E 44° 47′ 13'',43.3519444444445,44.7869444444444
3144,Ali-Yurt,Republic of Ingushetia,Russia,populated place,N 43° 8′ 33'',E 44° 51′ 9'',43.1425,44.8525
3145,Urochishche Futunchi,Republic of Ingushetia,Russia,area,N 43° 7′ 6'',E 45° 7′ 12'',43.1183333333333,45.12
3146,Urochishche Nizhniye Gerety,Republic of Ingushetia,Russia,area,N 42° 55′ 45'',E 45° 9′ 37'',42.9291666666667,45.1602777777778
3147,Nizhniye Achaluki,Republic of Ingushetia,Russia,populated place,N 43° 24′ 10'',E 44° 45′ 32'',43.4027777777778,44.7588888888889
3148,Psedakh,Republic of Ingushetia,Russia,populated place,N 43° 28′ 2'',E 44° 34′ 9'',43.4672222222222,44.5691666666667
3149,Yandyri,Republic of Ingushetia,Russia,populated place,N 43° 16′ 30'',E 44° 54′ 46'',43.275,44.9127777777778
3150,Mordoviya Republic,Republic of Mordovia,Russia,first-order administrative division,N 54° 13′ 30'',E 44° 27′ 0'',54.225,44.45
3151,Saransk,Republic of Mordovia,Russia,seat of a first-order administrative division,N 54° 11′ 5'',E 45° 10′ 18'',54.1847222222222,45.1716666666667
3152,Ruzayevka,Republic of Mordovia,Russia,seat of a second-order administrative division,N 54° 3′ 36'',E 44° 56′ 56'',54.06,44.9488888888889
3153,Kovylkino,Republic of Mordovia,Russia,seat of a second-order administrative division,N 54° 2′ 13'',E 43° 55′ 7'',54.0369444444444,43.9186111111111
3154,Ardatov,Republic of Mordovia,Russia,seat of a second-order administrative division,N 54° 50′ 41'',E 46° 14′ 38'',54.8447222222222,46.2438888888889
3155,Krasnoslobodsk,Republic of Mordovia,Russia,seat of a second-order administrative division,N 54° 25′ 31'',E 43° 47′ 8'',54.4252777777778,43.7855555555556
3156,Temnikov,Republic of Mordovia,Russia,seat of a second-order administrative division,N 54° 37′ 50'',E 43° 13′ 9'',54.6305555555556,43.2191666666667
3157,Saransk Airport,Republic of Mordovia,Russia,airport,N 54° 7′ 30'',E 45° 12′ 44'',54.125,45.2122222222222
3158,Insar,Republic of Mordovia,Russia,seat of a second-order administrative division,N 53° 52′ 2'',E 44° 22′ 8'',53.8672222222222,44.3688888888889
3159,Chamzinka,Republic of Mordovia,Russia,seat of a second-order administrative division,N 54° 24′ 18'',E 45° 47′ 16'',54.405,45.7877777777778
3160,Zubova Polyana,Republic of Mordovia,Russia,seat of a second-order administrative division,N 54° 4′ 41'',E 42° 50′ 11'',54.0780555555556,42.8363888888889
3161,Ichalkovsky District,Republic of Mordovia,Russia,second-order administrative division,N 54° 41′ 47'',E 45° 21′ 37'',54.6963888888889,45.3602777777778
3162,Insarsky District,Republic of Mordovia,Russia,second-order administrative division,N 53° 48′ 25'',E 44° 24′ 22'',53.8069444444444,44.4061111111111
3163,Lyambirsky District,Republic of Mordovia,Russia,second-order administrative division,N 54° 17′ 29'',E 45° 15′ 23'',54.2913888888889,45.2563888888889
3164,Atyashevsky District,Republic of Mordovia,Russia,second-order administrative division,N 54° 36′ 53'',E 46° 3′ 31'',54.6147222222222,46.0586111111111
3165,Ardatovskiy district,Republic of Mordovia,Russia,second-order administrative division,N 54° 52′ 5'',E 46° 7′ 21'',54.8680555555556,46.1225
3166,Chamzinsky District,Republic of Mordovia,Russia,second-order administrative division,N 54° 24′ 47'',E 45° 45′ 38'',54.4130555555556,45.7605555555556
3167,Staroshaygovsky District,Republic of Mordovia,Russia,second-order administrative division,N 54° 22′ 2'',E 44° 34′ 42'',54.3672222222222,44.5783333333333
3168,Romodanovsky District,Republic of Mordovia,Russia,second-order administrative division,N 54° 26′ 34'',E 45° 23′ 3'',54.4427777777778,45.3841666666667
3169,Ruzayevsky District,Republic of Mordovia,Russia,second-order administrative division,N 54° 4′ 28'',E 44° 48′ 17'',54.0744444444444,44.8047222222222
3170,Umet,Republic of Mordovia,Russia,populated place,N 54° 6′ 58'',E 42° 41′ 51'',54.1161111111111,42.6975
3171,Torbeyevsky District,Republic of Mordovia,Russia,second-order administrative division,N 54° 8′ 2'',E 43° 10′ 24'',54.1338888888889,43.1733333333333
3172,Temnikovsky District,Republic of Mordovia,Russia,second-order administrative division,N 54° 39′ 54'',E 43° 18′ 14'',54.665,43.3038888888889
3173,Zubovo-Polyanskiy Rayon,Republic of Mordovia,Russia,second-order administrative division,N 54° 8′ 6'',E 42° 42′ 38'',54.135,42.7105555555556
3174,Komsomol'skiy,Republic of Mordovia,Russia,populated place,N 54° 26′ 42'',E 45° 49′ 52'',54.445,45.8311111111111
3175,Kochkurovsky District,Republic of Mordovia,Russia,second-order administrative division,N 54° 0′ 46'',E 45° 26′ 48'',54.0127777777778,45.4466666666667
3176,Mordovskiy Gosudarstvennyy Zapovednik,Republic of Mordovia,Russia,reserve,N 54° 49′ 44'',E 43° 21′ 47'',54.8288888888889,43.3630555555556
3177,Krasnoslobodsky District,Republic of Mordovia,Russia,second-order administrative division,N 54° 24′ 31'',E 43° 53′ 22'',54.4086111111111,43.8894444444444
3178,Kovylkinsky district,Republic of Mordovia,Russia,second-order administrative division,N 54° 5′ 58'',E 43° 54′ 44'',54.0994444444444,43.9122222222222
3179,Kadoshkinsky District,Republic of Mordovia,Russia,second-order administrative division,N 54° 1′ 31'',E 44° 25′ 26'',54.0252777777778,44.4238888888889
3180,Sarov Urban Okrug,Republic of Mordovia,Russia,second-order administrative division,N 54° 55′ 40'',E 43° 17′ 33'',54.9277777777778,43.2925
3181,Ardatovsky District,Republic of Mordovia,Russia,second-order administrative division,N 54° 50′ 42'',E 46° 14′ 21'',54.845,46.2391666666667
3182,Saransk Urban District,Republic of Mordovia,Russia,second-order administrative division,N 54° 10′ 32'',E 45° 9′ 59'',54.1755555555556,45.1663888888889
3183,Gorodskoy Okrug Saransk,Republic of Mordovia,Russia,second-order administrative division,N 54° 9′ 15'',E 45° 12′ 31'',54.1541666666667,45.2086111111111
3184,Atyuryevsky district,Republic of Mordovia,Russia,second-order administrative division,N 54° 21′ 35'',E 43° 17′ 36'',54.3597222222222,43.2933333333333
3185,Dubyonsky District,Republic of Mordovia,Russia,second-order administrative division,N 54° 24′ 25'',E 46° 22′ 54'',54.4069444444444,46.3816666666667
3186,Yelnikovsky District,Republic of Mordovia,Russia,second-order administrative division,N 54° 39′ 28'',E 43° 51′ 34'',54.6577777777778,43.8594444444445
3187,Tengushevsky District,Republic of Mordovia,Russia,second-order administrative division,N 54° 40′ 17'',E 42° 44′ 58'',54.6713888888889,42.7494444444444
3188,Bolsheignatovsky District,Republic of Mordovia,Russia,second-order administrative division,N 54° 59′ 18'',E 45° 37′ 5'',54.9883333333333,45.6180555555556
3189,Bolshebereznikovsky District,Republic of Mordovia,Russia,second-order administrative division,N 54° 12′ 29'',E 45° 57′ 18'',54.2080555555556,45.955
3190,Urochishche Bol’shaya Vislovka,Republic of Mordovia,Russia,area,N 54° 9′ 21'',E 45° 22′ 50'',54.1558333333333,45.3805555555556
3191,Lyambir',Republic of Mordovia,Russia,seat of a second-order administrative division,N 54° 16′ 47'',E 45° 7′ 20'',54.2797222222222,45.1222222222222
3192,Romodanovo,Republic of Mordovia,Russia,seat of a second-order administrative division,N 54° 25′ 12'',E 45° 20′ 25'',54.42,45.3402777777778
3193,Torbeyevo,Republic of Mordovia,Russia,seat of a second-order administrative division,N 54° 4′ 38'',E 43° 14′ 59'',54.0772222222222,43.2497222222222
3194,Ten'gushevo,Republic of Mordovia,Russia,seat of a second-order administrative division,N 54° 46′ 7'',E 42° 43′ 12'',54.7686111111111,42.72
3195,Kochkurovo,Republic of Mordovia,Russia,seat of a second-order administrative division,N 54° 2′ 17'',E 45° 26′ 6'',54.0380555555556,45.435
3196,Kemlya,Republic of Mordovia,Russia,seat of a second-order administrative division,N 54° 41′ 34'',E 45° 15′ 32'',54.6927777777778,45.2588888888889
3197,Partsa,Republic of Mordovia,Russia,populated place,N 54° 21′ 55'',E 42° 51′ 42'',54.3652777777778,42.8616666666667
3198,Lepley,Republic of Mordovia,Russia,populated place,N 54° 18′ 33'',E 42° 51′ 35'',54.3091666666667,42.8597222222222
3199,Yalga,Republic of Mordovia,Russia,populated place,N 54° 7′ 32'',E 45° 7′ 46'',54.1255555555556,45.1294444444444
3200,Vladikavkaz,Republic of North Ossetia-Alania,Russia,seat of a first-order administrative division,N 43° 2′ 27'',E 44° 40′ 11'',43.0408333333333,44.6697222222222
3201,Gora Dzhimara,Republic of North Ossetia-Alania,Russia,mountain,N 42° 43′ 15'',E 44° 24′ 50'',42.7208333333333,44.4138888888889
3202,North Ossetia–Alania,Republic of North Ossetia-Alania,Russia,first-order administrative division,N 43° 0′ 0'',E 44° 15′ 0'',43,44.25
3203,Mozdok,Republic of North Ossetia-Alania,Russia,seat of a second-order administrative division,N 43° 44′ 23'',E 44° 39′ 5'',43.7397222222222,44.6513888888889
3204,Beslan,Republic of North Ossetia-Alania,Russia,seat of a second-order administrative division,N 43° 11′ 33'',E 44° 31′ 57'',43.1925,44.5325
3205,Ardon,Republic of North Ossetia-Alania,Russia,seat of a second-order administrative division,N 43° 10′ 44'',E 44° 17′ 40'',43.1788888888889,44.2944444444444
3206,Alagir,Republic of North Ossetia-Alania,Russia,seat of a second-order administrative division,N 43° 2′ 33'',E 44° 13′ 12'',43.0425,44.22
3207,Gora Uilpata,Republic of North Ossetia-Alania,Russia,mountain,N 42° 46′ 29'',E 43° 48′ 20'',42.7747222222222,43.8055555555556
3208,Beslan Airport,Republic of North Ossetia-Alania,Russia,airport,N 43° 12′ 18'',E 44° 36′ 23'',43.205,44.6063888888889
3209,Digora,Republic of North Ossetia-Alania,Russia,seat of a second-order administrative division,N 43° 9′ 24'',E 44° 9′ 22'',43.1566666666667,44.1561111111111
3210,Gora Saukhokh,Republic of North Ossetia-Alania,Russia,mountain,N 42° 44′ 35'',E 44° 24′ 8'',42.7430555555556,44.4022222222222
3211,Chermen,Republic of North Ossetia-Alania,Russia,populated place,N 43° 9′ 6'',E 44° 42′ 44'',43.1516666666667,44.7122222222222
3212,Nogir,Republic of North Ossetia-Alania,Russia,populated place,N 43° 4′ 53'',E 44° 38′ 11'',43.0813888888889,44.6363888888889
3213,Sunzha,Republic of North Ossetia-Alania,Russia,populated place,N 43° 3′ 31'',E 44° 49′ 22'',43.0586111111111,44.8227777777778
3214,Tarskoye,Republic of North Ossetia-Alania,Russia,populated place,N 42° 57′ 57'',E 44° 46′ 31'',42.9658333333333,44.7752777777778
3215,Mikhaylovskoye,Republic of North Ossetia-Alania,Russia,populated place,N 43° 5′ 59'',E 44° 37′ 53'',43.0997222222222,44.6313888888889
3216,Vladikavkaz City District,Republic of North Ossetia-Alania,Russia,second-order administrative division,N 43° 2′ 51'',E 44° 41′ 47'',43.0475,44.6963888888889
3217,Prigorodnyy Rayon,Republic of North Ossetia-Alania,Russia,second-order administrative division,N 42° 59′ 22'',E 44° 35′ 54'',42.9894444444444,44.5983333333333
3218,Pravoberezhnyy Rayon,Republic of North Ossetia-Alania,Russia,second-order administrative division,N 43° 14′ 56'',E 44° 31′ 3'',43.2488888888889,44.5175
3219,Kirovskiy Rayon,Republic of North Ossetia-Alania,Russia,second-order administrative division,N 43° 20′ 34'',E 44° 16′ 23'',43.3427777777778,44.2730555555556
3220,Gorodskoy Okrug Vladikavkaz,Republic of North Ossetia-Alania,Russia,second-order administrative division,N 42° 56′ 39'',E 44° 37′ 34'',42.9441666666667,44.6261111111111
3221,Irafskiy Rayon,Republic of North Ossetia-Alania,Russia,second-order administrative division,N 43° 0′ 0'',E 43° 44′ 59'',43,43.7497222222222
3222,Ardonskiy Rayon,Republic of North Ossetia-Alania,Russia,second-order administrative division,N 43° 10′ 0'',E 44° 20′ 0'',43.1666666666667,44.3333333333333
3223,Alagirskiy Rayon,Republic of North Ossetia-Alania,Russia,second-order administrative division,N 42° 49′ 21'',E 44° 8′ 22'',42.8225,44.1394444444444
3224,Digorskiy Rayon,Republic of North Ossetia-Alania,Russia,second-order administrative division,N 43° 8′ 0'',E 44° 4′ 44'',43.1333333333333,44.0788888888889
3225,Mozdokskiy Rayon,Republic of North Ossetia-Alania,Russia,second-order administrative division,N 43° 41′ 0'',E 44° 34′ 1'',43.6833333333333,44.5669444444444
3226,North Caucasus,Republic of North Ossetia-Alania,Russia,region,N 42° 56′ 54'',E 44° 3′ 58'',42.9483333333333,44.0661111111111
3227,Urochishche Surkh-Kokhan,Republic of North Ossetia-Alania,Russia,area,N 43° 2′ 42'',E 43° 58′ 12'',43.045,43.97
3228,Urochishche Genaldon,Republic of North Ossetia-Alania,Russia,area,N 42° 51′ 22'',E 44° 32′ 5'',42.8561111111111,44.5347222222222
3229,Iriston,Republic of North Ossetia-Alania,Russia,populated place,N 43° 11′ 0'',E 44° 33′ 0'',43.1833333333333,44.55
3230,Arkhonskaya,Republic of North Ossetia-Alania,Russia,populated place,N 43° 6′ 36'',E 44° 30′ 45'',43.11,44.5125
3231,Ozero Prikurpskoye,Republic of North Ossetia-Alania,Russia,lake,N 43° 31′ 0'',E 44° 29′ 0'',43.5166666666667,44.4833333333333
3232,Pavlodol'skaya,Republic of North Ossetia-Alania,Russia,populated place,N 43° 43′ 9'',E 44° 28′ 41'',43.7191666666667,44.4780555555556
3233,Severo-Osetinskiy Zapovednik,Republic of North Ossetia-Alania,Russia,reserve,N 42° 45′ 28'',E 44° 5′ 9'',42.7577777777778,44.0858333333333
3234,Urochishche Verkhniy Tamisk,Republic of North Ossetia-Alania,Russia,area,N 42° 57′ 23'',E 44° 10′ 22'',42.9563888888889,44.1727777777778
3235,Verkhniy Fiagdon,Republic of North Ossetia-Alania,Russia,populated place,N 42° 50′ 4'',E 44° 18′ 21'',42.8344444444444,44.3058333333333
3236,Gora Syrkhibarzond,Republic of North Ossetia-Alania,Russia,mountain,N 42° 44′ 55'',E 44° 16′ 36'',42.7486111111111,44.2766666666667
3237,Troitskoye,Republic of North Ossetia-Alania,Russia,populated place,N 43° 45′ 43'',E 44° 41′ 2'',43.7619444444444,44.6838888888889
3238,Terskaya,Republic of North Ossetia-Alania,Russia,populated place,N 43° 43′ 25'',E 44° 43′ 27'',43.7236111111111,44.7241666666667
3239,Zmeyskaya,Republic of North Ossetia-Alania,Russia,populated place,N 43° 20′ 10'',E 44° 9′ 26'',43.3361111111111,44.1572222222222
3240,Urochishche Zillakhar,Republic of North Ossetia-Alania,Russia,area,N 42° 58′ 19'',E 44° 8′ 12'',42.9719444444444,44.1366666666667
3241,Kizlyar,Republic of North Ossetia-Alania,Russia,populated place,N 43° 42′ 13'',E 44° 35′ 39'',43.7036111111111,44.5941666666667
3242,Mizur,Republic of North Ossetia-Alania,Russia,populated place,N 42° 51′ 4'',E 44° 3′ 15'',42.8511111111111,44.0541666666667
3243,Kamunta,Republic of North Ossetia-Alania,Russia,populated place,N 42° 54′ 33'',E 43° 51′ 16'',42.9091666666667,43.8544444444445
3244,Kambileyevskoye,Republic of North Ossetia-Alania,Russia,populated place,N 43° 4′ 42'',E 44° 45′ 7'',43.0783333333333,44.7519444444445
3245,Khumalag,Republic of North Ossetia-Alania,Russia,populated place,N 43° 14′ 25'',E 44° 28′ 30'',43.2402777777778,44.475
3246,Chikola,Republic of North Ossetia-Alania,Russia,seat of a second-order administrative division,N 43° 11′ 43'',E 43° 55′ 13'',43.1952777777778,43.9202777777778
3247,El'khotovo,Republic of North Ossetia-Alania,Russia,seat of a second-order administrative division,N 43° 20′ 22'',E 44° 12′ 17'',43.3394444444444,44.2047222222222
3248,Mozdok,Republic of North Ossetia-Alania,Russia,railroad station,N 43° 45′ 11'',E 44° 38′ 42'',43.7530555555556,44.645
3249,Gora Khodvtsek,Republic of North Ossetia-Alania,Russia,mountain,N 42° 53′ 50'',E 44° 3′ 24'',42.8972222222222,44.0566666666667
3250,Kazan’,Republic of Tatarstan,Russia,seat of a first-order administrative division,N 55° 47′ 19'',E 49° 7′ 19'',55.7886111111111,49.1219444444444
3251,Tatarstan Republic,Republic of Tatarstan,Russia,first-order administrative division,N 55° 21′ 0'',E 50° 55′ 0'',55.35,50.9166666666667
3252,Naberezhnye Chelny,Republic of Tatarstan,Russia,seat of a second-order administrative division,N 55° 44′ 13'',E 52° 25′ 10'',55.7369444444445,52.4194444444444
3253,Nizhnekamsk,Republic of Tatarstan,Russia,seat of a second-order administrative division,N 55° 38′ 16'',E 51° 48′ 54'',55.6377777777778,51.815
3254,Bugulma,Republic of Tatarstan,Russia,populated place,N 54° 32′ 16'',E 52° 47′ 54'',54.5377777777778,52.7983333333333
3255,Zelenodolsk,Republic of Tatarstan,Russia,populated place,N 55° 50′ 37'',E 48° 31′ 4'',55.8436111111111,48.5177777777778
3256,Al'met'yevsk,Republic of Tatarstan,Russia,seat of a second-order administrative division,N 54° 54′ 14'',E 52° 19′ 4'',54.9038888888889,52.3177777777778
3257,Yelabuga,Republic of Tatarstan,Russia,seat of a second-order administrative division,N 55° 45′ 44'',E 52° 2′ 39'',55.7622222222222,52.0441666666667
3258,Leninogorsk,Republic of Tatarstan,Russia,seat of a second-order administrative division,N 54° 35′ 49'',E 52° 27′ 4'',54.5969444444444,52.4511111111111
3259,Agryz,Republic of Tatarstan,Russia,seat of a second-order administrative division,N 56° 31′ 24'',E 52° 59′ 39'',56.5233333333333,52.9941666666667
3260,Zainsk,Republic of Tatarstan,Russia,populated place,N 55° 19′ 10'',E 52° 4′ 9'',55.3194444444445,52.0691666666667
3261,Buinsk,Republic of Tatarstan,Russia,seat of a second-order administrative division,N 54° 58′ 27'',E 48° 17′ 27'',54.9741666666667,48.2908333333333
3262,Chistopol',Republic of Tatarstan,Russia,seat of a second-order administrative division,N 55° 21′ 58'',E 50° 38′ 38'',55.3661111111111,50.6438888888889
3263,Begishevo Airport,Republic of Tatarstan,Russia,airport,N 55° 33′ 52'',E 52° 5′ 33'',55.5644444444444,52.0925
3264,Kazan International Airport,Republic of Tatarstan,Russia,airport,N 55° 36′ 22'',E 49° 16′ 43'',55.6061111111111,49.2786111111111
3265,Mamadysh,Republic of Tatarstan,Russia,seat of a second-order administrative division,N 55° 42′ 9'',E 51° 24′ 15'',55.7025,51.4041666666667
3266,Arsk,Republic of Tatarstan,Russia,seat of a second-order administrative division,N 56° 5′ 33'',E 49° 52′ 41'',56.0925,49.8780555555556
3267,Nurlat,Republic of Tatarstan,Russia,seat of a second-order administrative division,N 54° 25′ 44'',E 50° 48′ 21'',54.4288888888889,50.8058333333333
3268,Menzelinsk,Republic of Tatarstan,Russia,seat of a second-order administrative division,N 55° 43′ 40'',E 53° 6′ 7'',55.7277777777778,53.1019444444445
3269,Laishevo,Republic of Tatarstan,Russia,seat of a second-order administrative division,N 55° 24′ 20'',E 49° 33′ 7'',55.4055555555556,49.5519444444444
3270,Bugulma Airport,Republic of Tatarstan,Russia,airport,N 54° 38′ 24'',E 52° 48′ 6'',54.64,52.8016666666667
3271,Aznakayevo,Republic of Tatarstan,Russia,seat of a second-order administrative division,N 54° 51′ 29'',E 53° 4′ 48'',54.8580555555556,53.08
3272,Tetyushi,Republic of Tatarstan,Russia,seat of a second-order administrative division,N 54° 56′ 15'',E 48° 49′ 57'',54.9375,48.8325
3273,Mendeleyevsk,Republic of Tatarstan,Russia,seat of a second-order administrative division,N 55° 53′ 48'',E 52° 18′ 40'',55.8966666666667,52.3111111111111
3274,Kaybitsky District,Republic of Tatarstan,Russia,second-order administrative division,N 55° 25′ 0'',E 48° 10′ 0'',55.4166666666667,48.1666666666667
3275,Bugulminsky District,Republic of Tatarstan,Russia,second-order administrative division,N 54° 35′ 0'',E 52° 55′ 0'',54.5833333333333,52.9166666666667
3276,Apastovsky District,Republic of Tatarstan,Russia,second-order administrative division,N 55° 15′ 0'',E 48° 30′ 0'',55.25,48.5
3277,Almetyevsky District,Republic of Tatarstan,Russia,second-order administrative division,N 54° 55′ 0'',E 52° 25′ 0'',54.9166666666667,52.4166666666667
3278,Dzhalil',Republic of Tatarstan,Russia,populated place,N 55° 1′ 26'',E 52° 44′ 8'',55.0238888888889,52.7355555555556
3279,Urochishche Basar,Republic of Tatarstan,Russia,area,N 55° 16′ 55'',E 52° 20′ 40'',55.2819444444444,52.3444444444445
3280,Urochishche Balandy,Republic of Tatarstan,Russia,area,N 54° 40′ 17'',E 53° 22′ 14'',54.6713888888889,53.3705555555556
3281,Urochishche Urta-Chishma,Republic of Tatarstan,Russia,area,N 54° 27′ 5'',E 52° 13′ 20'',54.4513888888889,52.2222222222222
3282,Urochishche Kuchlebulyak,Republic of Tatarstan,Russia,area,N 54° 46′ 11'',E 53° 26′ 17'',54.7697222222222,53.4380555555556
3283,Vasil'yevo,Republic of Tatarstan,Russia,populated place,N 55° 49′ 48'',E 48° 43′ 2'',55.83,48.7172222222222
3284,Borisoglebskoye Airport,Republic of Tatarstan,Russia,airport,N 55° 51′ 58'',E 49° 7′ 54'',55.8661111111111,49.1316666666667
3285,Bavly,Republic of Tatarstan,Russia,seat of a second-order administrative division,N 54° 23′ 51'',E 53° 15′ 4'',54.3975,53.2511111111111
3286,Staroye Drozhzhanoye,Republic of Tatarstan,Russia,seat of a second-order administrative division,N 54° 43′ 25'',E 47° 33′ 23'',54.7236111111111,47.5563888888889
3287,Sarmanovo,Republic of Tatarstan,Russia,seat of a second-order administrative division,N 55° 15′ 15'',E 52° 35′ 16'',55.2541666666667,52.5877777777778
3288,Urussu,Republic of Tatarstan,Russia,seat of a second-order administrative division,N 54° 35′ 49'',E 53° 27′ 22'',54.5969444444444,53.4561111111111
3289,Kukmor,Republic of Tatarstan,Russia,seat of a second-order administrative division,N 56° 11′ 11'',E 50° 53′ 38'',56.1863888888889,50.8938888888889
3290,Bogatyye Saby,Republic of Tatarstan,Russia,seat of a second-order administrative division,N 56° 0′ 33'',E 50° 26′ 49'',56.0091666666667,50.4469444444444
3291,Atninskiy Rayon,Republic of Tatarstan,Russia,second-order administrative division,N 56° 16′ 21'',E 49° 24′ 34'',56.2725,49.4094444444444
3292,Mendeleyevskiy Rayon,Republic of Tatarstan,Russia,second-order administrative division,N 55° 56′ 40'',E 52° 22′ 35'',55.9444444444444,52.3763888888889
3293,Novosheshminskiy Rayon,Republic of Tatarstan,Russia,second-order administrative division,N 55° 5′ 11'',E 51° 12′ 52'',55.0863888888889,51.2144444444444
3294,Tyulyachinskiy Rayon,Republic of Tatarstan,Russia,second-order administrative division,N 55° 50′ 23'',E 50° 15′ 10'',55.8397222222222,50.2527777777778
3295,Yutazinskiy Rayon,Republic of Tatarstan,Russia,second-order administrative division,N 54° 39′ 4'',E 53° 21′ 7'',54.6511111111111,53.3519444444445
3296,Gorodskoye Poseleniye Yelabuga,Republic of Tatarstan,Russia,second-order administrative division,N 55° 46′ 23'',E 52° 3′ 50'',55.7730555555556,52.0638888888889
3297,Gorodskoye Poseleniye Zainsk,Republic of Tatarstan,Russia,second-order administrative division,N 55° 18′ 31'',E 52° 1′ 56'',55.3086111111111,52.0322222222222
3298,Gorodskoye Poseleniye Leninogorsk,Republic of Tatarstan,Russia,second-order administrative division,N 54° 35′ 2'',E 52° 28′ 16'',54.5838888888889,52.4711111111111
3299,Gorod Naberezhnyye Chelny,Republic of Tatarstan,Russia,second-order administrative division,N 55° 44′ 31'',E 52° 23′ 57'',55.7419444444444,52.3991666666667
3300,Rio Grande do Sul,Rio Grande do Sul,Brazil,first-order administrative division,S 30° 0′ 0'',W 53° 30′ 0'',-30,-53.5
3301,Rio Grande,Rio Grande do Sul,Brazil,populated place,S 32° 2′ 6'',W 52° 5′ 55'',-32.035,-52.0986111111111
3302,Metropolitan area of Porto Alegre,Rio Grande do Sul,Brazil,area,S 29° 54′ 5'',W 50° 55′ 37'',-29.9013888888889,-50.9269444444444
3303,Porto Alegre,Rio Grande do Sul,Brazil,seat of a first-order administrative division,S 30° 1′ 58'',W 51° 13′ 48'',-30.0327777777778,-51.23
3304,Caxias do Sul,Rio Grande do Sul,Brazil,populated place,S 29° 10′ 5'',W 51° 10′ 46'',-29.1680555555556,-51.1794444444444
3305,Pelotas,Rio Grande do Sul,Brazil,populated place,S 31° 46′ 11'',W 52° 20′ 27'',-31.7697222222222,-52.3408333333333
3306,Viamão,Rio Grande do Sul,Brazil,populated place,S 30° 4′ 52'',W 51° 1′ 24'',-30.0811111111111,-51.0233333333333
3307,Uruguaiana,Rio Grande do Sul,Brazil,populated place,S 29° 45′ 17'',W 57° 5′ 18'',-29.7547222222222,-57.0883333333333
3308,São Leopoldo,Rio Grande do Sul,Brazil,populated place,S 29° 45′ 37'',W 51° 8′ 50'',-29.7602777777778,-51.1472222222222
3309,Passo Fundo,Rio Grande do Sul,Brazil,populated place,S 28° 15′ 46'',W 52° 24′ 24'',-28.2627777777778,-52.4066666666667
3310,Novo Hamburgo,Rio Grande do Sul,Brazil,populated place,S 29° 40′ 42'',W 51° 7′ 50'',-29.6783333333333,-51.1305555555556
3311,Canoas,Rio Grande do Sul,Brazil,populated place,S 29° 55′ 4'',W 51° 11′ 1'',-29.9177777777778,-51.1836111111111
3312,Santa Cruz do Sul,Rio Grande do Sul,Brazil,populated place,S 29° 43′ 3'',W 52° 25′ 33'',-29.7175,-52.4258333333333
3313,Cachoeirinha,Rio Grande do Sul,Brazil,populated place,S 29° 57′ 4'',W 51° 5′ 38'',-29.9511111111111,-51.0938888888889
3314,Bagé,Rio Grande do Sul,Brazil,populated place,S 31° 19′ 53'',W 54° 6′ 25'',-31.3313888888889,-54.1069444444444
3315,Gravataí,Rio Grande do Sul,Brazil,seat of a second-order administrative division,S 29° 56′ 31'',W 50° 59′ 34'',-29.9419444444444,-50.9927777777778
3316,Sapucaia do Sul,Rio Grande do Sul,Brazil,populated place,S 29° 49′ 4'',W 51° 8′ 43'',-29.8177777777778,-51.1452777777778
3317,Santana do Livramento,Rio Grande do Sul,Brazil,populated place,S 30° 53′ 27'',W 55° 31′ 58'',-30.8908333333333,-55.5327777777778
3318,Rio Grande Airport,Rio Grande do Sul,Brazil,airport,S 32° 4′ 55'',W 52° 9′ 47'',-32.0819444444444,-52.1630555555556
3319,Erechim,Rio Grande do Sul,Brazil,populated place,S 27° 38′ 4'',W 52° 16′ 31'',-27.6344444444444,-52.2752777777778
3320,Santa Maria,Rio Grande do Sul,Brazil,seat of a second-order administrative division,S 29° 41′ 3'',W 53° 48′ 25'',-29.6841666666667,-53.8069444444444
3321,Santo Ângelo,Rio Grande do Sul,Brazil,populated place,S 28° 17′ 57'',W 54° 15′ 47'',-28.2991666666667,-54.2630555555556
3322,Bento Gonçalves,Rio Grande do Sul,Brazil,populated place,S 29° 10′ 17'',W 51° 31′ 9'',-29.1713888888889,-51.5191666666667
3323,Cruz Alta,Rio Grande do Sul,Brazil,populated place,S 28° 38′ 38'',W 53° 36′ 22'',-28.6438888888889,-53.6061111111111
3324,Lajeado,Rio Grande do Sul,Brazil,populated place,S 29° 28′ 1'',W 51° 57′ 41'',-29.4669444444444,-51.9613888888889
3325,Itaqui,Rio Grande do Sul,Brazil,populated place,S 29° 7′ 31'',W 56° 33′ 11'',-29.1252777777778,-56.5530555555556
3326,Ijuí,Rio Grande do Sul,Brazil,populated place,S 28° 23′ 16'',W 53° 54′ 53'',-28.3877777777778,-53.9147222222222
3327,Cachoeira do Sul,Rio Grande do Sul,Brazil,populated place,S 30° 2′ 21'',W 52° 53′ 38'',-30.0391666666667,-52.8938888888889
3328,Caçapava do Sul,Rio Grande do Sul,Brazil,populated place,S 30° 30′ 51'',W 53° 29′ 5'',-30.5141666666667,-53.4847222222222
3329,Salgado Filho International Airport,Rio Grande do Sul,Brazil,airport,S 29° 59′ 39'',W 51° 10′ 17'',-29.9941666666667,-51.1713888888889
3330,São Lourenço do Sul Airport,Rio Grande do Sul,Brazil,airport,S 31° 22′ 59'',W 52° 1′ 58'',-31.3830555555556,-52.0327777777778
3331,Hugo Cantergiani Regional Airport,Rio Grande do Sul,Brazil,airport,S 29° 11′ 49'',W 51° 11′ 15'',-29.1969444444444,-51.1875
3332,Rio Pardo,Rio Grande do Sul,Brazil,populated place,S 29° 59′ 23'',W 52° 22′ 41'',-29.9897222222222,-52.3780555555556
3333,Osório,Rio Grande do Sul,Brazil,populated place,S 29° 53′ 12'',W 50° 16′ 11'',-29.8866666666667,-50.2697222222222
3334,Guaíba,Rio Grande do Sul,Brazil,populated place,S 30° 6′ 50'',W 51° 19′ 30'',-30.1138888888889,-51.325
3335,Santa Rosa,Rio Grande do Sul,Brazil,populated place,S 27° 52′ 15'',W 54° 28′ 53'',-27.8708333333333,-54.4813888888889
3336,Camaquã,Rio Grande do Sul,Brazil,populated place,S 30° 51′ 4'',W 51° 48′ 44'',-30.8511111111111,-51.8122222222222
3337,Alegrete,Rio Grande do Sul,Brazil,populated place,S 29° 46′ 59'',W 55° 47′ 31'',-29.7830555555556,-55.7919444444444
3338,Vacaria,Rio Grande do Sul,Brazil,populated place,S 28° 30′ 44'',W 50° 56′ 2'',-28.5122222222222,-50.9338888888889
3339,Tramandaí,Rio Grande do Sul,Brazil,populated place,S 29° 59′ 5'',W 50° 8′ 1'',-29.9847222222222,-50.1336111111111
3340,Torres,Rio Grande do Sul,Brazil,populated place,S 29° 20′ 7'',W 49° 43′ 37'',-29.3352777777778,-49.7269444444445
3341,Taquara,Rio Grande do Sul,Brazil,populated place,S 29° 39′ 2'',W 50° 46′ 50'',-29.6505555555556,-50.7805555555556
3342,Sapiranga,Rio Grande do Sul,Brazil,populated place,S 29° 38′ 17'',W 51° 0′ 25'',-29.6380555555556,-51.0069444444444
3343,São Borja,Rio Grande do Sul,Brazil,seat of a second-order administrative division,S 28° 39′ 38'',W 56° 0′ 16'',-28.6605555555556,-56.0044444444444
3344,Farroupilha,Rio Grande do Sul,Brazil,populated place,S 29° 13′ 30'',W 51° 20′ 52'',-29.225,-51.3477777777778
3345,Carazinho,Rio Grande do Sul,Brazil,populated place,S 28° 17′ 2'',W 52° 47′ 11'',-28.2838888888889,-52.7863888888889
3346,Capão da Canoa,Rio Grande do Sul,Brazil,populated place,S 29° 44′ 44'',W 50° 0′ 35'',-29.7455555555556,-50.0097222222222
3347,Ijuí Airport,Rio Grande do Sul,Brazil,airport,S 28° 22′ 7'',W 53° 50′ 47'',-28.3686111111111,-53.8463888888889
3348,Canela Airport,Rio Grande do Sul,Brazil,airport,S 29° 22′ 12'',W 50° 49′ 55'',-29.37,-50.8319444444444
3349,São Borja João Manoel Airport,Rio Grande do Sul,Brazil,airport,S 28° 39′ 17'',W 56° 2′ 4'',-28.6547222222222,-56.0344444444444
3350,Rostov-on-Don,Rostov,Russia,seat of a first-order administrative division,N 47° 13′ 11'',E 39° 42′ 27'',47.2197222222222,39.7075
3351,Rostov,Rostov,Russia,first-order administrative division,N 47° 44′ 30'',E 41° 18′ 30'',47.7416666666667,41.3083333333333
3352,Novocherkassk,Rostov,Russia,seat of a second-order administrative division,N 47° 25′ 19'',E 40° 5′ 37'',47.4219444444444,40.0936111111111
3353,Shakhty,Rostov,Russia,seat of a second-order administrative division,N 47° 43′ 9'',E 40° 12′ 57'',47.7191666666667,40.2158333333333
3354,Taganrog,Rostov,Russia,populated place,N 47° 14′ 10'',E 38° 54′ 19'',47.2361111111111,38.9052777777778
3355,Volgodonsk,Rostov,Russia,seat of a second-order administrative division,N 47° 30′ 41'',E 42° 9′ 9'',47.5113888888889,42.1525
3356,Azov,Rostov,Russia,seat of a second-order administrative division,N 47° 6′ 24'',E 39° 24′ 53'',47.1066666666667,39.4147222222222
3357,Donetsk,Rostov,Russia,seat of a second-order administrative division,N 48° 20′ 15'',E 39° 57′ 15'',48.3375,39.9541666666667
3358,Bataysk,Rostov,Russia,populated place,N 47° 8′ 14'',E 39° 45′ 25'',47.1372222222222,39.7569444444444
3359,Novoshakhtinsk,Rostov,Russia,populated place,N 47° 45′ 37'',E 39° 56′ 0'',47.7602777777778,39.9333333333333
3360,Rostov,Rostov,Russia,seat of a second-order administrative division,N 57° 11′ 26'',E 39° 24′ 47'',57.1905555555556,39.4130555555556
3361,Platov International Airport,Rostov,Russia,airport,N 47° 29′ 28'',E 39° 55′ 43'',47.4911111111111,39.9286111111111
3362,Gukovo,Rostov,Russia,seat of a second-order administrative division,N 48° 3′ 43'',E 39° 56′ 7'',48.0619444444444,39.9352777777778
3363,Belaya Kalitva,Rostov,Russia,seat of a second-order administrative division,N 48° 10′ 45'',E 40° 46′ 45'',48.1791666666667,40.7791666666667
3364,Sal'sk,Rostov,Russia,seat of a second-order administrative division,N 46° 28′ 29'',E 41° 32′ 29'',46.4747222222222,41.5413888888889
3365,Zverevo,Rostov,Russia,seat of a second-order administrative division,N 48° 1′ 37'',E 40° 7′ 23'',48.0269444444444,40.1230555555556
3366,Zernograd,Rostov,Russia,seat of a second-order administrative division,N 46° 50′ 55'',E 40° 18′ 41'',46.8486111111111,40.3113888888889
3367,Konstantinovsk,Rostov,Russia,seat of a second-order administrative division,N 47° 34′ 52'',E 41° 5′ 36'',47.5811111111111,41.0933333333333
3368,Morozovsk,Rostov,Russia,seat of a second-order administrative division,N 48° 21′ 3'',E 41° 49′ 44'',48.3508333333333,41.8288888888889
3369,Millerovo,Rostov,Russia,seat of a second-order administrative division,N 48° 55′ 30'',E 40° 23′ 59'',48.925,40.3997222222222
3370,Kamensk-Shakhtinsky,Rostov,Russia,seat of a second-order administrative division,N 48° 19′ 4'',E 40° 15′ 34'',48.3177777777778,40.2594444444445
3371,Taganrog Airport,Rostov,Russia,airport,N 47° 11′ 46'',E 38° 51′ 38'',47.1961111111111,38.8605555555556
3372,Likhovskoy,Rostov,Russia,populated place,N 48° 9′ 6'',E 40° 10′ 45'',48.1516666666667,40.1791666666667
3373,Volgodonsk Airport,Rostov,Russia,airport,N 47° 40′ 55'',E 42° 4′ 22'',47.6819444444444,42.0727777777778
3374,Rostov-on-Don,Rostov,Russia,second-order administrative division,N 47° 12′ 58'',E 39° 40′ 25'',47.2161111111111,39.6736111111111
3375,Urochishche Grakovka,Rostov,Russia,area,N 49° 14′ 0'',E 40° 22′ 16'',49.2333333333333,40.3711111111111
3376,Urochishche Bondarevka,Rostov,Russia,area,N 49° 52′ 38'',E 41° 41′ 1'',49.8772222222222,41.6836111111111
3377,Urochishche Kukuyevka,Rostov,Russia,area,N 47° 25′ 47'',E 40° 56′ 40'',47.4297222222222,40.9444444444444
3378,Persianovka,Rostov,Russia,populated place,N 47° 31′ 38'',E 39° 25′ 9'',47.5272222222222,39.4191666666667
3379,Urochishche Belousov,Rostov,Russia,area,N 47° 13′ 42'',E 43° 39′ 3'',47.2283333333333,43.6508333333333
3380,Urochishche Agronovichi,Rostov,Russia,area,N 48° 51′ 43'',E 40° 38′ 2'',48.8619444444445,40.6338888888889
3381,Urochishche Samsonovka,Rostov,Russia,area,N 48° 55′ 40'',E 40° 33′ 15'',48.9277777777778,40.5541666666667
3382,Urochishche Kurilovka,Rostov,Russia,area,N 48° 35′ 6'',E 40° 39′ 41'',48.585,40.6613888888889
3383,Urochishche Chernousov,Rostov,Russia,area,N 48° 42′ 45'',E 40° 43′ 10'',48.7125,40.7194444444445
3384,Urochishche Kolodezi,Rostov,Russia,area,N 48° 45′ 25'',E 40° 40′ 52'',48.7569444444444,40.6811111111111
3385,Urochishche Chebotarevka,Rostov,Russia,area,N 48° 48′ 21'',E 40° 34′ 12'',48.8058333333333,40.57
3386,Mayskiy,Rostov,Russia,populated place,N 47° 41′ 45'',E 40° 6′ 9'',47.6958333333333,40.1025
3387,Urochishche Nizhnekalinovskiy,Rostov,Russia,area,N 48° 36′ 0'',E 40° 54′ 0'',48.6,40.9
3388,Urochishche Makarovka,Rostov,Russia,area,N 48° 54′ 33'',E 40° 31′ 24'',48.9091666666667,40.5233333333333
3389,Urochishche Alekseyevka,Rostov,Russia,area,N 48° 47′ 54'',E 40° 47′ 5'',48.7983333333333,40.7847222222222
3390,Urochishche Dubovoy,Rostov,Russia,area,N 48° 31′ 17'',E 40° 6′ 40'',48.5213888888889,40.1111111111111
3391,Donskoy,Rostov,Russia,populated place,N 47° 24′ 50'',E 40° 15′ 26'',47.4138888888889,40.2572222222222
3392,Urochishche Dmitriyenko,Rostov,Russia,area,N 47° 44′ 3'',E 39° 7′ 24'',47.7341666666667,39.1233333333333
3393,Urochishche Chugari,Rostov,Russia,area,N 49° 24′ 43'',E 40° 36′ 6'',49.4119444444444,40.6016666666667
3394,Urochishche Chigonakskiy,Rostov,Russia,area,N 49° 39′ 20'',E 41° 32′ 44'',49.6555555555556,41.5455555555556
3395,Glubokiy,Rostov,Russia,populated place,N 48° 31′ 37'',E 40° 19′ 53'',48.5269444444444,40.3313888888889
3396,Gigant,Rostov,Russia,populated place,N 46° 30′ 23'',E 41° 20′ 30'',46.5063888888889,41.3416666666667
3397,Bagayevskaya,Rostov,Russia,seat of a second-order administrative division,N 47° 19′ 13'',E 40° 23′ 4'',47.3202777777778,40.3844444444444
3398,Ayutinskiy,Rostov,Russia,populated place,N 47° 46′ 56'',E 40° 8′ 51'',47.7822222222222,40.1475
3399,Urochishche Pleshakovka,Rostov,Russia,area,N 47° 37′ 6'',E 40° 46′ 43'',47.6183333333333,40.7786111111111
3400,Ryazan,Ryazan,Russia,seat of a first-order administrative division,N 54° 37′ 37'',E 39° 42′ 14'',54.6269444444445,39.7038888888889
3401,Ryazan Oblast,Ryazan,Russia,first-order administrative division,N 54° 20′ 0'',E 40° 37′ 30'',54.3333333333333,40.625
3402,Turlatovo Airport,Ryazan,Russia,airport,N 54° 33′ 21'',E 39° 51′ 18'',54.5558333333333,39.855
3403,Sasovo,Ryazan,Russia,seat of a second-order administrative division,N 54° 21′ 13'',E 41° 55′ 11'',54.3536111111111,41.9197222222222
3404,Kasimov,Ryazan,Russia,seat of a second-order administrative division,N 54° 56′ 37'',E 41° 24′ 12'',54.9436111111111,41.4033333333333
3405,Urochishche Yekaterinovka,Ryazan,Russia,area,N 53° 24′ 44'',E 39° 13′ 46'',53.4122222222222,39.2294444444445
3406,Urochishche Bogokhranimoye,Ryazan,Russia,area,N 53° 27′ 7'',E 39° 32′ 3'',53.4519444444445,39.5341666666667
3407,Urochishche Mosolovka,Ryazan,Russia,area,N 53° 35′ 41'',E 39° 1′ 16'',53.5947222222222,39.0211111111111
3408,Urochishche Dolgorukovskiy,Ryazan,Russia,area,N 53° 31′ 7'',E 39° 25′ 44'',53.5186111111111,39.4288888888889
3409,Urochishche Rzhevskiye Vyselki,Ryazan,Russia,area,N 53° 33′ 29'',E 39° 15′ 8'',53.5580555555556,39.2522222222222
3410,Urochishche Korzhavino,Ryazan,Russia,area,N 53° 41′ 9'',E 39° 27′ 21'',53.6858333333333,39.4558333333333
3411,Urochishche Kryzhi,Ryazan,Russia,area,N 53° 51′ 16'',E 39° 23′ 32'',53.8544444444445,39.3922222222222
3412,Urochishche Kazakovo,Ryazan,Russia,area,N 53° 59′ 42'',E 39° 45′ 25'',53.995,39.7569444444444
3413,Urochishche Nazemnoye,Ryazan,Russia,area,N 53° 59′ 9'',E 39° 49′ 13'',53.9858333333333,39.8202777777778
3414,Urochishche Shelevskiye Khutora,Ryazan,Russia,area,N 53° 53′ 21'',E 39° 51′ 30'',53.8891666666667,39.8583333333333
3415,Urochishche Buturlinovka,Ryazan,Russia,area,N 53° 33′ 32'',E 40° 25′ 43'',53.5588888888889,40.4286111111111
3416,Urochishche Prudki,Ryazan,Russia,area,N 53° 59′ 0'',E 39° 44′ 12'',53.9833333333333,39.7366666666667
3417,Novomichurinsk,Ryazan,Russia,populated place,N 54° 2′ 18'',E 39° 44′ 52'',54.0383333333333,39.7477777777778
3418,Okskiy Zapovednik,Ryazan,Russia,reserve,N 54° 44′ 57'',E 40° 45′ 41'',54.7491666666667,40.7613888888889
3419,Rybnoye,Ryazan,Russia,seat of a second-order administrative division,N 54° 43′ 31'',E 39° 30′ 47'',54.7252777777778,39.5130555555556
3420,Ryazhsk,Ryazan,Russia,seat of a second-order administrative division,N 53° 42′ 21'',E 40° 4′ 49'',53.7058333333333,40.0802777777778
3421,Zakharovskiy Rayon,Ryazan,Russia,second-order administrative division,N 54° 24′ 28'',E 39° 13′ 39'',54.4077777777778,39.2275
3422,Skopin,Ryazan,Russia,seat of a second-order administrative division,N 53° 49′ 30'',E 39° 33′ 11'',53.825,39.5530555555556
3423,Urochishche Zhmurki,Ryazan,Russia,area,N 53° 46′ 24'',E 39° 41′ 12'',53.7733333333333,39.6866666666667
3424,Zarechnyy,Ryazan,Russia,populated place,N 53° 43′ 50'',E 39° 35′ 39'',53.7305555555556,39.5941666666667
3425,Korablino,Ryazan,Russia,seat of a second-order administrative division,N 53° 55′ 36'',E 40° 1′ 25'',53.9266666666667,40.0236111111111
3426,Urochishche Kleyminovka,Ryazan,Russia,area,N 53° 32′ 46'',E 40° 25′ 30'',53.5461111111111,40.425
3427,Mikhaylov,Ryazan,Russia,seat of a second-order administrative division,N 54° 13′ 56'',E 39° 1′ 44'',54.2322222222222,39.0288888888889
3428,Urochishche Krasnoarmeyka,Ryazan,Russia,area,N 53° 35′ 47'',E 40° 26′ 42'',53.5963888888889,40.445
3429,Gorodskoy Okrug Ryazan’,Ryazan,Russia,second-order administrative division,N 54° 37′ 53'',E 39° 44′ 24'',54.6313888888889,39.74
3430,Urochishche Staro-Aleksandrovskiye Vyselki,Ryazan,Russia,area,N 53° 55′ 12'',E 39° 47′ 56'',53.92,39.7988888888889
3431,Gus-Zheleznyy,Ryazan,Russia,populated place,N 55° 3′ 29'',E 41° 9′ 56'',55.0580555555556,41.1655555555556
3432,Spas-Klepiki,Ryazan,Russia,seat of a second-order administrative division,N 55° 8′ 15'',E 40° 10′ 47'',55.1375,40.1797222222222
3433,Urochishche Sof’ino,Ryazan,Russia,area,N 53° 37′ 10'',E 38° 58′ 35'',53.6194444444445,38.9763888888889
3434,Rybnovsky District,Ryazan,Russia,second-order administrative division,N 54° 44′ 17'',E 39° 26′ 55'',54.7380555555556,39.4486111111111
3435,Ryazhsky District,Ryazan,Russia,second-order administrative division,N 53° 40′ 16'',E 40° 3′ 32'',53.6711111111111,40.0588888888889
3436,Ryazansky District,Ryazan,Russia,second-order administrative division,N 54° 34′ 34'',E 39° 51′ 39'',54.5761111111111,39.8608333333333
3437,Shatsk,Ryazan,Russia,seat of a second-order administrative division,N 54° 1′ 25'',E 41° 43′ 1'',54.0236111111111,41.7169444444444
3438,Sharangsky District,Ryazan,Russia,second-order administrative division,N 55° 4′ 52'',E 40° 26′ 58'',55.0811111111111,40.4494444444444
3439,Kasimovsky District,Ryazan,Russia,second-order administrative division,N 54° 55′ 0'',E 41° 25′ 0'',54.9166666666667,41.4166666666667
3440,Gorodskoy Okrug Kasimov,Ryazan,Russia,second-order administrative division,N 54° 56′ 14'',E 41° 23′ 28'',54.9372222222222,41.3911111111111
3441,Gorodskoy Okrug Sasovo,Ryazan,Russia,second-order administrative division,N 54° 21′ 31'',E 41° 55′ 42'',54.3586111111111,41.9283333333333
3442,Gorodskoy Okrug Skopin,Ryazan,Russia,second-order administrative division,N 53° 48′ 38'',E 39° 32′ 53'',53.8105555555556,39.5480555555556
3443,Alexandro-Nevsky District,Ryazan,Russia,second-order administrative division,N 53° 28′ 26'',E 40° 12′ 33'',53.4738888888889,40.2091666666667
3444,Skopin Urban District,Ryazan,Russia,second-order administrative division,N 53° 49′ 12'',E 39° 33′ 13'',53.82,39.5536111111111
3445,Urochishche Uzunovka,Ryazan,Russia,area,N 54° 21′ 13'',E 38° 51′ 46'',54.3536111111111,38.8627777777778
3446,Urochishche Studenets,Ryazan,Russia,area,N 54° 19′ 7'',E 39° 31′ 56'',54.3186111111111,39.5322222222222
3447,Urochishche Maloye Shapovo,Ryazan,Russia,area,N 54° 40′ 11'',E 39° 27′ 2'',54.6697222222222,39.4505555555556
3448,Urochishche Klyuchi,Ryazan,Russia,area,N 53° 27′ 0'',E 39° 56′ 43'',53.45,39.9452777777778
3449,Urochishche Petrovskoye,Ryazan,Russia,area,N 53° 37′ 52'',E 39° 3′ 31'',53.6311111111111,39.0586111111111
3450,Samara,Samara,Russia,seat of a first-order administrative division,N 53° 12′ 27'',E 50° 8′ 7'',53.2075,50.1352777777778
3451,Tolyatti,Samara,Russia,populated place,N 53° 31′ 49'',E 49° 20′ 45'',53.5302777777778,49.3458333333333
3452,Novokuybyshevsk,Samara,Russia,seat of a second-order administrative division,N 53° 5′ 49'',E 49° 56′ 24'',53.0969444444444,49.94
3453,Samara Oblast,Samara,Russia,first-order administrative division,N 53° 16′ 30'',E 50° 28′ 0'',53.275,50.4666666666667
3454,Chapayevsk,Samara,Russia,populated place,N 52° 58′ 37'',E 49° 42′ 30'',52.9769444444445,49.7083333333333
3455,Pokhvistnevo,Samara,Russia,populated place,N 53° 39′ 8'',E 52° 7′ 38'',53.6522222222222,52.1272222222222
3456,Syzran,Samara,Russia,populated place,N 53° 9′ 30'',E 48° 28′ 5'',53.1583333333333,48.4680555555556
3457,Kurumoch International Airport,Samara,Russia,airport,N 53° 30′ 29'',E 50° 9′ 5'',53.5080555555556,50.1513888888889
3458,Otradnyy,Samara,Russia,seat of a second-order administrative division,N 53° 22′ 33'',E 51° 20′ 42'',53.3758333333333,51.345
3459,Oktyabr'sk,Samara,Russia,seat of a second-order administrative division,N 53° 10′ 0'',E 48° 41′ 50'',53.1666666666667,48.6972222222222
3460,Zhigulevsk,Samara,Russia,seat of a second-order administrative division,N 53° 24′ 11'',E 49° 30′ 38'',53.4030555555556,49.5105555555556
3461,Kinel',Samara,Russia,seat of a second-order administrative division,N 53° 13′ 35'',E 50° 37′ 34'',53.2263888888889,50.6261111111111
3462,Petra-Dubrava,Samara,Russia,populated place,N 53° 17′ 46'',E 50° 21′ 55'',53.2961111111111,50.3652777777778
3463,Mayskoye,Samara,Russia,populated place,N 52° 16′ 20'',E 50° 2′ 1'',52.2722222222222,50.0336111111111
3464,Borsky District,Samara,Russia,second-order administrative division,N 53° 2′ 59'',E 51° 45′ 23'',53.0497222222222,51.7563888888889
3465,Ozero Bol’shoye Ostrovnoye,Samara,Russia,lake,N 53° 13′ 6'',E 49° 58′ 26'',53.2183333333333,49.9738888888889
3466,Urochishche Podlesnyy,Samara,Russia,area,N 53° 38′ 5'',E 51° 22′ 17'',53.6347222222222,51.3713888888889
3467,Urochishche Neklyudovka,Samara,Russia,area,N 53° 11′ 16'',E 51° 55′ 17'',53.1877777777778,51.9213888888889
3468,Neftegorsky District,Samara,Russia,second-order administrative division,N 52° 49′ 48'',E 50° 55′ 16'',52.83,50.9211111111111
3469,Neftegorsk,Samara,Russia,seat of a second-order administrative division,N 52° 48′ 4'',E 51° 9′ 55'',52.8011111111111,51.1652777777778
3470,Urochishche Rudnitskoye,Samara,Russia,area,N 52° 59′ 24'',E 48° 28′ 29'',52.99,48.4747222222222
3471,Urochishche Yelkhovatoye,Samara,Russia,area,N 53° 18′ 54'',E 51° 49′ 1'',53.315,51.8169444444444
3472,Volzhskiy Rayon,Samara,Russia,second-order administrative division,N 53° 6′ 38'',E 50° 9′ 23'',53.1105555555556,50.1563888888889
3473,Urochishche Uvarovka,Samara,Russia,area,N 53° 17′ 26'',E 51° 57′ 28'',53.2905555555556,51.9577777777778
3474,Sukhodol,Samara,Russia,populated place,N 53° 54′ 2'',E 51° 12′ 42'',53.9005555555556,51.2116666666667
3475,Kinelsky District,Samara,Russia,second-order administrative division,N 53° 13′ 1'',E 50° 48′ 57'',53.2169444444444,50.8158333333333
3476,Kinel’-Cherkassy,Samara,Russia,seat of a second-order administrative division,N 53° 28′ 0'',E 51° 29′ 38'',53.4666666666667,51.4938888888889
3477,Khvorostyanka,Samara,Russia,seat of a second-order administrative division,N 52° 36′ 40'',E 48° 57′ 36'',52.6111111111111,48.96
3478,Bolsheglushitsky District,Samara,Russia,second-order administrative division,N 52° 27′ 31'',E 50° 38′ 33'',52.4586111111111,50.6425
3479,Bolshechernigovsky District,Samara,Russia,second-order administrative division,N 52° 6′ 17'',E 50° 49′ 20'',52.1047222222222,50.8222222222222
3480,Bogatoye,Samara,Russia,seat of a second-order administrative division,N 53° 3′ 40'',E 51° 19′ 44'',53.0611111111111,51.3288888888889
3481,Bogatovskiy Rayon,Samara,Russia,second-order administrative division,N 53° 4′ 37'',E 51° 19′ 26'',53.0769444444445,51.3238888888889
3482,Bezenchukskiy Rayon,Samara,Russia,second-order administrative division,N 53° 0′ 42'',E 49° 16′ 37'',53.0116666666667,49.2769444444444
3483,Bezenchuk,Samara,Russia,seat of a second-order administrative division,N 52° 58′ 50'',E 49° 25′ 55'',52.9805555555556,49.4319444444444
3484,Krasnyy Yar,Samara,Russia,seat of a second-order administrative division,N 53° 29′ 52'',E 50° 23′ 31'',53.4977777777778,50.3919444444444
3485,Krasnoyarsky District,Samara,Russia,second-order administrative division,N 53° 36′ 28'',E 50° 23′ 9'',53.6077777777778,50.3858333333333
3486,Koshkinsky District,Samara,Russia,second-order administrative division,N 54° 13′ 38'',E 50° 29′ 3'',54.2272222222222,50.4841666666667
3487,Urochishche Komorovka,Samara,Russia,area,N 53° 10′ 39'',E 51° 59′ 0'',53.1775,51.9833333333333
3488,Roschinskiy,Samara,Russia,populated place,N 53° 3′ 4'',E 50° 29′ 48'',53.0511111111111,50.4966666666667
3489,Oktyabrsk,Samara,Russia,second-order administrative division,N 53° 10′ 0'',E 48° 40′ 44'',53.1666666666667,48.6788888888889
3490,Pokhvistnev Urban District,Samara,Russia,second-order administrative division,N 53° 39′ 1'',E 52° 7′ 23'',53.6502777777778,52.1230555555556
3491,Otradny Urban District,Samara,Russia,second-order administrative division,N 53° 22′ 22'',E 51° 20′ 41'',53.3727777777778,51.3447222222222
3492,Zhigulyovsk,Samara,Russia,second-order administrative division,N 53° 23′ 38'',E 49° 29′ 40'',53.3938888888889,49.4944444444445
3493,Yelkhovsky District,Samara,Russia,second-order administrative division,N 53° 51′ 48'',E 50° 16′ 52'',53.8633333333333,50.2811111111111
3494,Tolyatti,Samara,Russia,second-order administrative division,N 53° 32′ 50'',E 49° 18′ 17'',53.5472222222222,49.3047222222222
3495,Khvorostyansky District,Samara,Russia,second-order administrative division,N 52° 36′ 28'',E 48° 57′ 40'',52.6077777777778,48.9611111111111
3496,Chapayevsk,Samara,Russia,second-order administrative division,N 52° 58′ 58'',E 49° 41′ 29'',52.9827777777778,49.6913888888889
3497,Klyavlinsky District,Samara,Russia,second-order administrative division,N 54° 15′ 56'',E 52° 1′ 18'',54.2655555555556,52.0216666666667
3498,Kinel-Cherkassky District,Samara,Russia,second-order administrative division,N 53° 28′ 17'',E 51° 27′ 57'',53.4713888888889,51.4658333333333
3499,Novokuybysh Urban District,Samara,Russia,second-order administrative division,N 53° 6′ 16'',E 49° 54′ 20'',53.1044444444445,49.9055555555556
3500,San Lorenzo,San Pedro,Paraguay,populated place,S 25° 20′ 22'',W 57° 30′ 31'',-25.3394444444444,-57.5086111111111
3501,Fernando de la Mora,San Pedro,Paraguay,populated place,S 25° 20′ 18'',W 57° 31′ 18'',-25.3383333333333,-57.5216666666667
3502,Nemby,San Pedro,Paraguay,populated place,S 25° 23′ 41'',W 57° 32′ 8'',-25.3947222222222,-57.5355555555556
3503,San Pedro Department,San Pedro,Paraguay,first-order administrative division,S 24° 8′ 0'',W 56° 40′ 0'',-24.1333333333333,-56.6666666666667
3504,San Pedro de Ycuamandyyú,San Pedro,Paraguay,seat of a first-order administrative division,S 24° 5′ 7'',W 57° 5′ 14'',-24.0852777777778,-57.0872222222222
3505,San Juan Bautista,San Pedro,Paraguay,seat of a first-order administrative division,S 26° 40′ 13'',W 57° 8′ 26'',-26.6702777777778,-57.1405555555556
3506,Puerto La Victoria Airport,San Pedro,Paraguay,airport,S 22° 17′ 42'',W 57° 51′ 50'',-22.295,-57.8638888888889
3507,Dr Juan Plate Airport,San Pedro,Paraguay,airport,S 22° 9′ 32'',W 57° 56′ 33'',-22.1588888888889,-57.9425
3508,Misiones Department,San Pedro,Paraguay,first-order administrative division,S 27° 0′ 0'',W 57° 0′ 0'',-27,-57
3509,Guaraní International Airport,San Pedro,Paraguay,airport,S 25° 27′ 19'',W 54° 50′ 36'',-25.4552777777778,-54.8433333333333
3510,Silvio Pettirossi International Airport,San Pedro,Paraguay,airport,S 25° 14′ 23'',W 57° 31′ 8'',-25.2397222222222,-57.5188888888889
3511,Laguna Blanca,San Pedro,Paraguay,lake,S 23° 48′ 34'',W 56° 17′ 2'',-23.8094444444444,-56.2838888888889
3512,Liberacion,San Pedro,Paraguay,second-order administrative division,S 24° 11′ 47'',W 56° 22′ 42'',-24.1963888888889,-56.3783333333333
3513,Guajayvi,San Pedro,Paraguay,second-order administrative division,S 24° 24′ 28'',W 56° 20′ 53'',-24.4077777777778,-56.3480555555556
3514,Lima,San Pedro,Paraguay,second-order administrative division,S 23° 58′ 42'',W 56° 34′ 9'',-23.9783333333333,-56.5691666666667
3515,Tacuati,San Pedro,Paraguay,second-order administrative division,S 23° 32′ 33'',W 56° 35′ 34'',-23.5425,-56.5927777777778
3516,San Estanislao District,San Pedro,Paraguay,second-order administrative division,S 24° 38′ 44'',W 56° 23′ 32'',-24.6455555555556,-56.3922222222222
3517,San Pablo,San Pedro,Paraguay,second-order administrative division,S 24° 8′ 17'',W 56° 55′ 9'',-24.1380555555556,-56.9191666666667
3518,San Pedro Del Ykuamandiyu,San Pedro,Paraguay,second-order administrative division,S 23° 46′ 19'',W 57° 3′ 34'',-23.7719444444444,-57.0594444444444
3519,Lima,San Pedro,Paraguay,populated place,S 23° 53′ 5'',W 56° 28′ 44'',-23.8847222222222,-56.4788888888889
3520,Villa Del Rosario,San Pedro,Paraguay,second-order administrative division,S 24° 33′ 39'',W 57° 4′ 37'',-24.5608333333333,-57.0769444444445
3521,Unión District,San Pedro,Paraguay,second-order administrative division,S 24° 52′ 11'',W 56° 31′ 51'',-24.8697222222222,-56.5308333333333
3522,Capiibary,San Pedro,Paraguay,second-order administrative division,S 24° 44′ 45'',W 55° 59′ 29'',-24.7458333333333,-55.9913888888889
3523,Nueva Germania District,San Pedro,Paraguay,second-order administrative division,S 23° 51′ 35'',W 56° 40′ 18'',-23.8597222222222,-56.6716666666667
3524,Yataity Del Norte,San Pedro,Paraguay,second-order administrative division,S 24° 50′ 14'',W 56° 19′ 44'',-24.8372222222222,-56.3288888888889
3525,25 De Diciembre,San Pedro,Paraguay,second-order administrative division,S 24° 46′ 21'',W 56° 48′ 4'',-24.7725,-56.8011111111111
3526,General Resquin,San Pedro,Paraguay,second-order administrative division,S 24° 0′ 18'',W 56° 12′ 29'',-24.005,-56.2080555555556
3527,Chore,San Pedro,Paraguay,second-order administrative division,S 24° 11′ 3'',W 56° 37′ 58'',-24.1841666666667,-56.6327777777778
3528,Itacurubi Del Rosario,San Pedro,Paraguay,second-order administrative division,S 24° 34′ 56'',W 56° 49′ 10'',-24.5822222222222,-56.8194444444445
3529,General Elizardo Aquino,San Pedro,Paraguay,second-order administrative division,S 24° 23′ 0'',W 56° 47′ 36'',-24.3833333333333,-56.7933333333333
3530,Yryvu Cua,San Pedro,Paraguay,second-order administrative division,S 24° 30′ 17'',W 56° 8′ 13'',-24.5047222222222,-56.1369444444444
3531,Antequera,San Pedro,Paraguay,second-order administrative division,S 24° 5′ 26'',W 57° 10′ 9'',-24.0905555555556,-57.1691666666667
3532,Santa Rosa Del Aguaray,San Pedro,Paraguay,second-order administrative division,S 23° 45′ 32'',W 56° 16′ 18'',-23.7588888888889,-56.2716666666667
3533,San Salvador,San Pedro,Paraguay,second-order administrative division,S 25° 57′ 27'',W 56° 25′ 36'',-25.9575,-56.4266666666667
3534,San Roque Gonzalez,San Pedro,Paraguay,second-order administrative division,S 25° 52′ 32'',W 57° 17′ 51'',-25.8755555555556,-57.2975
3535,San Joaquin,San Pedro,Paraguay,second-order administrative division,S 25° 2′ 41'',W 56° 3′ 0'',-25.0447222222222,-56.05
3536,San Cristobal,San Pedro,Paraguay,second-order administrative division,S 25° 47′ 0'',W 55° 23′ 5'',-25.7833333333333,-55.3847222222222
3537,San Lazaro,San Pedro,Paraguay,second-order administrative division,S 22° 14′ 49'',W 57° 44′ 6'',-22.2469444444444,-57.735
3538,San Carlos,San Pedro,Paraguay,second-order administrative division,S 22° 23′ 34'',W 57° 17′ 52'',-22.3927777777778,-57.2977777777778
3539,San Alberto,San Pedro,Paraguay,second-order administrative division,S 24° 58′ 33'',W 54° 54′ 22'',-24.9758333333333,-54.9061111111111
3540,San Juan Bautista De Ñeembucu,San Pedro,Paraguay,second-order administrative division,S 26° 36′ 36'',W 57° 51′ 27'',-26.61,-57.8575
3541,San Jose De Los Arroyos,San Pedro,Paraguay,second-order administrative division,S 25° 32′ 21'',W 56° 41′ 55'',-25.5391666666667,-56.6986111111111
3542,San Patricio,San Pedro,Paraguay,second-order administrative division,S 26° 59′ 43'',W 56° 49′ 45'',-26.9952777777778,-56.8291666666667
3543,San Miguel,San Pedro,Paraguay,second-order administrative division,S 26° 34′ 51'',W 56° 58′ 3'',-26.5808333333333,-56.9675
3544,San Ignacio,San Pedro,Paraguay,second-order administrative division,S 26° 57′ 32'',W 57° 8′ 44'',-26.9588888888889,-57.1455555555556
3545,San Juan Bautista,San Pedro,Paraguay,second-order administrative division,S 26° 42′ 43'',W 57° 24′ 21'',-26.7119444444444,-57.4058333333333
3546,Vaqueria,San Pedro,Paraguay,second-order administrative division,S 24° 58′ 29'',W 55° 45′ 46'',-24.9747222222222,-55.7627777777778
3547,San Cosme y Damian,San Pedro,Paraguay,second-order administrative division,S 27° 21′ 17'',W 56° 30′ 15'',-27.3547222222222,-56.5041666666667
3548,San Pedro Del Parana,San Pedro,Paraguay,second-order administrative division,S 26° 43′ 48'',W 56° 0′ 30'',-26.73,-56.0083333333333
3549,San Juan Nepomuceno,San Pedro,Paraguay,second-order administrative division,S 26° 13′ 53'',W 55° 54′ 2'',-26.2313888888889,-55.9005555555556
3550,Rosario,Santa Fe,Argentina,seat of a second-order administrative division,S 32° 56′ 48'',W 60° 38′ 21'',-32.9466666666667,-60.6391666666667
3551,Santa Fe,Santa Fe,Argentina,seat of a first-order administrative division,S 31° 38′ 55'',W 60° 42′ 31'',-31.6486111111111,-60.7086111111111
3552,Greater Rosario,Santa Fe,Argentina,region,S 32° 58′ 30'',W 60° 40′ 54'',-32.975,-60.6816666666667
3553,Santa Fe,Santa Fe,Argentina,first-order administrative division,S 31° 0′ 0'',W 61° 0′ 0'',-31,-61
3554,Rafaela,Santa Fe,Argentina,seat of a second-order administrative division,S 31° 15′ 10'',W 61° 29′ 26'',-31.2527777777778,-61.4905555555556
3555,Venado Tuerto,Santa Fe,Argentina,populated place,S 33° 44′ 45'',W 61° 58′ 1'',-33.7458333333333,-61.9669444444444
3556,Rosario – Islas Malvinas International Airport,Santa Fe,Argentina,airport,S 32° 54′ 13'',W 60° 47′ 6'',-32.9036111111111,-60.785
3557,Rafaela Airport,Santa Fe,Argentina,airport,S 31° 17′ 0'',W 61° 30′ 0'',-31.2833333333333,-61.5
3558,Sauce Viejo Airport,Santa Fe,Argentina,airport,S 31° 42′ 42'',W 60° 48′ 42'',-31.7116666666667,-60.8116666666667
3559,Reconquista,Santa Fe,Argentina,seat of a second-order administrative division,S 29° 9′ 0'',W 59° 39′ 0'',-29.15,-59.65
3560,Gobernador Gálvez,Santa Fe,Argentina,populated place,S 33° 1′ 48'',W 60° 38′ 25'',-33.03,-60.6402777777778
3561,Santo Tomé,Santa Fe,Argentina,populated place,S 31° 39′ 45'',W 60° 45′ 55'',-31.6625,-60.7652777777778
3562,Ceres Airport,Santa Fe,Argentina,airport,S 29° 52′ 24'',W 61° 55′ 45'',-29.8733333333333,-61.9291666666667
3563,Reconquista Airport,Santa Fe,Argentina,airport,S 29° 12′ 37'',W 59° 40′ 48'',-29.2102777777778,-59.68
3564,General Obligado Department,Santa Fe,Argentina,second-order administrative division,S 28° 45′ 0'',W 59° 45′ 0'',-28.75,-59.75
3565,Departamento de San Javier,Santa Fe,Argentina,second-order administrative division,S 30° 20′ 0'',W 59° 55′ 0'',-30.3333333333333,-59.9166666666667
3566,Las Parejas,Santa Fe,Argentina,populated place,S 32° 41′ 5'',W 61° 30′ 58'',-32.6847222222222,-61.5161111111111
3567,Iriondo Department,Santa Fe,Argentina,second-order administrative division,S 32° 38′ 0'',W 61° 20′ 0'',-32.6333333333333,-61.3333333333333
3568,Granadero Baigorria,Santa Fe,Argentina,populated place,S 32° 51′ 24'',W 60° 43′ 3'',-32.8566666666667,-60.7175
3569,General López Department,Santa Fe,Argentina,second-order administrative division,S 33° 50′ 0'',W 61° 50′ 0'',-33.8333333333333,-61.8333333333333
3570,Garay Department,Santa Fe,Argentina,second-order administrative division,S 31° 0′ 0'',W 60° 5′ 0'',-31,-60.0833333333333
3571,Sunchales,Santa Fe,Argentina,populated place,S 30° 56′ 41'',W 61° 33′ 34'',-30.9447222222222,-61.5594444444444
3572,Departamento de San Justo,Santa Fe,Argentina,second-order administrative division,S 30° 40′ 0'',W 60° 30′ 0'',-30.6666666666667,-60.5
3573,San Cristóbal Department,Santa Fe,Argentina,second-order administrative division,S 30° 20′ 0'',W 61° 20′ 0'',-30.3333333333333,-61.3333333333333
3574,Roldán,Santa Fe,Argentina,populated place,S 32° 53′ 54'',W 60° 54′ 24'',-32.8983333333333,-60.9066666666667
3575,Nueve de Julio Department,Santa Fe,Argentina,second-order administrative division,S 28° 50′ 0'',W 61° 20′ 0'',-28.8333333333333,-61.3333333333333
3576,Laguna Melincué,Santa Fe,Argentina,lake,S 33° 42′ 24'',W 61° 27′ 55'',-33.7066666666667,-61.4652777777778
3577,Departamento de Castellanos,Santa Fe,Argentina,second-order administrative division,S 31° 10′ 0'',W 61° 40′ 0'',-31.1666666666667,-61.6666666666667
3578,Casilda,Santa Fe,Argentina,seat of a second-order administrative division,S 33° 2′ 40'',W 61° 9′ 51'',-33.0444444444444,-61.1641666666667
3579,Carcarañá,Santa Fe,Argentina,populated place,S 32° 51′ 25'',W 61° 9′ 4'',-32.8569444444444,-61.1511111111111
3580,Capitán Bermúdez,Santa Fe,Argentina,populated place,S 32° 49′ 21'',W 60° 43′ 6'',-32.8225,-60.7183333333333
3581,Armstrong,Santa Fe,Argentina,populated place,S 32° 47′ 5'',W 61° 36′ 11'',-32.7847222222222,-61.6030555555556
3582,Departamento de Vera,Santa Fe,Argentina,second-order administrative division,S 29° 0′ 0'',W 60° 30′ 0'',-29,-60.5
3583,Villa Ocampo,Santa Fe,Argentina,populated place,S 28° 29′ 14'',W 59° 21′ 15'',-28.4872222222222,-59.3541666666667
3584,Las Colonias Department,Santa Fe,Argentina,second-order administrative division,S 31° 30′ 0'',W 61° 8′ 0'',-31.5,-61.1333333333333
3585,Esperanza,Santa Fe,Argentina,seat of a second-order administrative division,S 31° 26′ 58'',W 60° 55′ 53'',-31.4494444444444,-60.9313888888889
3586,El Trébol,Santa Fe,Argentina,populated place,S 32° 11′ 54'',W 61° 42′ 7'',-32.1983333333333,-61.7019444444445
3587,Constitución Department,Santa Fe,Argentina,second-order administrative division,S 33° 30′ 0'',W 60° 55′ 0'',-33.5,-60.9166666666667
3588,Capital Department,Santa Fe,Argentina,second-order administrative division,S 31° 30′ 0'',W 60° 40′ 0'',-31.5,-60.6666666666667
3589,Gálvez,Santa Fe,Argentina,populated place,S 32° 1′ 46'',W 61° 13′ 15'',-32.0294444444444,-61.2208333333333
3590,Funes,Santa Fe,Argentina,populated place,S 32° 54′ 56'',W 60° 48′ 35'',-32.9155555555556,-60.8097222222222
3591,Fray Luis A. Beltrán,Santa Fe,Argentina,populated place,S 32° 47′ 28'',W 60° 43′ 41'',-32.7911111111111,-60.7280555555556
3592,Firmat,Santa Fe,Argentina,populated place,S 33° 27′ 33'',W 61° 28′ 59'',-33.4591666666667,-61.4830555555556
3593,Departamento de San Martín,Santa Fe,Argentina,second-order administrative division,S 32° 0′ 0'',W 61° 50′ 0'',-32,-61.8333333333333
3594,Departamento de San Lorenzo,Santa Fe,Argentina,second-order administrative division,S 33° 0′ 0'',W 61° 0′ 0'',-33,-61
3595,San Jerónimo Department,Santa Fe,Argentina,second-order administrative division,S 32° 10′ 0'',W 61° 5′ 0'',-32.1666666666667,-61.0833333333333
3596,San Carlos Centro,Santa Fe,Argentina,populated place,S 31° 43′ 43'',W 61° 5′ 30'',-31.7286111111111,-61.0916666666667
3597,Rufino,Santa Fe,Argentina,populated place,S 34° 15′ 44'',W 62° 42′ 40'',-34.2622222222222,-62.7111111111111
3598,Pérez,Santa Fe,Argentina,populated place,S 32° 59′ 54'',W 60° 46′ 4'',-32.9983333333333,-60.7677777777778
3599,Ceres,Santa Fe,Argentina,populated place,S 29° 52′ 52'',W 61° 56′ 42'',-29.8811111111111,-61.945
3600,Santiago del Estero,Santiago del Estero,Argentina,first-order administrative division,S 28° 0′ 0'',W 63° 30′ 0'',-28,-63.5
3601,Santiago del Estero,Santiago del Estero,Argentina,seat of a first-order administrative division,S 27° 48′ 1'',W 64° 15′ 46'',-27.8002777777778,-64.2627777777778
3602,Vicecomodoro Ángel de la Paz Aragonés Airport,Santiago del Estero,Argentina,airport,S 27° 45′ 56'',W 64° 18′ 36'',-27.7655555555556,-64.31
3603,Las Termas Airport,Santiago del Estero,Argentina,airport,S 27° 29′ 45'',W 64° 56′ 6'',-27.4958333333333,-64.935
3604,Departamento de Copo,Santiago del Estero,Argentina,second-order administrative division,S 26° 0′ 0'',W 62° 45′ 0'',-26,-62.75
3605,Departamento de Jiménez,Santiago del Estero,Argentina,second-order administrative division,S 27° 0′ 0'',W 64° 25′ 0'',-27,-64.4166666666667
3606,Departamento de Figueroa,Santiago del Estero,Argentina,second-order administrative division,S 27° 20′ 0'',W 63° 33′ 0'',-27.3333333333333,-63.55
3607,Departamento de Pellegrini,Santiago del Estero,Argentina,second-order administrative division,S 26° 10′ 0'',W 64° 15′ 0'',-26.1666666666667,-64.25
3608,Departamento de Ojo de Agua,Santiago del Estero,Argentina,second-order administrative division,S 29° 15′ 0'',W 64° 15′ 0'',-29.25,-64.25
3609,Departamento de Moreno,Santiago del Estero,Argentina,second-order administrative division,S 27° 20′ 0'',W 62° 30′ 0'',-27.3333333333333,-62.5
3610,Departamento de Juan F. Ibarra,Santiago del Estero,Argentina,second-order administrative division,S 28° 0′ 0'',W 62° 30′ 0'',-28,-62.5
3611,Departamento de Choya,Santiago del Estero,Argentina,second-order administrative division,S 28° 45′ 0'',W 64° 45′ 0'',-28.75,-64.75
3612,Departamento de Alberdi,Santiago del Estero,Argentina,second-order administrative division,S 26° 30′ 0'',W 62° 45′ 0'',-26.5,-62.75
3613,Termas de Río Hondo,Santiago del Estero,Argentina,seat of a second-order administrative division,S 27° 29′ 37'',W 64° 51′ 35'',-27.4936111111111,-64.8597222222222
3614,Departamento de Loreto,Santiago del Estero,Argentina,second-order administrative division,S 28° 33′ 0'',W 64° 20′ 0'',-28.55,-64.3333333333333
3615,Departamento de Guasayán,Santiago del Estero,Argentina,second-order administrative division,S 28° 0′ 0'',W 64° 50′ 0'',-28,-64.8333333333333
3616,Departamento de General Taboada,Santiago del Estero,Argentina,second-order administrative division,S 28° 35′ 0'',W 62° 30′ 0'',-28.5833333333333,-62.5
3617,Departamento de Silípica,Santiago del Estero,Argentina,second-order administrative division,S 28° 10′ 0'',W 64° 20′ 0'',-28.1666666666667,-64.3333333333333
3618,Departamento de Sarmiento,Santiago del Estero,Argentina,second-order administrative division,S 28° 5′ 0'',W 63° 25′ 0'',-28.0833333333333,-63.4166666666667
3619,Departamento de San Martín,Santiago del Estero,Argentina,second-order administrative division,S 28° 10′ 0'',W 63° 50′ 0'',-28.1666666666667,-63.8333333333333
3620,Departamento de Salavina,Santiago del Estero,Argentina,second-order administrative division,S 28° 55′ 0'',W 63° 18′ 0'',-28.9166666666667,-63.3
3621,Departamento de Robles,Santiago del Estero,Argentina,second-order administrative division,S 27° 50′ 0'',W 63° 55′ 0'',-27.8333333333333,-63.9166666666667
3622,Departamento de Rivadavia,Santiago del Estero,Argentina,second-order administrative division,S 29° 50′ 0'',W 62° 10′ 0'',-29.8333333333333,-62.1666666666667
3623,Departamento de Río Hondo,Santiago del Estero,Argentina,second-order administrative division,S 27° 35′ 0'',W 64° 45′ 0'',-27.5833333333333,-64.75
3624,Departamento de Quebrachos,Santiago del Estero,Argentina,second-order administrative division,S 29° 20′ 0'',W 63° 20′ 0'',-29.3333333333333,-63.3333333333333
3625,Departamento de Mitre,Santiago del Estero,Argentina,second-order administrative division,S 29° 30′ 0'',W 62° 50′ 0'',-29.5,-62.8333333333333
3626,Departamento de Capital,Santiago del Estero,Argentina,second-order administrative division,S 27° 50′ 0'',W 64° 30′ 0'',-27.8333333333333,-64.5
3627,Departamento de Belgrano,Santiago del Estero,Argentina,second-order administrative division,S 29° 5′ 0'',W 62° 15′ 0'',-29.0833333333333,-62.25
3628,Departamento de Banda,Santiago del Estero,Argentina,second-order administrative division,S 27° 30′ 0'',W 64° 20′ 0'',-27.5,-64.3333333333333
3629,Departamento de Avellaneda,Santiago del Estero,Argentina,second-order administrative division,S 28° 30′ 0'',W 63° 10′ 0'',-28.5,-63.1666666666667
3630,Departamento de Atamisqui,Santiago del Estero,Argentina,second-order administrative division,S 28° 40′ 0'',W 63° 54′ 0'',-28.6666666666667,-63.9
3631,Departamento de Aguirre,Santiago del Estero,Argentina,second-order administrative division,S 29° 20′ 0'',W 62° 30′ 0'',-29.3333333333333,-62.5
3632,Colonia Dora,Santiago del Estero,Argentina,populated place,S 28° 36′ 1'',W 62° 57′ 8'',-28.6002777777778,-62.9522222222222
3633,Sachayoj,Santiago del Estero,Argentina,populated place,S 26° 40′ 32'',W 61° 48′ 49'',-26.6755555555556,-61.8136111111111
3634,Clodomira,Santiago del Estero,Argentina,populated place,S 27° 34′ 35'',W 64° 7′ 55'',-27.5763888888889,-64.1319444444444
3635,Beltrán,Santiago del Estero,Argentina,populated place,S 27° 49′ 37'',W 64° 3′ 30'',-27.8269444444444,-64.0583333333333
3636,Tintina,Santiago del Estero,Argentina,populated place,S 27° 1′ 36'',W 62° 42′ 23'',-27.0266666666667,-62.7063888888889
3637,Los Juríes,Santiago del Estero,Argentina,populated place,S 28° 27′ 46'',W 62° 6′ 36'',-28.4627777777778,-62.11
3638,Quimilí,Santiago del Estero,Argentina,seat of a second-order administrative division,S 27° 38′ 46'',W 62° 24′ 59'',-27.6461111111111,-62.4163888888889
3639,Pampa de los Guanacos,Santiago del Estero,Argentina,populated place,S 26° 13′ 48'',W 61° 50′ 15'',-26.23,-61.8375
3640,Villa General Mitre,Santiago del Estero,Argentina,populated place,S 29° 8′ 30'',W 62° 39′ 16'',-29.1416666666667,-62.6544444444444
3641,Añatuya,Santiago del Estero,Argentina,seat of a second-order administrative division,S 28° 27′ 36'',W 62° 50′ 0'',-28.46,-62.8333333333333
3642,Malbrán,Santiago del Estero,Argentina,populated place,S 29° 20′ 57'',W 62° 26′ 30'',-29.3491666666667,-62.4416666666667
3643,Villa Mailín,Santiago del Estero,Argentina,populated place,S 28° 28′ 57'',W 63° 16′ 33'',-28.4825,-63.2758333333333
3644,Lugones,Santiago del Estero,Argentina,populated place,S 28° 20′ 10'',W 63° 20′ 21'',-28.3361111111111,-63.3391666666667
3645,Los Telares,Santiago del Estero,Argentina,seat of a second-order administrative division,S 28° 59′ 6'',W 63° 27′ 1'',-28.985,-63.4502777777778
3646,Los Pirpintos,Santiago del Estero,Argentina,populated place,S 26° 8′ 0'',W 62° 3′ 56'',-26.1333333333333,-62.0655555555556
3647,Los Núñez,Santiago del Estero,Argentina,populated place,S 27° 32′ 5'',W 64° 31′ 39'',-27.5347222222222,-64.5275
3648,Los Coroneles,Santiago del Estero,Argentina,locality,S 28° 28′ 0'',W 63° 53′ 0'',-28.4666666666667,-63.8833333333333
3649,Lavalle,Santiago del Estero,Argentina,populated place,S 28° 11′ 40'',W 65° 6′ 27'',-28.1944444444444,-65.1075
3650,Saratov,Saratov,Russia,seat of a first-order administrative division,N 51° 32′ 25'',E 45° 59′ 24'',51.5402777777778,45.99
3651,Saratov Oblast,Saratov,Russia,first-order administrative division,N 51° 30′ 0'',E 47° 0′ 0'',51.5,47
3652,Balakovo,Saratov,Russia,seat of a second-order administrative division,N 52° 1′ 35'',E 47° 47′ 48'',52.0263888888889,47.7966666666667
3653,Balashov,Saratov,Russia,seat of a second-order administrative division,N 51° 33′ 3'',E 43° 10′ 14'',51.5508333333333,43.1705555555556
3654,Krasnoarmeysk,Saratov,Russia,seat of a second-order administrative division,N 51° 1′ 24'',E 45° 41′ 47'',51.0233333333333,45.6963888888889
3655,Marks,Saratov,Russia,seat of a second-order administrative division,N 51° 42′ 36'',E 46° 44′ 43'',51.71,46.7452777777778
3656,Engel's,Saratov,Russia,populated place,N 51° 29′ 2'',E 46° 6′ 19'',51.4838888888889,46.1052777777778
3657,Rtishchevo,Saratov,Russia,seat of a second-order administrative division,N 52° 15′ 35'',E 43° 47′ 12'',52.2597222222222,43.7866666666667
3658,Saratov Tsentralny Airport,Saratov,Russia,airport,N 51° 33′ 54'',E 46° 2′ 48'',51.565,46.0466666666667
3659,Saratov Gagarin Airport,Saratov,Russia,airport,N 51° 42′ 45'',E 46° 10′ 7'',51.7125,46.1686111111111
3660,Petrovsk,Saratov,Russia,seat of a second-order administrative division,N 52° 18′ 31'',E 45° 23′ 23'',52.3086111111111,45.3897222222222
3661,Kalininsk,Saratov,Russia,seat of a second-order administrative division,N 51° 29′ 52'',E 44° 28′ 36'',51.4977777777778,44.4766666666667
3662,Atkarsk,Saratov,Russia,seat of a second-order administrative division,N 51° 52′ 50'',E 45° 0′ 21'',51.8805555555556,45.0058333333333
3663,Arkadak,Saratov,Russia,seat of a second-order administrative division,N 51° 56′ 15'',E 43° 30′ 14'',51.9375,43.5038888888889
3664,Novouzensk,Saratov,Russia,seat of a second-order administrative division,N 50° 27′ 47'',E 48° 8′ 29'',50.4630555555556,48.1413888888889
3665,Pugachev,Saratov,Russia,seat of a second-order administrative division,N 52° 0′ 59'',E 48° 47′ 56'',52.0163888888889,48.7988888888889
3666,Yershov,Saratov,Russia,seat of a second-order administrative division,N 51° 21′ 21'',E 48° 16′ 21'',51.3558333333333,48.2725
3667,Vol'sk,Saratov,Russia,seat of a second-order administrative division,N 52° 2′ 30'',E 47° 22′ 57'',52.0416666666667,47.3825
3668,Khvalynsk,Saratov,Russia,seat of a second-order administrative division,N 52° 29′ 28'',E 48° 6′ 21'',52.4911111111111,48.1058333333333
3669,Balakovo Airport,Saratov,Russia,airport,N 51° 51′ 29'',E 47° 44′ 44'',51.8580555555556,47.7455555555556
3670,Privolzhskiy,Saratov,Russia,populated place,N 51° 24′ 34'',E 46° 2′ 54'',51.4094444444444,46.0483333333333
3671,Saratov,Saratov,Russia,second-order administrative division,N 51° 30′ 38'',E 45° 56′ 53'',51.5105555555556,45.9480555555556
3672,Marksovsky District,Saratov,Russia,second-order administrative division,N 51° 39′ 15'',E 47° 7′ 51'',51.6541666666667,47.1308333333333
3673,Atkarskiy Rayon,Saratov,Russia,second-order administrative division,N 51° 51′ 53'',E 44° 58′ 42'',51.8647222222222,44.9783333333333
3674,Baltayskiy Rayon,Saratov,Russia,second-order administrative division,N 52° 29′ 4'',E 46° 39′ 48'',52.4844444444444,46.6633333333333
3675,Sovetskoye,Saratov,Russia,populated place,N 51° 26′ 34'',E 46° 44′ 36'',51.4427777777778,46.7433333333333
3676,Sovetskiy Rayon,Saratov,Russia,second-order administrative division,N 51° 18′ 20'',E 46° 54′ 19'',51.3055555555556,46.9052777777778
3677,Sokolovyy,Saratov,Russia,populated place,N 51° 34′ 6'',E 45° 49′ 59'',51.5683333333333,45.8330555555556
3678,Ozinki,Saratov,Russia,populated place,N 51° 10′ 42'',E 49° 40′ 36'',51.1783333333333,49.6766666666667
3679,Saratovsky District,Saratov,Russia,second-order administrative division,N 51° 45′ 0'',E 46° 10′ 0'',51.75,46.1666666666667
3680,Samoylovka,Saratov,Russia,seat of a second-order administrative division,N 51° 11′ 7'',E 43° 42′ 31'',51.1852777777778,43.7086111111111
3681,Yermakovskiy,Saratov,Russia,area,N 52° 9′ 46'',E 48° 48′ 20'',52.1627777777778,48.8055555555556
3682,Voskresenskiy Rayon,Saratov,Russia,second-order administrative division,N 51° 52′ 59'',E 46° 39′ 41'',51.8830555555556,46.6613888888889
3683,Stepnoye,Saratov,Russia,seat of a second-order administrative division,N 51° 22′ 47'',E 46° 50′ 55'',51.3797222222222,46.8486111111111
3684,Khvalynskiy Rayon,Saratov,Russia,second-order administrative division,N 52° 30′ 21'',E 47° 58′ 24'',52.5058333333333,47.9733333333333
3685,Krasnyy Kut,Saratov,Russia,seat of a second-order administrative division,N 50° 57′ 0'',E 46° 58′ 6'',50.95,46.9683333333333
3686,Krasnokutsky District,Saratov,Russia,second-order administrative division,N 50° 53′ 55'',E 46° 58′ 13'',50.8986111111111,46.9702777777778
3687,urochishche Murman,Saratov,Russia,area,N 52° 11′ 29'',E 47° 10′ 13'',52.1913888888889,47.1702777777778
3688,Dergachyovsky District,Saratov,Russia,second-order administrative division,N 51° 12′ 12'',E 48° 46′ 50'',51.2033333333333,48.7805555555556
3689,Tatishchevsky District,Saratov,Russia,second-order administrative division,N 51° 40′ 8'',E 45° 35′ 12'',51.6688888888889,45.5866666666667
3690,Shikhany,Saratov,Russia,second-order administrative division,N 52° 6′ 58'',E 47° 11′ 51'',52.1161111111111,47.1975
3691,Pugachyovsky District,Saratov,Russia,second-order administrative division,N 52° 2′ 6'',E 48° 50′ 25'',52.035,48.8402777777778
3692,Svetly,Saratov,Russia,second-order administrative division,N 51° 43′ 36'',E 48° 57′ 48'',51.7266666666667,48.9633333333333
3693,Balakovsky District,Saratov,Russia,second-order administrative division,N 52° 1′ 0'',E 47° 48′ 37'',52.0166666666667,47.8102777777778
3694,Fyodorovsky District,Saratov,Russia,second-order administrative division,N 51° 14′ 5'',E 47° 30′ 41'',51.2347222222222,47.5113888888889
3695,ZATO Svetlyy,Saratov,Russia,second-order administrative division,N 51° 40′ 42'',E 45° 37′ 37'',51.6783333333333,45.6269444444445
3696,Gorodskoy Okrug Mikhaylovskiy,Saratov,Russia,second-order administrative division,N 51° 45′ 51'',E 48° 34′ 49'',51.7641666666667,48.5802777777778
3697,Engelssky District,Saratov,Russia,second-order administrative division,N 51° 19′ 24'',E 46° 19′ 6'',51.3233333333333,46.3183333333333
3698,Bazarno-Karabulaksky District,Saratov,Russia,second-order administrative division,N 52° 17′ 0'',E 46° 22′ 51'',52.2833333333333,46.3808333333333
3699,Volsky District,Saratov,Russia,second-order administrative division,N 52° 15′ 36'',E 47° 17′ 35'',52.26,47.2930555555556
3700,Jinan,Shandong,China,seat of a first-order administrative division,N 36° 40′ 6'',E 116° 59′ 50'',36.6683333333333,116.997222222222
3701,Zibo,Shandong,China,populated place,N 36° 47′ 26'',E 118° 3′ 48'',36.7905555555556,118.063333333333
3702,Qingdao,Shandong,China,seat of a second-order administrative division,N 36° 3′ 53'',E 120° 22′ 49'',36.0647222222222,120.380277777778
3703,Zaozhuang,Shandong,China,populated place,N 34° 51′ 53'',E 117° 33′ 15'',34.8647222222222,117.554166666667
3704,Dongying,Shandong,China,seat of a second-order administrative division,N 37° 27′ 45'',E 118° 29′ 29'',37.4625,118.491388888889
3705,Jining,Shandong,China,populated place,N 35° 24′ 18'',E 116° 34′ 53'',35.405,116.581388888889
3706,Weihai,Shandong,China,seat of a second-order administrative division,N 37° 30′ 32'',E 122° 6′ 48'',37.5088888888889,122.113333333333
3707,Weifang,Shandong,China,populated place,N 36° 42′ 36'',E 119° 6′ 7'',36.71,119.101944444444
3708,Yantai,Shandong,China,populated place,N 37° 28′ 35'',E 121° 26′ 26'',37.4763888888889,121.440555555556
3709,Shandong,Shandong,China,first-order administrative division,N 36° 20′ 0'',E 118° 15′ 0'',36.3333333333333,118.25
3710,Heze,Shandong,China,seat of a second-order administrative division,N 35° 14′ 21'',E 115° 28′ 24'',35.2391666666667,115.473333333333
3711,Linyi,Shandong,China,seat of a second-order administrative division,N 35° 3′ 47'',E 118° 20′ 34'',35.0630555555556,118.342777777778
3712,Liaocheng,Shandong,China,seat of a second-order administrative division,N 36° 27′ 2'',E 116° 0′ 8'',36.4505555555556,116.002222222222
3713,Zoucheng,Shandong,China,populated place,N 35° 24′ 2'',E 116° 57′ 56'',35.4005555555556,116.965555555556
3714,Dezhou,Shandong,China,seat of a second-order administrative division,N 37° 26′ 47'',E 116° 22′ 1'',37.4463888888889,116.366944444444
3715,Qufu,Shandong,China,populated place,N 35° 35′ 48'',E 116° 59′ 28'',35.5966666666667,116.991111111111
3716,Laiwu,Shandong,China,seat of a third-order administrative division,N 36° 11′ 34'',E 117° 39′ 25'',36.1927777777778,117.656944444444
3717,Tengzhou,Shandong,China,populated place,N 35° 5′ 0'',E 117° 11′ 26'',35.0833333333333,117.190555555556
3718,Tai’an,Shandong,China,seat of a second-order administrative division,N 36° 11′ 7'',E 117° 7′ 12'',36.1852777777778,117.12
3719,Binzhou,Shandong,China,seat of a second-order administrative division,N 37° 22′ 0'',E 118° 1′ 0'',37.3666666666667,118.016666666667
3720,Rizhao,Shandong,China,seat of a second-order administrative division,N 35° 24′ 50'',E 119° 31′ 44'',35.4138888888889,119.528888888889
3721,Jiaozhou,Shandong,China,seat of a third-order administrative division,N 36° 17′ 2'',E 120° 0′ 12'',36.2838888888889,120.003333333333
3722,Shouguang,Shandong,China,populated place,N 36° 52′ 48'',E 118° 44′ 15'',36.88,118.7375
3723,Xintai,Shandong,China,populated place,N 35° 54′ 2'',E 117° 45′ 7'',35.9005555555556,117.751944444444
3724,Tianfu,Shandong,China,seat of a third-order administrative division,N 37° 15′ 49'',E 122° 3′ 8'',37.2636111111111,122.052222222222
3725,Hanting,Shandong,China,populated place,N 36° 46′ 15'',E 119° 12′ 39'',36.7708333333333,119.210833333333
3726,Qingzhou,Shandong,China,populated place,N 36° 41′ 48'',E 118° 28′ 47'',36.6966666666667,118.479722222222
3727,Yanzhou,Shandong,China,populated place,N 35° 33′ 10'',E 116° 49′ 43'',35.5527777777778,116.828611111111
3728,Dengzhou,Shandong,China,seat of a third-order administrative division,N 37° 48′ 29'',E 120° 45′ 32'',37.8080555555556,120.758888888889
3729,Anqiu,Shandong,China,populated place,N 36° 26′ 3'',E 119° 11′ 33'',36.4341666666667,119.1925
3730,Pingdu,Shandong,China,seat of a third-order administrative division,N 36° 47′ 4'',E 119° 56′ 47'',36.7844444444444,119.946388888889
3731,Laizhou,Shandong,China,seat of a third-order administrative division,N 37° 10′ 50'',E 119° 56′ 31'',37.1805555555556,119.941944444444
3732,Laiyang,Shandong,China,populated place,N 36° 58′ 33'',E 120° 42′ 49'',36.9758333333333,120.713611111111
3733,Laixi,Shandong,China,seat of a third-order administrative division,N 36° 51′ 33'',E 120° 31′ 37'',36.8591666666667,120.526944444444
3734,Zhoucun,Shandong,China,populated place,N 36° 49′ 0'',E 117° 49′ 0'',36.8166666666667,117.816666666667
3735,Zhaoyuan,Shandong,China,seat of a third-order administrative division,N 37° 21′ 53'',E 120° 24′ 35'',37.3647222222222,120.409722222222
3736,Yatou,Shandong,China,seat of a third-order administrative division,N 37° 9′ 23'',E 122° 26′ 15'',37.1563888888889,122.4375
3737,Linqing,Shandong,China,seat of a third-order administrative division,N 36° 50′ 27'',E 115° 42′ 39'',36.8408333333333,115.710833333333
3738,Xinzhai,Shandong,China,populated place,N 36° 24′ 0'',E 118° 37′ 0'',36.4,118.616666666667
3739,Xindian,Shandong,China,populated place,N 36° 47′ 51'',E 118° 17′ 40'',36.7975,118.294444444444
3740,Xiazhen,Shandong,China,populated place,N 34° 48′ 8'',E 117° 6′ 42'',34.8022222222222,117.111666666667
3741,Xiangzhou,Shandong,China,populated place,N 36° 9′ 52'',E 119° 25′ 8'',36.1644444444444,119.418888888889
3742,Wenshang,Shandong,China,populated place,N 35° 43′ 39'',E 116° 29′ 46'',35.7275,116.496111111111
3743,Houzhen,Shandong,China,populated place,N 36° 59′ 28'',E 118° 57′ 56'',36.9911111111111,118.965555555556
3744,Yeyuan,Shandong,China,populated place,N 36° 25′ 0'',E 118° 30′ 0'',36.4166666666667,118.5
3745,Yantai Shi,Shandong,China,second-order administrative division,N 37° 13′ 1'',E 120° 48′ 55'',37.2169444444444,120.815277777778
3746,Gaomi,Shandong,China,seat of a third-order administrative division,N 36° 23′ 0'',E 119° 45′ 10'',36.3833333333333,119.752777777778
3747,Dongying Shi,Shandong,China,second-order administrative division,N 37° 37′ 14'',E 118° 37′ 17'',37.6205555555556,118.621388888889
3748,Dongcun,Shandong,China,populated place,N 36° 46′ 36'',E 121° 9′ 35'',36.7766666666667,121.159722222222
3749,Nanding,Shandong,China,populated place,N 36° 44′ 54'',E 118° 3′ 21'',36.7483333333333,118.055833333333
3750,Sinaloa,Sinaloa,Mexico,first-order administrative division,N 25° 0′ 0'',W 107° 30′ 0'',25,-107.5
3751,Culiacán,Sinaloa,Mexico,seat of a first-order administrative division,N 24° 48′ 7'',W 107° 23′ 39'',24.8019444444444,-107.394166666667
3752,Mazatlán,Sinaloa,Mexico,seat of a second-order administrative division,N 23° 13′ 17'',W 106° 25′ 7'',23.2213888888889,-106.418611111111
3753,Los Mochis,Sinaloa,Mexico,seat of a second-order administrative division,N 25° 47′ 27'',W 108° 59′ 53'',25.7908333333333,-108.998055555556
3754,Guasave,Sinaloa,Mexico,seat of a second-order administrative division,N 25° 34′ 4'',W 108° 28′ 10'',25.5677777777778,-108.469444444444
3755,Guamúchil,Sinaloa,Mexico,populated place,N 25° 27′ 31'',W 108° 4′ 38'',25.4586111111111,-108.077222222222
3756,Sinaloa Municipality,Sinaloa,Mexico,second-order administrative division,N 25° 56′ 27'',W 108° 5′ 26'',25.9408333333333,-108.090555555556
3757,Valle del Fuerte Federal International Airport,Sinaloa,Mexico,airport,N 25° 41′ 6'',W 109° 4′ 50'',25.685,-109.080555555556
3758,Culiacán International Airport,Sinaloa,Mexico,airport,N 24° 45′ 52'',W 107° 28′ 29'',24.7644444444444,-107.474722222222
3759,General Rafael Buelna International Airport,Sinaloa,Mexico,airport,N 23° 9′ 40'',W 106° 15′ 57'',23.1611111111111,-106.265833333333
3760,Concordia Municipality,Sinaloa,Mexico,second-order administrative division,N 23° 21′ 45'',W 106° 0′ 5'',23.3625,-106.001388888889
3761,Choix Municipality,Sinaloa,Mexico,second-order administrative division,N 26° 38′ 8'',W 108° 13′ 23'',26.6355555555556,-108.223055555556
3762,Escuinapa Municipality,Sinaloa,Mexico,second-order administrative division,N 22° 44′ 19'',W 105° 43′ 47'',22.7386111111111,-105.729722222222
3763,Mocorito Municipality,Sinaloa,Mexico,second-order administrative division,N 25° 19′ 18'',W 107° 46′ 27'',25.3216666666667,-107.774166666667
3764,San Ignacio Municipality,Sinaloa,Mexico,second-order administrative division,N 23° 57′ 42'',W 106° 24′ 37'',23.9616666666667,-106.410277777778
3765,Navolato Municipality,Sinaloa,Mexico,second-order administrative division,N 24° 44′ 4'',W 107° 40′ 58'',24.7344444444444,-107.682777777778
3766,Angostura Municipality,Sinaloa,Mexico,second-order administrative division,N 25° 17′ 28'',W 108° 7′ 38'',25.2911111111111,-108.127222222222
3767,Navolato,Sinaloa,Mexico,seat of a second-order administrative division,N 24° 46′ 0'',W 107° 41′ 51'',24.7666666666667,-107.6975
3768,Juan José Ríos,Sinaloa,Mexico,seat of a second-order administrative division,N 25° 45′ 25'',W 108° 49′ 27'',25.7569444444444,-108.824166666667
3769,Escuinapa de Hidalgo,Sinaloa,Mexico,seat of a second-order administrative division,N 22° 50′ 5'',W 105° 46′ 39'',22.8347222222222,-105.7775
3770,Costa Rica,Sinaloa,Mexico,populated place,N 24° 35′ 26'',W 107° 23′ 23'',24.5905555555556,-107.389722222222
3771,Gabriel Leyva Solano,Sinaloa,Mexico,populated place,N 25° 39′ 41'',W 108° 38′ 11'',25.6613888888889,-108.636388888889
3772,Adolfo Ruíz Cortínes,Sinaloa,Mexico,populated place,N 25° 45′ 0'',W 108° 45′ 0'',25.75,-108.75
3773,Villa Unión,Sinaloa,Mexico,populated place,N 23° 11′ 23'',W 106° 13′ 10'',23.1897222222222,-106.219444444444
3774,Cosalá Municipality,Sinaloa,Mexico,second-order administrative division,N 24° 28′ 31'',W 106° 46′ 49'',24.4752777777778,-106.780277777778
3775,Culiacán,Sinaloa,Mexico,second-order administrative division,N 24° 42′ 11'',W 107° 21′ 9'',24.7030555555556,-107.3525
3776,Elota,Sinaloa,Mexico,second-order administrative division,N 24° 2′ 4'',W 106° 50′ 41'',24.0344444444444,-106.844722222222
3777,El Fuerte Municipality,Sinaloa,Mexico,second-order administrative division,N 26° 11′ 30'',W 108° 44′ 57'',26.1916666666667,-108.749166666667
3778,Mazatlán Municipality,Sinaloa,Mexico,second-order administrative division,N 23° 13′ 12'',W 106° 25′ 12'',23.22,-106.42
3779,Rosario Municipality,Sinaloa,Mexico,second-order administrative division,N 23° 1′ 3'',W 105° 51′ 27'',23.0175,-105.8575
3780,Guasave Municipality,Sinaloa,Mexico,second-order administrative division,N 25° 34′ 50'',W 108° 30′ 48'',25.5805555555556,-108.513333333333
3781,Palmito del Verde,Sinaloa,Mexico,populated place,N 22° 39′ 31'',W 105° 46′ 16'',22.6586111111111,-105.771111111111
3782,Chirida Hoto,Sinaloa,Mexico,locality,N 24° 38′ 12'',W 107° 29′ 30'',24.6366666666667,-107.491666666667
3783,Cristo Rey,Sinaloa,Mexico,populated place,N 22° 34′ 54'',W 105° 43′ 28'',22.5816666666667,-105.724444444444
3784,Concordia,Sinaloa,Mexico,populated place,N 23° 17′ 13'',W 106° 3′ 50'',23.2869444444444,-106.063888888889
3785,Dautillos,Sinaloa,Mexico,populated place,N 24° 43′ 18'',W 107° 58′ 31'',24.7216666666667,-107.975277777778
3786,Altata,Sinaloa,Mexico,populated place,N 24° 37′ 56'',W 107° 55′ 46'',24.6322222222222,-107.929444444444
3787,La Cruz,Sinaloa,Mexico,populated place,N 23° 55′ 16'',W 106° 53′ 33'',23.9211111111111,-106.8925
3788,Salvador Alvarado Municipality,Sinaloa,Mexico,second-order administrative division,N 25° 25′ 50'',W 108° 4′ 35'',25.4305555555556,-108.076388888889
3789,Ahome Municipality,Sinaloa,Mexico,second-order administrative division,N 25° 53′ 56'',W 109° 4′ 51'',25.8988888888889,-109.080833333333
3790,Badiraguato Municipality,Sinaloa,Mexico,second-order administrative division,N 25° 38′ 21'',W 107° 23′ 45'',25.6391666666667,-107.395833333333
3791,Sinaloa de Leyva,Sinaloa,Mexico,seat of a second-order administrative division,N 25° 49′ 20'',W 108° 13′ 21'',25.8222222222222,-108.2225
3792,San Miguel Zapotitlán,Sinaloa,Mexico,populated place,N 25° 56′ 51'',W 109° 2′ 50'',25.9475,-109.047222222222
3793,El Rosario,Sinaloa,Mexico,seat of a second-order administrative division,N 22° 59′ 25'',W 105° 51′ 15'',22.9902777777778,-105.854166666667
3794,El Fuerte,Sinaloa,Mexico,seat of a second-order administrative division,N 26° 25′ 0'',W 108° 37′ 5'',26.4166666666667,-108.618055555556
3795,La Brecha,Sinaloa,Mexico,populated place,N 25° 22′ 13'',W 108° 25′ 8'',25.3702777777778,-108.418888888889
3796,Higuera de Zaragoza,Sinaloa,Mexico,populated place,N 25° 58′ 7'',W 109° 18′ 7'',25.9686111111111,-109.301944444444
3797,Culiacancito,Sinaloa,Mexico,populated place,N 24° 49′ 29'',W 107° 32′ 4'',24.8247222222222,-107.534444444444
3798,Choix,Sinaloa,Mexico,populated place,N 26° 42′ 32'',W 108° 19′ 31'',26.7088888888889,-108.325277777778
3799,Bachomobampo Número Dos,Sinaloa,Mexico,populated place,N 25° 44′ 22'',W 109° 8′ 46'',25.7394444444444,-109.146111111111
3800,Sioux Falls,South Dakota,United States,seat of a second-order administrative division,N 43° 32′ 37'',W 96° 43′ 40'',43.5436111111111,-96.7277777777778
3801,Pierre,South Dakota,United States,seat of a first-order administrative division,N 44° 22′ 5'',W 100° 21′ 3'',44.3680555555556,-100.350833333333
3802,Rapid City,South Dakota,United States,seat of a second-order administrative division,N 44° 4′ 49'',W 103° 13′ 51'',44.0802777777778,-103.230833333333
3803,Aberdeen,South Dakota,United States,seat of a second-order administrative division,N 45° 27′ 52'',W 98° 29′ 11'',45.4644444444444,-98.4863888888889
3804,South Dakota,South Dakota,United States,first-order administrative division,N 44° 30′ 0'',W 100° 15′ 2'',44.5,-100.250555555556
3805,"Aberdeen, SD Micro Area",South Dakota,United States,economic region,N 45° 31′ 17'',W 98° 41′ 45'',45.5213888888889,-98.6958333333333
3806,"Rapid City, SD Metro Area",South Dakota,United States,economic region,N 44° 19′ 4'',W 102° 45′ 50'',44.3177777777778,-102.763888888889
3807,Spearfish,South Dakota,United States,populated place,N 44° 29′ 26'',W 103° 51′ 33'',44.4905555555556,-103.859166666667
3808,Brookings,South Dakota,United States,seat of a second-order administrative division,N 44° 18′ 40'',W 96° 47′ 54'',44.3111111111111,-96.7983333333333
3809,West Fargo,South Dakota,United States,populated place,N 46° 52′ 29'',W 96° 54′ 1'',46.8747222222222,-96.9002777777778
3810,Lead,South Dakota,United States,populated place,N 44° 21′ 7'',W 103° 45′ 54'',44.3519444444445,-103.765
3811,Vermillion,South Dakota,United States,seat of a second-order administrative division,N 42° 46′ 46'',W 96° 55′ 45'',42.7794444444444,-96.9291666666667
3812,Huron,South Dakota,United States,seat of a second-order administrative division,N 44° 21′ 47'',W 98° 12′ 51'',44.3630555555556,-98.2141666666667
3813,Huron Regional Airport,South Dakota,United States,airport,N 44° 23′ 6'',W 98° 13′ 44'',44.385,-98.2288888888889
3814,Black Hills Airport,South Dakota,United States,airport,N 44° 28′ 46'',W 103° 46′ 50'',44.4794444444445,-103.780555555556
3815,Mobridge Municipal Airport,South Dakota,United States,airport,N 45° 33′ 0'',W 100° 24′ 1'',45.55,-100.400277777778
3816,Pierre Municipal Airport,South Dakota,United States,airport,N 44° 22′ 56'',W 100° 17′ 9'',44.3822222222222,-100.285833333333
3817,Pine Ridge Airport,South Dakota,United States,airport,N 43° 1′ 32'',W 102° 31′ 3'',43.0255555555556,-102.5175
3818,Rapid City Regional Airport,South Dakota,United States,airport,N 44° 2′ 21'',W 103° 3′ 35'',44.0391666666667,-103.059722222222
3819,Watertown Municipal Airport,South Dakota,United States,airport,N 44° 54′ 49'',W 97° 9′ 16'',44.9136111111111,-97.1544444444445
3820,Chan Gurney Municipal Airport,South Dakota,United States,airport,N 42° 54′ 59'',W 97° 23′ 9'',42.9163888888889,-97.3858333333333
3821,Joe Foss Field,South Dakota,United States,airport,N 43° 34′ 52'',W 96° 44′ 30'',43.5811111111111,-96.7416666666667
3822,Madison Municipal Airport,South Dakota,United States,airport,N 44° 0′ 51'',W 97° 5′ 12'',44.0141666666667,-97.0866666666667
3823,Mitchell Municipal Airport,South Dakota,United States,airport,N 43° 46′ 28'',W 98° 2′ 18'',43.7744444444444,-98.0383333333333
3824,Aberdeen Regional Airport,South Dakota,United States,airport,N 45° 26′ 58'',W 98° 25′ 17'',45.4494444444444,-98.4213888888889
3825,Britton Municipal Airport,South Dakota,United States,airport,N 45° 48′ 58'',W 97° 44′ 48'',45.8161111111111,-97.7466666666667
3826,Brookings Municipal Airport,South Dakota,United States,airport,N 44° 18′ 17'',W 96° 48′ 48'',44.3047222222222,-96.8133333333333
3827,Dickinson Municipal Airport,South Dakota,United States,airport,N 46° 47′ 45'',W 102° 48′ 1'',46.7958333333333,-102.800277777778
3828,Custer,South Dakota,United States,seat of a second-order administrative division,N 43° 45′ 59'',W 103° 35′ 55'',43.7663888888889,-103.598611111111
3829,Lemmon Municipal Airport,South Dakota,United States,airport,N 45° 55′ 5'',W 102° 6′ 41'',45.9180555555556,-102.111388888889
3830,Philip Municipal Airport,South Dakota,United States,airport,N 44° 2′ 56'',W 101° 36′ 6'',44.0488888888889,-101.601666666667
3831,Watertown,South Dakota,United States,seat of a second-order administrative division,N 44° 53′ 57'',W 97° 6′ 54'',44.8991666666667,-97.115
3832,Yankton,South Dakota,United States,seat of a second-order administrative division,N 42° 52′ 16'',W 97° 23′ 50'',42.8711111111111,-97.3972222222222
3833,Madison,South Dakota,United States,seat of a second-order administrative division,N 44° 0′ 21'',W 97° 6′ 50'',44.0058333333333,-97.1138888888889
3834,Mitchell,South Dakota,United States,seat of a second-order administrative division,N 43° 42′ 33'',W 98° 1′ 47'',43.7091666666667,-98.0297222222222
3835,Badlands,South Dakota,United States,area,N 43° 45′ 1'',W 99° 23′ 46'',43.7502777777778,-99.3961111111111
3836,Canton Municipal Airport,South Dakota,United States,airport,N 43° 18′ 31'',W 96° 34′ 12'',43.3086111111111,-96.57
3837,"Brookings, SD Micro Area",South Dakota,United States,economic region,N 44° 22′ 10'',W 96° 47′ 25'',44.3694444444445,-96.7902777777778
3838,"Sioux Falls, SD",South Dakota,United States,economic region,N 43° 29′ 59'',W 96° 59′ 24'',43.4997222222222,-96.99
3839,"Spearfish, SD",South Dakota,United States,economic region,N 44° 21′ 31'',W 103° 47′ 32'',44.3586111111111,-103.792222222222
3840,"Yankton, SD",South Dakota,United States,economic region,N 43° 0′ 32'',W 97° 23′ 41'',43.0088888888889,-97.3947222222222
3841,"Vermillion, SD Micro Area",South Dakota,United States,economic region,N 42° 54′ 52'',W 96° 58′ 32'',42.9144444444444,-96.9755555555556
3842,"Mitchell, SD Micro Area",South Dakota,United States,economic region,N 43° 40′ 29'',W 97° 58′ 1'',43.6747222222222,-97.9669444444445
3843,"Huron, SD",South Dakota,United States,economic region,N 44° 18′ 42'',W 98° 22′ 54'',44.3116666666667,-98.3816666666667
3844,"Watertown, SD Micro Area",South Dakota,United States,economic region,N 44° 50′ 52'',W 97° 11′ 18'',44.8477777777778,-97.1883333333333
3845,"Pierre, SD",South Dakota,United States,economic region,N 44° 24′ 15'',W 100° 28′ 49'',44.4041666666667,-100.480277777778
3846,Congressional District (at Large),South Dakota,United States,administrative division,N 44° 26′ 10'',W 100° 13′ 49'',44.4361111111111,-100.230277777778
3847,South Red Iron Lake,South Dakota,United States,lake,N 45° 40′ 18'',W 97° 19′ 6'',45.6716666666667,-97.3183333333333
3848,Scatterwood Lake,South Dakota,United States,lake,N 45° 12′ 6'',W 98° 45′ 14'',45.2016666666667,-98.7538888888889
3849,Rosebud Sioux Tribal Airport,South Dakota,United States,airport,N 43° 15′ 26'',W 100° 51′ 36'',43.2572222222222,-100.86
3850,Tijuana,State of Mexico,Mexico,seat of a second-order administrative division,N 32° 30′ 9'',W 117° 0′ 13'',32.5025,-117.003611111111
3851,Toluca,State of Mexico,Mexico,seat of a first-order administrative division,N 19° 17′ 16'',W 99° 39′ 11'',19.2877777777778,-99.6530555555556
3852,Popocatépetl,State of Mexico,Mexico,mountain,N 19° 1′ 20'',W 98° 37′ 40'',19.0222222222222,-98.6277777777778
3853,Ciudad Nezahualcoyotl,State of Mexico,Mexico,populated place,N 19° 24′ 2'',W 99° 0′ 53'',19.4005555555556,-99.0147222222222
3854,Ecatepec,State of Mexico,Mexico,seat of a second-order administrative division,N 19° 36′ 17'',W 99° 3′ 38'',19.6047222222222,-99.0605555555556
3855,Naucalpan,State of Mexico,Mexico,seat of a second-order administrative division,N 19° 28′ 42'',W 99° 14′ 22'',19.4783333333333,-99.2394444444444
3856,México,State of Mexico,Mexico,first-order administrative division,N 19° 22′ 0'',W 99° 40′ 0'',19.3666666666667,-99.6666666666667
3857,Mexicali,State of Mexico,Mexico,seat of a first-order administrative division,N 32° 37′ 40'',W 115° 27′ 16'',32.6277777777778,-115.454444444444
3858,Texcoco,State of Mexico,Mexico,seat of a second-order administrative division,N 19° 30′ 43'',W 98° 52′ 58'',19.5119444444444,-98.8827777777778
3859,Tlalnepantla,State of Mexico,Mexico,populated place,N 19° 32′ 24'',W 99° 11′ 43'',19.54,-99.1952777777778
3860,Cuautitlán Izcalli,State of Mexico,Mexico,populated place,N 19° 38′ 38'',W 99° 12′ 57'',19.6438888888889,-99.2158333333333
3861,Santa María Chimalhuacán,State of Mexico,Mexico,populated place,N 19° 25′ 17'',W 98° 57′ 1'',19.4213888888889,-98.9502777777778
3862,Chicoloapan,State of Mexico,Mexico,seat of a second-order administrative division,N 19° 25′ 0'',W 98° 54′ 7'',19.4166666666667,-98.9019444444445
3863,Chalco,State of Mexico,Mexico,seat of a second-order administrative division,N 19° 15′ 42'',W 98° 53′ 51'',19.2616666666667,-98.8975
3864,Zumpango,State of Mexico,Mexico,populated place,N 19° 47′ 48'',W 99° 5′ 58'',19.7966666666667,-99.0994444444444
3865,Volcán Nevado de Toluca,State of Mexico,Mexico,volcano,N 19° 6′ 30'',W 99° 45′ 30'',19.1083333333333,-99.7583333333333
3866,Ojo de Agua,State of Mexico,Mexico,populated place,N 19° 40′ 49'',W 99° 0′ 36'',19.6802777777778,-99.01
3867,Buenavista,State of Mexico,Mexico,populated place,N 19° 36′ 30'',W 99° 10′ 10'',19.6083333333333,-99.1694444444445
3868,Tepexpan,State of Mexico,Mexico,populated place,N 19° 36′ 49'',W 98° 56′ 11'',19.6136111111111,-98.9363888888889
3869,Ciudad Nicolás Romero,State of Mexico,Mexico,seat of a second-order administrative division,N 19° 38′ 30'',W 99° 18′ 24'',19.6416666666667,-99.3066666666667
3870,Ciudad López Mateos,State of Mexico,Mexico,seat of a second-order administrative division,N 19° 33′ 28'',W 99° 15′ 24'',19.5577777777778,-99.2566666666667
3871,Los Reyes Acaquilpan,State of Mexico,Mexico,seat of a second-order administrative division,N 19° 21′ 48'',W 98° 58′ 37'',19.3633333333333,-98.9769444444444
3872,Coacalco,State of Mexico,Mexico,seat of a second-order administrative division,N 19° 37′ 45'',W 99° 6′ 24'',19.6291666666667,-99.1066666666667
3873,San Pablo de las Salinas,State of Mexico,Mexico,populated place,N 19° 39′ 59'',W 99° 5′ 41'',19.6663888888889,-99.0947222222222
3874,Baja California,State of Mexico,Mexico,first-order administrative division,N 30° 0′ 0'',W 115° 0′ 0'',30,-115
3875,Xico,State of Mexico,Mexico,seat of a second-order administrative division,N 19° 16′ 13'',W 98° 57′ 3'',19.2702777777778,-98.9508333333333
3876,Cuautitlán,State of Mexico,Mexico,seat of a second-order administrative division,N 19° 40′ 13'',W 99° 10′ 47'',19.6702777777778,-99.1797222222222
3877,Colonia Lindavista,State of Mexico,Mexico,section of populated place,N 19° 29′ 29'',W 99° 7′ 29'',19.4913888888889,-99.1247222222222
3878,Fuentes del Valle,State of Mexico,Mexico,populated place,N 19° 37′ 57'',W 99° 8′ 19'',19.6325,-99.1386111111111
3879,Santa Lucía Air Force Base Num 1,State of Mexico,Mexico,airport,N 19° 45′ 23'',W 99° 0′ 54'',19.7563888888889,-99.015
3880,Huixquilucan,State of Mexico,Mexico,populated place,N 19° 21′ 35'',W 99° 21′ 0'',19.3597222222222,-99.35
3881,Santiago Teyahualco,State of Mexico,Mexico,populated place,N 19° 39′ 35'',W 99° 7′ 29'',19.6597222222222,-99.1247222222222
3882,Ensenada,State of Mexico,Mexico,seat of a second-order administrative division,N 31° 52′ 17'',W 116° 36′ 2'',31.8713888888889,-116.600555555556
3883,Ensenada Municipality,State of Mexico,Mexico,second-order administrative division,N 31° 52′ 0'',W 116° 37′ 0'',31.8666666666667,-116.616666666667
3884,Toluca Airport,State of Mexico,Mexico,airport,N 19° 20′ 13'',W 99° 33′ 57'',19.3369444444444,-99.5658333333333
3885,Rosarito,State of Mexico,Mexico,populated place,N 32° 21′ 37'',W 117° 2′ 47'',32.3602777777778,-117.046388888889
3886,Mexicali Municipality,State of Mexico,Mexico,second-order administrative division,N 32° 30′ 18'',W 115° 8′ 51'',32.505,-115.1475
3887,San Mateo Atenco,State of Mexico,Mexico,seat of a second-order administrative division,N 19° 16′ 3'',W 99° 31′ 55'',19.2675,-99.5319444444445
3888,Zinacantepec,State of Mexico,Mexico,seat of a second-order administrative division,N 19° 17′ 3'',W 99° 44′ 2'',19.2841666666667,-99.7338888888889
3889,Metepec,State of Mexico,Mexico,seat of a second-order administrative division,N 19° 15′ 33'',W 99° 36′ 6'',19.2591666666667,-99.6016666666667
3890,Ixtapaluca,State of Mexico,Mexico,seat of a second-order administrative division,N 19° 18′ 56'',W 98° 52′ 58'',19.3155555555556,-98.8827777777778
3891,Tejupilco de Hidalgo,State of Mexico,Mexico,seat of a second-order administrative division,N 18° 54′ 17'',W 100° 9′ 9'',18.9047222222222,-100.1525
3892,San Miguel Coatlinchán,State of Mexico,Mexico,populated place,N 19° 26′ 59'',W 98° 52′ 21'',19.4497222222222,-98.8725
3893,Tultepec,State of Mexico,Mexico,populated place,N 19° 41′ 6'',W 99° 7′ 41'',19.685,-99.1280555555556
3894,Santa Catarina Ayotzingo,State of Mexico,Mexico,populated place,N 19° 12′ 34'',W 98° 55′ 47'',19.2094444444444,-98.9297222222222
3895,San Pablo Atlazalpan,State of Mexico,Mexico,populated place,N 19° 13′ 2'',W 98° 54′ 27'',19.2172222222222,-98.9075
3896,Amecameca de Juárez,State of Mexico,Mexico,populated place,N 19° 7′ 25'',W 98° 45′ 59'',19.1236111111111,-98.7663888888889
3897,Jilotepec de Molina Enríquez,State of Mexico,Mexico,populated place,N 19° 57′ 7'',W 99° 31′ 58'',19.9519444444444,-99.5327777777778
3898,Huehuetoca,State of Mexico,Mexico,populated place,N 19° 49′ 41'',W 99° 12′ 13'',19.8280555555556,-99.2036111111111
3899,Chiconcuac,State of Mexico,Mexico,populated place,N 19° 33′ 33'',W 98° 53′ 55'',19.5591666666667,-98.8986111111111
3900,Stavropol,Stavropol Krai,Russia,seat of a first-order administrative division,N 45° 2′ 3'',E 41° 57′ 51'',45.0341666666667,41.9641666666667
3901,Stavropol Kray,Stavropol Krai,Russia,first-order administrative division,N 44° 57′ 0'',E 43° 20′ 30'',44.95,43.3416666666667
3902,Nevinnomyssk,Stavropol Krai,Russia,seat of a second-order administrative division,N 44° 37′ 59'',E 41° 56′ 39'',44.6330555555556,41.9441666666667
3903,Kislovodsk,Stavropol Krai,Russia,seat of a second-order administrative division,N 43° 54′ 48'',E 42° 43′ 15'',43.9133333333333,42.7208333333333
3904,Pyatigorsk,Stavropol Krai,Russia,seat of a second-order administrative division,N 44° 3′ 0'',E 43° 3′ 1'',44.05,43.0502777777778
3905,Mineralnye Vody,Stavropol Krai,Russia,populated place,N 44° 12′ 37'',E 43° 8′ 7'',44.2102777777778,43.1352777777778
3906,Yessentuki,Stavropol Krai,Russia,seat of a second-order administrative division,N 44° 2′ 53'',E 42° 51′ 23'',44.0480555555556,42.8563888888889
3907,Neftekumsk,Stavropol Krai,Russia,populated place,N 44° 45′ 21'',E 44° 59′ 33'',44.7558333333333,44.9925
3908,Budyonnovsk,Stavropol Krai,Russia,populated place,N 44° 47′ 2'',E 44° 9′ 57'',44.7838888888889,44.1658333333333
3909,Georgiyevsk,Stavropol Krai,Russia,seat of a second-order administrative division,N 44° 8′ 57'',E 43° 28′ 12'',44.1491666666667,43.47
3910,Novoaleksandrovsk,Stavropol Krai,Russia,seat of a second-order administrative division,N 45° 29′ 50'',E 41° 13′ 31'',45.4972222222222,41.2252777777778
3911,Svetlograd,Stavropol Krai,Russia,seat of a second-order administrative division,N 45° 19′ 38'',E 42° 51′ 22'',45.3272222222222,42.8561111111111
3912,Mikhaylovsk,Stavropol Krai,Russia,seat of a second-order administrative division,N 45° 7′ 51'',E 42° 1′ 37'',45.1308333333333,42.0269444444444
3913,Zelenokumsk,Stavropol Krai,Russia,seat of a second-order administrative division,N 44° 24′ 37'',E 43° 52′ 48'',44.4102777777778,43.88
3914,Izobilnyi,Stavropol Krai,Russia,seat of a second-order administrative division,N 45° 21′ 59'',E 41° 42′ 32'',45.3663888888889,41.7088888888889
3915,Ipatovo,Stavropol Krai,Russia,seat of a second-order administrative division,N 45° 43′ 4'',E 42° 54′ 22'',45.7177777777778,42.9061111111111
3916,Aleksandrovskoye,Stavropol Krai,Russia,seat of a second-order administrative division,N 44° 42′ 51'',E 43° 0′ 3'',44.7141666666667,43.0008333333333
3917,Novopavlovsk,Stavropol Krai,Russia,seat of a second-order administrative division,N 43° 57′ 33'',E 43° 37′ 53'',43.9591666666667,43.6313888888889
3918,Lermontov,Stavropol Krai,Russia,seat of a second-order administrative division,N 44° 6′ 25'',E 42° 58′ 40'',44.1069444444444,42.9777777777778
3919,Blagodarnyy,Stavropol Krai,Russia,seat of a second-order administrative division,N 45° 5′ 52'',E 43° 26′ 11'',45.0977777777778,43.4363888888889
3920,Stavropol Shpakovskoye Airport,Stavropol Krai,Russia,airport,N 45° 6′ 33'',E 42° 6′ 46'',45.1091666666667,42.1127777777778
3921,Mineralnye Vody Airport,Stavropol Krai,Russia,airport,N 44° 13′ 30'',E 43° 4′ 54'',44.225,43.0816666666667
3922,Kochubeyevskoye,Stavropol Krai,Russia,populated place,N 44° 38′ 39'',E 41° 50′ 43'',44.6441666666667,41.8452777777778
3923,Goryachevodskiy,Stavropol Krai,Russia,populated place,N 44° 1′ 25'',E 43° 5′ 32'',44.0236111111111,43.0922222222222
3924,Inozemtsevo,Stavropol Krai,Russia,populated place,N 44° 5′ 33'',E 43° 5′ 28'',44.0925,43.0911111111111
3925,Lysogorskaya,Stavropol Krai,Russia,populated place,N 44° 6′ 23'',E 43° 16′ 32'',44.1063888888889,43.2755555555556
3926,Divnoye,Stavropol Krai,Russia,seat of a second-order administrative division,N 45° 54′ 35'',E 43° 20′ 57'',45.9097222222222,43.3491666666667
3927,Zheleznovodsk,Stavropol Krai,Russia,seat of a second-order administrative division,N 44° 8′ 35'',E 43° 0′ 17'',44.1430555555556,43.0047222222222
3928,Krasnogvardeyskoye,Stavropol Krai,Russia,seat of a second-order administrative division,N 45° 50′ 41'',E 41° 31′ 2'',45.8447222222222,41.5172222222222
3929,Gorodskoy Okrug Stavropol’,Stavropol Krai,Russia,second-order administrative division,N 45° 2′ 52'',E 41° 55′ 15'',45.0477777777778,41.9208333333333
3930,Solnechnodol'sk,Stavropol Krai,Russia,populated place,N 45° 19′ 4'',E 41° 32′ 26'',45.3177777777778,41.5405555555556
3931,Grigoropolisskaya,Stavropol Krai,Russia,populated place,N 45° 17′ 50'',E 41° 3′ 24'',45.2972222222222,41.0566666666667
3932,Grazhdanskoye,Stavropol Krai,Russia,populated place,N 44° 13′ 48'',E 42° 46′ 11'',44.23,42.7697222222222
3933,Arzgir,Stavropol Krai,Russia,seat of a second-order administrative division,N 45° 22′ 26'',E 44° 13′ 11'',45.3738888888889,44.2197222222222
3934,Aleksandriyskaya,Stavropol Krai,Russia,populated place,N 44° 13′ 38'',E 43° 20′ 43'',44.2272222222222,43.3452777777778
3935,Donskoye,Stavropol Krai,Russia,seat of a second-order administrative division,N 45° 27′ 12'',E 41° 58′ 20'',45.4533333333333,41.9722222222222
3936,Dmitriyevskoye,Stavropol Krai,Russia,populated place,N 45° 48′ 19'',E 41° 53′ 48'',45.8052777777778,41.8966666666667
3937,Gofitskoye,Stavropol Krai,Russia,populated place,N 45° 4′ 45'',E 43° 2′ 47'',45.0791666666667,43.0463888888889
3938,Georgiyevsky District,Stavropol Krai,Russia,second-order administrative division,N 44° 17′ 0'',E 43° 26′ 5'',44.2833333333333,43.4347222222222
3939,Etoka,Stavropol Krai,Russia,populated place,N 43° 54′ 46'',E 43° 2′ 13'',43.9127777777778,43.0369444444444
3940,Balakhonovskoye,Stavropol Krai,Russia,populated place,N 44° 46′ 36'',E 41° 47′ 3'',44.7766666666667,41.7841666666667
3941,Praskoveya,Stavropol Krai,Russia,populated place,N 44° 44′ 40'',E 44° 12′ 11'',44.7444444444445,44.2030555555556
3942,Pokoynoye,Stavropol Krai,Russia,populated place,N 44° 48′ 35'',E 44° 15′ 6'',44.8097222222222,44.2516666666667
3943,Soldato-Aleksandrovskoye,Stavropol Krai,Russia,populated place,N 44° 15′ 55'',E 43° 45′ 22'',44.2652777777778,43.7561111111111
3944,Nezlobnaya,Stavropol Krai,Russia,populated place,N 44° 7′ 5'',E 43° 24′ 10'',44.1180555555556,43.4027777777778
3945,Neftekumsky District,Stavropol Krai,Russia,second-order administrative division,N 44° 40′ 0'',E 44° 55′ 0'',44.6666666666667,44.9166666666667
3946,Nagutskoye,Stavropol Krai,Russia,populated place,N 44° 26′ 29'',E 42° 52′ 34'',44.4413888888889,42.8761111111111
3947,Yessentukskaya,Stavropol Krai,Russia,seat of a second-order administrative division,N 44° 1′ 33'',E 42° 52′ 29'',44.0258333333333,42.8747222222222
3948,Svobody,Stavropol Krai,Russia,populated place,N 44° 1′ 32'',E 43° 3′ 1'',44.0255555555556,43.0502777777778
3949,Suvorovskaya,Stavropol Krai,Russia,populated place,N 44° 11′ 24'',E 42° 39′ 34'',44.19,42.6594444444444
3950,Sumy,Sumy,Ukraine,seat of a first-order administrative division,N 50° 55′ 2'',E 34° 47′ 56'',50.9172222222222,34.7988888888889
3951,Sumy,Sumy,Ukraine,first-order administrative division,N 51° 5′ 0'',E 34° 2′ 0'',51.0833333333333,34.0333333333333
3952,Hlukhiv,Sumy,Ukraine,populated place,N 51° 40′ 41'',E 33° 54′ 58'',51.6780555555556,33.9161111111111
3953,Konotop,Sumy,Ukraine,seat of a second-order administrative division,N 51° 14′ 25'',E 33° 12′ 9'',51.2402777777778,33.2025
3954,Sumy Airport,Sumy,Ukraine,airport,N 50° 51′ 29'',E 34° 45′ 45'',50.8580555555556,34.7625
3955,Lebedyn,Sumy,Ukraine,populated place,N 50° 35′ 6'',E 34° 29′ 5'',50.585,34.4847222222222
3956,Romny,Sumy,Ukraine,seat of a second-order administrative division,N 50° 45′ 3'',E 33° 28′ 29'',50.7508333333333,33.4747222222222
3957,Svesa,Sumy,Ukraine,populated place,N 51° 57′ 8'',E 33° 56′ 8'',51.9522222222222,33.9355555555556
3958,Okhtyrka,Sumy,Ukraine,seat of a second-order administrative division,N 50° 18′ 37'',E 34° 53′ 55'',50.3102777777778,34.8986111111111
3959,Shostka,Sumy,Ukraine,seat of a second-order administrative division,N 51° 51′ 46'',E 33° 28′ 11'',51.8627777777778,33.4697222222222
3960,Bilopillya,Sumy,Ukraine,populated place,N 51° 9′ 0'',E 34° 18′ 46'',51.15,34.3127777777778
3961,Sumskyi Raion,Sumy,Ukraine,second-order administrative division,N 50° 52′ 12'',E 34° 42′ 0'',50.87,34.7
3962,Chernetchina,Sumy,Ukraine,populated place,N 50° 18′ 21'',E 34° 48′ 31'',50.3058333333333,34.8086111111111
3963,Trostyanets',Sumy,Ukraine,populated place,N 50° 29′ 5'',E 34° 57′ 56'',50.4847222222222,34.9655555555556
3964,Okhtyrskiy Rayon,Sumy,Ukraine,second-order administrative division,N 50° 15′ 0'',E 34° 50′ 0'',50.25,34.8333333333333
3965,Krolevets,Sumy,Ukraine,populated place,N 51° 32′ 51'',E 33° 23′ 5'',51.5475,33.3847222222222
3966,Khutir-Mykhailivskyi,Sumy,Ukraine,populated place,N 52° 2′ 51'',E 33° 56′ 43'',52.0475,33.9452777777778
3967,Esman,Sumy,Ukraine,populated place,N 51° 46′ 12'',E 34° 4′ 2'',51.77,34.0672222222222
3968,Chervone,Sumy,Ukraine,populated place,N 52° 16′ 3'',E 33° 27′ 14'',52.2675,33.4538888888889
3969,Romny Raion,Sumy,Ukraine,second-order administrative division,N 50° 43′ 48'',E 33° 39′ 36'',50.73,33.66
3970,Putyvl',Sumy,Ukraine,populated place,N 51° 20′ 14'',E 33° 52′ 14'',51.3372222222222,33.8705555555556
3971,Shalyhyne,Sumy,Ukraine,populated place,N 51° 34′ 18'',E 34° 7′ 18'',51.5716666666667,34.1216666666667
3972,Seredino-Budskiy Rayon,Sumy,Ukraine,historical second-order administrative division,N 52° 10′ 0'',E 33° 55′ 0'',52.1666666666667,33.9166666666667
3973,Seredyna-Buda,Sumy,Ukraine,populated place,N 52° 11′ 19'',E 34° 2′ 10'',52.1886111111111,34.0361111111111
3974,Mykolayivka,Sumy,Ukraine,populated place,N 50° 56′ 52'',E 34° 22′ 41'',50.9477777777778,34.3780555555556
3975,Shostkyns’ka Mis’krada,Sumy,Ukraine,second-order administrative division,N 51° 52′ 14'',E 33° 29′ 16'',51.8705555555556,33.4877777777778
3976,Romens’ka Mis’krada,Sumy,Ukraine,historical second-order administrative division,N 50° 44′ 35'',E 33° 28′ 58'',50.7430555555556,33.4827777777778
3977,Okhtyrs’ka Mis’krada,Sumy,Ukraine,historical second-order administrative division,N 50° 18′ 44'',E 34° 54′ 0'',50.3122222222222,34.9
3978,Lebedyns’ka Mis’krada,Sumy,Ukraine,historical second-order administrative division,N 50° 35′ 39'',E 34° 28′ 49'',50.5941666666667,34.4802777777778
3979,Hlukhivs’ka Mis’krada,Sumy,Ukraine,historical second-order administrative division,N 51° 40′ 27'',E 33° 53′ 51'',51.6741666666667,33.8975
3980,Sums’ka Mis’krada,Sumy,Ukraine,historical second-order administrative division,N 50° 55′ 5'',E 34° 48′ 24'',50.9180555555556,34.8066666666667
3981,Makiyivka,Sumy,Ukraine,populated place,N 51° 14′ 7'',E 34° 35′ 32'',51.2352777777778,34.5922222222222
3982,Znob-Novhorods'ke,Sumy,Ukraine,populated place,N 52° 15′ 46'',E 33° 36′ 5'',52.2627777777778,33.6013888888889
3983,Konotop City Council,Sumy,Ukraine,second-order administrative division,N 51° 12′ 30'',E 33° 13′ 43'',51.2083333333333,33.2286111111111
3984,Afanas'yevka,Sumy,Ukraine,populated place,N 50° 37′ 5'',E 33° 48′ 19'',50.6180555555556,33.8052777777778
3985,Mala Korchakivka,Sumy,Ukraine,populated place,N 51° 5′ 44'',E 34° 52′ 20'',51.0955555555556,34.8722222222222
3986,Bolotyshyne,Sumy,Ukraine,populated place,N 50° 49′ 52'',E 34° 23′ 57'',50.8311111111111,34.3991666666667
3987,Urochishche Kholsty,Sumy,Ukraine,area,N 52° 8′ 32'',E 33° 21′ 21'',52.1422222222222,33.3558333333333
3988,Vasylivske,Sumy,Ukraine,populated place,N 52° 17′ 1'',E 33° 29′ 18'',52.2836111111111,33.4883333333333
3989,Sopych,Sumy,Ukraine,populated place,N 51° 51′ 1'',E 34° 21′ 39'',51.8502777777778,34.3608333333333
3990,Kamennoye,Sumy,Ukraine,populated place,N 50° 27′ 22'',E 34° 17′ 31'',50.4561111111111,34.2919444444444
3991,Kamianka,Sumy,Ukraine,populated place,N 52° 5′ 47'',E 33° 53′ 16'',52.0963888888889,33.8877777777778
3992,Kaliivka,Sumy,Ukraine,populated place,N 52° 3′ 46'',E 33° 32′ 39'',52.0627777777778,33.5441666666667
3993,Hlazove,Sumy,Ukraine,populated place,N 52° 7′ 37'',E 33° 29′ 4'',52.1269444444445,33.4844444444444
3994,Boromlya,Sumy,Ukraine,populated place,N 50° 37′ 6'',E 34° 58′ 13'',50.6183333333333,34.9702777777778
3995,Bol'shiye Budki,Sumy,Ukraine,populated place,N 50° 52′ 49'',E 34° 2′ 10'',50.8802777777778,34.0361111111111
3996,Bezhevka,Sumy,Ukraine,populated place,N 51° 0′ 10'',E 33° 45′ 48'',51.0027777777778,33.7633333333333
3997,Anno-Ternovskaya,Sumy,Ukraine,populated place,N 51° 1′ 30'',E 34° 5′ 13'',51.025,34.0869444444445
3998,Andriyivka,Sumy,Ukraine,populated place,N 50° 30′ 54'',E 33° 31′ 6'',50.515,33.5183333333333
3999,Kirikovka,Sumy,Ukraine,populated place,N 50° 21′ 50'',E 35° 6′ 53'',50.3638888888889,35.1147222222222
4000,Tambov,Tambov,Russia,seat of a first-order administrative division,N 52° 44′ 10'',E 41° 26′ 27'',52.7361111111111,41.4408333333333
4001,Tambov Oblast,Tambov,Russia,first-order administrative division,N 52° 41′ 0'',E 41° 35′ 0'',52.6833333333333,41.5833333333333
4002,Michurinsk,Tambov,Russia,seat of a second-order administrative division,N 52° 54′ 27'',E 40° 28′ 56'',52.9075,40.4822222222222
4003,Tambov Donskoye Airport,Tambov,Russia,airport,N 52° 48′ 21'',E 41° 28′ 58'',52.8058333333333,41.4827777777778
4004,Rasskazovo,Tambov,Russia,seat of a second-order administrative division,N 52° 39′ 49'',E 41° 53′ 20'',52.6636111111111,41.8888888888889
4005,Morshansk,Tambov,Russia,seat of a second-order administrative division,N 53° 26′ 35'',E 41° 48′ 38'',53.4430555555556,41.8105555555556
4006,Kirsanov,Tambov,Russia,seat of a second-order administrative division,N 52° 39′ 3'',E 42° 44′ 5'',52.6508333333333,42.7347222222222
4007,Kotovsk,Tambov,Russia,seat of a second-order administrative division,N 52° 35′ 25'',E 41° 30′ 9'',52.5902777777778,41.5025
4008,Pervomayskiy,Tambov,Russia,seat of a second-order administrative division,N 53° 14′ 46'',E 40° 17′ 20'',53.2461111111111,40.2888888888889
4009,Uvarovo,Tambov,Russia,seat of a second-order administrative division,N 51° 58′ 55'',E 42° 15′ 42'',51.9819444444444,42.2616666666667
4010,Gorodskoy Okrug Tambov,Tambov,Russia,second-order administrative division,N 52° 44′ 2'',E 41° 25′ 33'',52.7338888888889,41.4258333333333
4011,Urochishche Ivachovka,Tambov,Russia,area,N 51° 50′ 9'',E 41° 42′ 6'',51.8358333333333,41.7016666666667
4012,Urochishche Filippovichi,Tambov,Russia,area,N 51° 51′ 36'',E 41° 14′ 12'',51.86,41.2366666666667
4013,Karamysh,Tambov,Russia,area,N 51° 56′ 19'',E 41° 56′ 40'',51.9386111111111,41.9444444444444
4014,Urochishche Kharevka,Tambov,Russia,area,N 51° 54′ 34'',E 41° 8′ 1'',51.9094444444444,41.1336111111111
4015,Urochishche Krasnyy Svet,Tambov,Russia,area,N 51° 59′ 42'',E 41° 48′ 29'',51.995,41.8080555555556
4016,Urochishche Chegarak,Tambov,Russia,area,N 51° 44′ 27'',E 41° 59′ 24'',51.7408333333333,41.99
4017,Bondarsky District,Tambov,Russia,second-order administrative division,N 52° 59′ 8'',E 42° 4′ 15'',52.9855555555556,42.0708333333333
4018,Urochishche Bol’shoy Kust,Tambov,Russia,area,N 51° 55′ 39'',E 41° 10′ 8'',51.9275,41.1688888888889
4019,Inzhavino,Tambov,Russia,seat of a second-order administrative division,N 52° 19′ 11'',E 42° 29′ 29'',52.3197222222222,42.4913888888889
4020,Urochishche Annovka,Tambov,Russia,area,N 52° 13′ 10'',E 41° 6′ 48'',52.2194444444445,41.1133333333333
4021,Urochishche Alëkhinskiye Vyselki,Tambov,Russia,area,N 52° 14′ 5'',E 41° 16′ 20'',52.2347222222222,41.2722222222222
4022,Urochishche Aldonina,Tambov,Russia,area,N 52° 9′ 28'',E 41° 5′ 29'',52.1577777777778,41.0913888888889
4023,Urochishche Chesnochnyy,Tambov,Russia,area,N 51° 51′ 36'',E 41° 32′ 53'',51.86,41.5480555555556
4024,Urochishche Bashkirskiy,Tambov,Russia,area,N 52° 7′ 33'',E 41° 50′ 51'',52.1258333333333,41.8475
4025,Pichayevo,Tambov,Russia,seat of a second-order administrative division,N 53° 14′ 4'',E 42° 12′ 12'',53.2344444444444,42.2033333333333
4026,Urochishche Fëdorovka Pervaya,Tambov,Russia,area,N 51° 50′ 36'',E 41° 16′ 8'',51.8433333333333,41.2688888888889
4027,Urochishche Potlovka,Tambov,Russia,area,N 52° 19′ 15'',E 41° 1′ 15'',52.3208333333333,41.0208333333333
4028,Urochishche Kalinina,Tambov,Russia,area,N 51° 52′ 31'',E 41° 13′ 38'',51.8752777777778,41.2272222222222
4029,Urochishche Novopokrovskiy,Tambov,Russia,area,N 51° 55′ 4'',E 41° 53′ 39'',51.9177777777778,41.8941666666667
4030,Urochishche Novaya Zhizn’,Tambov,Russia,area,N 52° 17′ 52'',E 41° 23′ 47'',52.2977777777778,41.3963888888889
4031,Urochishche Novaya Zhizn’,Tambov,Russia,area,N 51° 52′ 36'',E 41° 56′ 32'',51.8766666666667,41.9422222222222
4032,Urochishche Novaya Vershina,Tambov,Russia,area,N 52° 6′ 45'',E 41° 41′ 43'',52.1125,41.6952777777778
4033,Staroyur'yevo,Tambov,Russia,seat of a second-order administrative division,N 53° 19′ 10'',E 40° 42′ 8'',53.3194444444445,40.7022222222222
4034,Sosnovka,Tambov,Russia,seat of a second-order administrative division,N 53° 13′ 51'',E 41° 21′ 56'',53.2308333333333,41.3655555555556
4035,Urochishche Pchela,Tambov,Russia,area,N 52° 6′ 19'',E 41° 10′ 32'',52.1052777777778,41.1755555555556
4036,Urochishche Novyy Put’,Tambov,Russia,area,N 52° 16′ 23'',E 41° 25′ 59'',52.2730555555556,41.4330555555556
4037,Urochishche Novyy Karachan,Tambov,Russia,area,N 51° 45′ 11'',E 41° 46′ 26'',51.7530555555556,41.7738888888889
4038,Rasskazovsky District,Tambov,Russia,second-order administrative division,N 52° 36′ 25'',E 41° 56′ 40'',52.6069444444444,41.9444444444444
4039,Urochishche Pyatnitskiy,Tambov,Russia,area,N 52° 11′ 44'',E 41° 50′ 4'',52.1955555555556,41.8344444444444
4040,Urochishche Sbornaya,Tambov,Russia,area,N 52° 22′ 33'',E 41° 46′ 50'',52.3758333333333,41.7805555555556
4041,Sampursky District,Tambov,Russia,second-order administrative division,N 52° 16′ 4'',E 41° 40′ 45'',52.2677777777778,41.6791666666667
4042,Urochishche Sergeyevka,Tambov,Russia,area,N 52° 28′ 8'',E 41° 49′ 13'',52.4688888888889,41.8202777777778
4043,Urochishche Rudninskiy,Tambov,Russia,area,N 52° 10′ 0'',E 41° 42′ 0'',52.1666666666667,41.7
4044,Urochishche Lisitsyny Luzhki,Tambov,Russia,area,N 51° 59′ 39'',E 41° 53′ 8'',51.9941666666667,41.8855555555556
4045,Urochishche Selivërstovka,Tambov,Russia,area,N 52° 28′ 26'',E 40° 54′ 1'',52.4738888888889,40.9002777777778
4046,Urochishche Surin,Tambov,Russia,area,N 51° 43′ 11'',E 41° 48′ 43'',51.7197222222222,41.8119444444444
4047,Urochishche Stepnoy,Tambov,Russia,area,N 52° 14′ 17'',E 41° 53′ 41'',52.2380555555556,41.8947222222222
4048,Urochishche Yashcherka,Tambov,Russia,area,N 52° 0′ 25'',E 41° 24′ 26'',52.0069444444444,41.4072222222222
4049,Tokaryovsky District,Tambov,Russia,second-order administrative division,N 52° 1′ 26'',E 41° 11′ 50'',52.0238888888889,41.1972222222222
4050,Chennai,Tamil Nadu,India,seat of a first-order administrative division,N 13° 5′ 16'',E 80° 16′ 42'',13.0877777777778,80.2783333333333
4051,Tamil Nadu,Tamil Nadu,India,first-order administrative division,N 11° 0′ 0'',E 78° 20′ 0'',11,78.3333333333333
4052,Tiruchchirappalli,Tamil Nadu,India,populated place,N 10° 48′ 55'',E 78° 41′ 47'',10.8152777777778,78.6963888888889
4053,Salem,Tamil Nadu,India,populated place,N 11° 39′ 13'',E 78° 9′ 19'',11.6536111111111,78.1552777777778
4054,Madurai,Tamil Nadu,India,seat of a second-order administrative division,N 9° 55′ 8'',E 78° 7′ 10'',9.91888888888889,78.1194444444444
4055,Erode,Tamil Nadu,India,populated place,N 11° 20′ 34'',E 77° 43′ 38'',11.3427777777778,77.7272222222222
4056,Coimbatore,Tamil Nadu,India,populated place,N 11° 0′ 20'',E 76° 57′ 58'',11.0055555555556,76.9661111111111
4057,Tirupur,Tamil Nadu,India,populated place,N 11° 6′ 55'',E 77° 21′ 16'',11.1152777777778,77.3544444444444
4058,Tirunelveli,Tamil Nadu,India,seat of a second-order administrative division,N 8° 43′ 38'',E 77° 41′ 1'',8.72722222222222,77.6836111111111
4059,Kumbakonam,Tamil Nadu,India,populated place,N 10° 57′ 43'',E 79° 23′ 28'',10.9619444444444,79.3911111111111
4060,Sivakasi,Tamil Nadu,India,populated place,N 9° 27′ 0'',E 77° 47′ 52'',9.45,77.7977777777778
4061,Nagapattinam,Tamil Nadu,India,populated place,N 10° 45′ 49'',E 79° 50′ 35'',10.7636111111111,79.8430555555556
4062,Pudukkottai,Tamil Nadu,India,populated place,N 10° 22′ 52'',E 78° 49′ 17'',10.3811111111111,78.8213888888889
4063,Dindigul,Tamil Nadu,India,populated place,N 10° 22′ 8'',E 77° 58′ 49'',10.3688888888889,77.9802777777778
4064,Cuddalore,Tamil Nadu,India,populated place,N 11° 45′ 22'',E 79° 46′ 0'',11.7561111111111,79.7666666666667
4065,Vellore,Tamil Nadu,India,populated place,N 12° 55′ 6'',E 79° 7′ 57'',12.9183333333333,79.1325
4066,Udhagamandalam,Tamil Nadu,India,populated place,N 11° 24′ 48'',E 76° 41′ 42'',11.4133333333333,76.695
4067,Srivilliputhur,Tamil Nadu,India,populated place,N 9° 30′ 45'',E 77° 38′ 1'',9.5125,77.6336111111111
4068,Thoothukudi,Tamil Nadu,India,populated place,N 8° 46′ 2'',E 78° 8′ 3'',8.76722222222222,78.1341666666667
4069,Neelankarai,Tamil Nadu,India,populated place,N 12° 56′ 58'',E 80° 15′ 33'',12.9494444444444,80.2591666666667
4070,Nagercoil,Tamil Nadu,India,populated place,N 8° 10′ 44'',E 77° 25′ 56'',8.17888888888889,77.4322222222222
4071,Neyveli,Tamil Nadu,India,populated place,N 11° 36′ 31'',E 79° 29′ 57'',11.6086111111111,79.4991666666667
4072,Tiruvannamalai,Tamil Nadu,India,populated place,N 12° 13′ 35'',E 79° 4′ 28'',12.2263888888889,79.0744444444444
4073,Theni,Tamil Nadu,India,section of populated place,N 10° 0′ 40'',E 77° 28′ 39'',10.0111111111111,77.4775
4074,Ambur,Tamil Nadu,India,populated place,N 12° 47′ 29'',E 78° 42′ 59'',12.7913888888889,78.7163888888889
4075,Madhavaram,Tamil Nadu,India,populated place,N 13° 8′ 53'',E 80° 13′ 53'',13.1480555555556,80.2313888888889
4076,Karur,Tamil Nadu,India,populated place,N 10° 57′ 27'',E 78° 4′ 51'',10.9575,78.0808333333333
4077,Kanchipuram,Tamil Nadu,India,populated place,N 12° 50′ 6'',E 79° 42′ 0'',12.835,79.7
4078,Chidambaram,Tamil Nadu,India,populated place,N 11° 23′ 57'',E 79° 41′ 29'',11.3991666666667,79.6913888888889
4079,Tiruchengode,Tamil Nadu,India,populated place,N 11° 22′ 48'',E 77° 53′ 40'',11.38,77.8944444444445
4080,Thanjavur,Tamil Nadu,India,populated place,N 10° 47′ 6'',E 79° 8′ 20'',10.785,79.1388888888889
4081,Maduravoyal,Tamil Nadu,India,populated place,N 13° 4′ 3'',E 80° 9′ 47'',13.0675,80.1630555555556
4082,Porur,Tamil Nadu,India,populated place,N 13° 2′ 8'',E 80° 9′ 29'',13.0355555555556,80.1580555555556
4083,Madipakkam,Tamil Nadu,India,populated place,N 12° 57′ 44'',E 80° 11′ 55'',12.9622222222222,80.1986111111111
4084,Krishnagiri,Tamil Nadu,India,populated place,N 12° 31′ 9'',E 78° 12′ 49'',12.5191666666667,78.2136111111111
4085,Kovilpatti,Tamil Nadu,India,populated place,N 9° 10′ 18'',E 77° 52′ 11'',9.17166666666667,77.8697222222222
4086,Kayalpattinam,Tamil Nadu,India,populated place,N 8° 34′ 17'',E 78° 7′ 11'',8.57138888888889,78.1197222222222
4087,Karaikudi,Tamil Nadu,India,populated place,N 10° 3′ 58'',E 78° 46′ 4'',10.0661111111111,78.7677777777778
4088,Ramanathapuram,Tamil Nadu,India,populated place,N 9° 22′ 17'',E 78° 49′ 50'',9.37138888888889,78.8305555555556
4089,Rajapalayam,Tamil Nadu,India,populated place,N 9° 27′ 10'',E 77° 33′ 12'',9.45277777777778,77.5533333333333
4090,Mayiladuthurai,Tamil Nadu,India,seat of a second-order administrative division,N 11° 6′ 12'',E 79° 39′ 18'',11.1033333333333,79.655
4091,Koothanallur,Tamil Nadu,India,populated place,N 10° 43′ 11'',E 79° 30′ 56'',10.7197222222222,79.5155555555556
4092,Pattukkottai,Tamil Nadu,India,populated place,N 10° 25′ 24'',E 79° 19′ 10'',10.4233333333333,79.3194444444444
4093,Palani,Tamil Nadu,India,populated place,N 10° 27′ 1'',E 77° 31′ 15'',10.4502777777778,77.5208333333333
4094,Pallāvaram,Tamil Nadu,India,populated place,N 12° 58′ 4'',E 80° 9′ 0'',12.9677777777778,80.15
4095,Dharmapuri,Tamil Nadu,India,populated place,N 12° 7′ 39'',E 78° 9′ 28'',12.1275,78.1577777777778
4096,Devakottai,Tamil Nadu,India,populated place,N 9° 56′ 49'',E 78° 49′ 23'',9.94694444444444,78.8230555555556
4097,Hosūr,Tamil Nadu,India,populated place,N 12° 44′ 11'',E 77° 49′ 57'',12.7363888888889,77.8325
4098,Vaniyambadi,Tamil Nadu,India,populated place,N 12° 40′ 53'',E 78° 37′ 12'',12.6813888888889,78.62
4099,Vadipatti,Tamil Nadu,India,populated place,N 10° 5′ 5'',E 77° 57′ 40'',10.0847222222222,77.9611111111111
4100,Hyderabad,Telangana,India,seat of a first-order administrative division,N 17° 23′ 2'',E 78° 27′ 22'',17.3838888888889,78.4561111111111
4101,Telangana,Telangana,India,first-order administrative division,N 17° 50′ 0'',E 79° 5′ 0'',17.8333333333333,79.0833333333333
4102,Warangal,Telangana,India,seat of a second-order administrative division,N 18° 0′ 0'',E 79° 35′ 0'',18,79.5833333333333
4103,Kukatpally,Telangana,India,seat of a third-order administrative division,N 17° 29′ 5'',E 78° 24′ 49'',17.4847222222222,78.4136111111111
4104,Khammam,Telangana,India,populated place,N 17° 14′ 51'',E 80° 8′ 37'',17.2475,80.1436111111111
4105,Secunderabad,Telangana,India,populated place,N 17° 30′ 15'',E 78° 32′ 33'',17.5041666666667,78.5425
4106,Medak,Telangana,India,populated place,N 18° 2′ 43'',E 78° 15′ 38'',18.0452777777778,78.2605555555556
4107,Nalgonda,Telangana,India,populated place,N 17° 3′ 15'',E 79° 16′ 1'',17.0541666666667,79.2669444444445
4108,Ramagundam,Telangana,India,populated place,N 18° 45′ 18'',E 79° 28′ 26'',18.755,79.4738888888889
4109,Karīmnagar,Telangana,India,seat of a second-order administrative division,N 18° 26′ 20'',E 79° 7′ 42'',18.4388888888889,79.1283333333333
4110,Sadasivpet,Telangana,India,populated place,N 17° 37′ 9'',E 77° 57′ 9'',17.6191666666667,77.9525
4111,Rāmgundam,Telangana,India,populated place,N 18° 48′ 3'',E 79° 27′ 7'',18.8008333333333,79.4519444444445
4112,Miryalaguda,Telangana,India,populated place,N 16° 52′ 19'',E 79° 33′ 44'',16.8719444444444,79.5622222222222
4113,Nizāmābād,Telangana,India,populated place,N 18° 40′ 17'',E 78° 5′ 55'',18.6713888888889,78.0986111111111
4114,Jagtiāl,Telangana,India,seat of a second-order administrative division,N 18° 47′ 41'',E 78° 54′ 59'',18.7947222222222,78.9163888888889
4115,Uppal Kalan,Telangana,India,populated place,N 17° 24′ 20'',E 78° 33′ 32'',17.4055555555556,78.5588888888889
4116,Adilabad,Telangana,India,populated place,N 19° 40′ 19'',E 78° 32′ 9'',19.6719444444444,78.5358333333333
4117,Malkajgiri,Telangana,India,populated place,N 17° 26′ 52'',E 78° 31′ 34'',17.4477777777778,78.5261111111111
4118,Serilingampalle,Telangana,India,populated place,N 17° 29′ 35'',E 78° 18′ 7'',17.4930555555556,78.3019444444444
4119,Lal Bahadur Nagar,Telangana,India,populated place,N 17° 20′ 51'',E 78° 33′ 27'',17.3475,78.5575
4120,Quthbullapur,Telangana,India,populated place,N 17° 30′ 3'',E 78° 27′ 29'',17.5008333333333,78.4580555555556
4121,Mandamarri,Telangana,India,populated place,N 18° 57′ 54'',E 79° 28′ 29'',18.965,79.4747222222222
4122,Sangareddy District,Telangana,India,second-order administrative division,N 17° 37′ 44'',E 78° 5′ 4'',17.6288888888889,78.0844444444444
4123,Koratla,Telangana,India,populated place,N 18° 49′ 17'',E 78° 42′ 42'',18.8213888888889,78.7116666666667
4124,Khammam,Telangana,India,second-order administrative division,N 17° 13′ 49'',E 80° 12′ 48'',17.2302777777778,80.2133333333333
4125,Siddipet,Telangana,India,seat of a second-order administrative division,N 18° 6′ 17'',E 78° 50′ 54'',18.1047222222222,78.8483333333333
4126,Bodhan,Telangana,India,populated place,N 18° 39′ 43'',E 77° 53′ 8'',18.6619444444444,77.8855555555556
4127,Bhadrāchalam,Telangana,India,populated place,N 17° 40′ 6'',E 80° 53′ 19'',17.6683333333333,80.8886111111111
4128,Mancherial,Telangana,India,populated place,N 18° 52′ 14'',E 79° 25′ 43'',18.8705555555556,79.4286111111111
4129,Mahbūbnagar,Telangana,India,seat of a second-order administrative division,N 16° 44′ 37'',E 77° 59′ 9'',16.7436111111111,77.9858333333333
4130,Nirmal,Telangana,India,seat of a second-order administrative division,N 19° 5′ 48'',E 78° 20′ 38'',19.0966666666667,78.3438888888889
4131,Nalgonda District,Telangana,India,second-order administrative division,N 17° 10′ 0'',E 79° 30′ 0'',17.1666666666667,79.5
4132,Jangaon,Telangana,India,seat of a second-order administrative division,N 17° 43′ 33'',E 79° 9′ 8'',17.7258333333333,79.1522222222222
4133,Zahirābād,Telangana,India,populated place,N 17° 40′ 52'',E 77° 36′ 26'',17.6811111111111,77.6072222222222
4134,Tandur,Telangana,India,populated place,N 17° 14′ 54'',E 77° 34′ 37'',17.2483333333333,77.5769444444444
4135,Suriāpet,Telangana,India,seat of a second-order administrative division,N 17° 8′ 25'',E 79° 37′ 13'',17.1402777777778,79.6202777777778
4136,Bellampalli,Telangana,India,populated place,N 19° 3′ 20'',E 79° 29′ 34'',19.0555555555556,79.4927777777778
4137,Metpalle,Telangana,India,populated place,N 18° 50′ 50'',E 78° 37′ 32'',18.8472222222222,78.6255555555556
4138,Palwancha,Telangana,India,populated place,N 17° 34′ 53'',E 80° 40′ 35'',17.5813888888889,80.6763888888889
4139,Ramagundam Basantnagar Airport,Telangana,India,airport,N 18° 42′ 2'',E 79° 23′ 30'',18.7005555555556,79.3916666666667
4140,Nagarkurnool district,Telangana,India,second-order administrative division,N 16° 29′ 1'',E 78° 19′ 46'',16.4836111111111,78.3294444444444
4141,Bhupalapally,Telangana,India,second-order administrative division,N 18° 26′ 15'',E 79° 53′ 31'',18.4375,79.8919444444445
4142,Bhadradri Kothagudem district,Telangana,India,second-order administrative division,N 17° 33′ 16'',E 80° 37′ 11'',17.5544444444444,80.6197222222222
4143,Mulugu,Telangana,India,seat of a second-order administrative division,N 18° 11′ 27'',E 79° 56′ 34'',18.1908333333333,79.9427777777778
4144,Kottagūdem,Telangana,India,seat of a second-order administrative division,N 17° 33′ 3'',E 80° 37′ 4'',17.5508333333333,80.6177777777778
4145,Sirsilla,Telangana,India,seat of a second-order administrative division,N 18° 23′ 19'',E 78° 48′ 37'',18.3886111111111,78.8102777777778
4146,Sangāreddi,Telangana,India,seat of a second-order administrative division,N 17° 37′ 29'',E 78° 5′ 12'',17.6247222222222,78.0866666666667
4147,Rajiv Gandhi International Airport,Telangana,India,airport,N 17° 13′ 52'',E 78° 25′ 47'',17.2311111111111,78.4297222222222
4148,Gaddi Annaram,Telangana,India,populated place,N 17° 22′ 0'',E 78° 31′ 27'',17.3666666666667,78.5241666666667
4149,Warangal Airport,Telangana,India,airport,N 17° 54′ 51'',E 79° 36′ 7'',17.9141666666667,79.6019444444444
4150,Tula,Tula,Russia,seat of a first-order administrative division,N 54° 11′ 45'',E 37° 37′ 5'',54.1958333333333,37.6180555555556
4151,Tula Oblast,Tula,Russia,first-order administrative division,N 53° 53′ 30'',E 37° 34′ 30'',53.8916666666667,37.575
4152,Novomoskovsk,Tula,Russia,seat of a second-order administrative division,N 54° 0′ 39'',E 38° 17′ 27'',54.0108333333333,38.2908333333333
4153,Aleksin,Tula,Russia,seat of a second-order administrative division,N 54° 30′ 17'',E 37° 4′ 1'',54.5047222222222,37.0669444444444
4154,Uzlovaya,Tula,Russia,seat of a second-order administrative division,N 53° 59′ 2'',E 38° 9′ 35'',53.9838888888889,38.1597222222222
4155,Tula Klokovo Air Base,Tula,Russia,airport,N 54° 14′ 20'',E 37° 36′ 11'',54.2388888888889,37.6030555555556
4156,Venyov,Tula,Russia,seat of a second-order administrative division,N 54° 21′ 2'',E 38° 15′ 46'',54.3505555555556,38.2627777777778
4157,Yefremov,Tula,Russia,seat of a second-order administrative division,N 53° 8′ 15'',E 38° 7′ 6'',53.1375,38.1183333333333
4158,Kireyevsk,Tula,Russia,seat of a second-order administrative division,N 53° 55′ 46'',E 37° 55′ 17'',53.9294444444444,37.9213888888889
4159,Kimovsk,Tula,Russia,seat of a second-order administrative division,N 53° 58′ 23'',E 38° 32′ 6'',53.9730555555556,38.535
4160,Bogoroditsk,Tula,Russia,seat of a second-order administrative division,N 53° 46′ 18'',E 38° 7′ 23'',53.7716666666667,38.1230555555556
4161,Shchyokino,Tula,Russia,seat of a second-order administrative division,N 54° 0′ 26'',E 37° 30′ 23'',54.0072222222222,37.5063888888889
4162,Bolokhovo,Tula,Russia,populated place,N 54° 5′ 1'',E 37° 49′ 44'',54.0836111111111,37.8288888888889
4163,Gorodskoy Okrug Tula,Tula,Russia,second-order administrative division,N 54° 12′ 21'',E 37° 35′ 58'',54.2058333333333,37.5994444444444
4164,Tula Urban District,Tula,Russia,second-order administrative division,N 54° 11′ 2'',E 37° 38′ 14'',54.1838888888889,37.6372222222222
4165,Urochishche Matveyevka,Tula,Russia,area,N 53° 17′ 27'',E 38° 32′ 57'',53.2908333333333,38.5491666666667
4166,Arsen’yevskiy Rayon,Tula,Russia,second-order administrative division,N 53° 39′ 49'',E 36° 38′ 16'',53.6636111111111,36.6377777777778
4167,Aleksinsky District,Tula,Russia,second-order administrative division,N 54° 26′ 37'',E 37° 10′ 31'',54.4436111111111,37.1752777777778
4168,Donskoy,Tula,Russia,seat of a second-order administrative division,N 53° 58′ 4'',E 38° 19′ 53'',53.9677777777778,38.3313888888889
4169,Chekalin,Tula,Russia,populated place,N 54° 5′ 48'',E 36° 14′ 41'',54.0966666666667,36.2447222222222
4170,Plavsk,Tula,Russia,seat of a second-order administrative division,N 53° 42′ 30'',E 37° 17′ 40'',53.7083333333333,37.2944444444444
4171,Urochishche Novosëlki,Tula,Russia,area,N 54° 8′ 18'',E 36° 49′ 4'',54.1383333333333,36.8177777777778
4172,Sovetsk,Tula,Russia,populated place,N 53° 56′ 9'',E 37° 37′ 39'',53.9358333333333,37.6275
4173,Severo-Zadonsk,Tula,Russia,populated place,N 54° 2′ 5'',E 38° 24′ 6'',54.0347222222222,38.4016666666667
4174,Zaoksky District,Tula,Russia,second-order administrative division,N 54° 39′ 5'',E 37° 30′ 5'',54.6513888888889,37.5013888888889
4175,Yepifan',Tula,Russia,populated place,N 53° 49′ 30'',E 38° 33′ 6'',53.825,38.5516666666667
4176,Venyovsky District,Tula,Russia,second-order administrative division,N 54° 24′ 46'',E 38° 13′ 43'',54.4127777777778,38.2286111111111
4177,Suvorovsky District,Tula,Russia,second-order administrative division,N 54° 8′ 11'',E 36° 27′ 54'',54.1363888888889,36.465
4178,Suvorov,Tula,Russia,seat of a second-order administrative division,N 54° 7′ 20'',E 36° 29′ 47'',54.1222222222222,36.4963888888889
4179,Yasnogorsky District,Tula,Russia,second-order administrative division,N 54° 31′ 54'',E 37° 51′ 46'',54.5316666666667,37.8627777777778
4180,Tovarkovskiy,Tula,Russia,populated place,N 53° 40′ 55'',E 38° 12′ 33'',53.6819444444444,38.2091666666667
4181,Urochishche Korolëvka,Tula,Russia,area,N 54° 7′ 37'',E 36° 51′ 24'',54.1269444444445,36.8566666666667
4182,Lipki,Tula,Russia,populated place,N 53° 57′ 7'',E 37° 42′ 0'',53.9519444444445,37.7
4183,Leninsky District,Tula,Russia,second-order administrative division,N 54° 14′ 53'',E 37° 31′ 20'',54.2480555555556,37.5222222222222
4184,Kamenskiy Rayon,Tula,Russia,second-order administrative division,N 53° 14′ 50'',E 37° 44′ 59'',53.2472222222222,37.7497222222222
4185,Kireyevsky District,Tula,Russia,second-order administrative division,N 54° 0′ 21'',E 37° 53′ 2'',54.0058333333333,37.8838888888889
4186,Urochishche Orlovka,Tula,Russia,area,N 53° 39′ 57'',E 38° 48′ 41'',53.6658333333333,38.8113888888889
4187,Gorodskoy Okrug Donskoy,Tula,Russia,second-order administrative division,N 53° 59′ 26'',E 38° 20′ 59'',53.9905555555556,38.3497222222222
4188,Gorodskoy Okrug Novomoskovsk,Tula,Russia,second-order administrative division,N 54° 7′ 23'',E 38° 27′ 21'',54.1230555555556,38.4558333333333
4189,Gorodskoy Okrug Novogurovskiy,Tula,Russia,second-order administrative division,N 54° 28′ 26'',E 37° 20′ 15'',54.4738888888889,37.3375
4190,Gorodskoy Okrug Slavniy,Tula,Russia,second-order administrative division,N 53° 32′ 9'',E 36° 30′ 37'',53.5358333333333,36.5102777777778
4191,Gorodskoy Okrug Yefremov,Tula,Russia,second-order administrative division,N 53° 9′ 49'',E 38° 14′ 53'',53.1636111111111,38.2480555555556
4192,Gorodskoy Okrug Aleksin,Tula,Russia,second-order administrative division,N 54° 27′ 5'',E 37° 8′ 56'',54.4513888888889,37.1488888888889
4193,Slavny District,Tula,Russia,second-order administrative division,N 53° 32′ 46'',E 36° 28′ 23'',53.5461111111111,36.4730555555556
4194,Shchekinsky District,Tula,Russia,second-order administrative division,N 53° 59′ 56'',E 37° 29′ 58'',53.9988888888889,37.4994444444444
4195,Novogurovsky District,Tula,Russia,second-order administrative division,N 54° 28′ 0'',E 37° 20′ 3'',54.4666666666667,37.3341666666667
4196,Donskoy District,Tula,Russia,second-order administrative division,N 53° 57′ 59'',E 38° 19′ 17'',53.9663888888889,38.3213888888889
4197,Belyovsky District,Tula,Russia,second-order administrative division,N 53° 48′ 43'',E 36° 8′ 7'',53.8119444444444,36.1352777777778
4198,Tëplo-Ogarëvskiy Rayon,Tula,Russia,second-order administrative division,N 53° 34′ 25'',E 37° 39′ 48'',53.5736111111111,37.6633333333333
4199,Kosaya Gora,Tula,Russia,section of populated place,N 54° 7′ 8'',E 37° 32′ 40'',54.1188888888889,37.5444444444444
4200,Ulyanovsk,Ulyanovsk,Russia,seat of a first-order administrative division,N 54° 19′ 41'',E 48° 23′ 11'',54.3280555555556,48.3863888888889
4201,Ulyanovsk,Ulyanovsk,Russia,first-order administrative division,N 53° 53′ 30'',E 47° 57′ 0'',53.8916666666667,47.95
4202,Dimitrovgrad,Ulyanovsk,Russia,populated place,N 54° 12′ 49'',E 49° 37′ 6'',54.2136111111111,49.6183333333333
4203,Ulyanovsk Vostochny Airport,Ulyanovsk,Russia,airport,N 54° 24′ 3'',E 48° 48′ 9'',54.4008333333333,48.8025
4204,Ulyanovsk Baratayevka Airport,Ulyanovsk,Russia,airport,N 54° 16′ 32'',E 48° 14′ 34'',54.2755555555556,48.2427777777778
4205,Barysh,Ulyanovsk,Russia,seat of a second-order administrative division,N 53° 38′ 59'',E 47° 7′ 37'',53.6497222222222,47.1269444444445
4206,Inza,Ulyanovsk,Russia,seat of a second-order administrative division,N 53° 51′ 12'',E 46° 21′ 4'',53.8533333333333,46.3511111111111
4207,Urochishche Golitsyno,Ulyanovsk,Russia,area,N 53° 49′ 44'',E 47° 18′ 46'',53.8288888888889,47.3127777777778
4208,Urochishche Annenki,Ulyanovsk,Russia,area,N 53° 54′ 40'',E 49° 26′ 32'',53.9111111111111,49.4422222222222
4209,Cherdakly,Ulyanovsk,Russia,seat of a second-order administrative division,N 54° 21′ 17'',E 48° 50′ 43'',54.3547222222222,48.8452777777778
4210,Ozero Beloye,Ulyanovsk,Russia,lake,N 53° 1′ 14'',E 46° 59′ 25'',53.0205555555556,46.9902777777778
4211,Urochishche Nayanovka,Ulyanovsk,Russia,area,N 52° 53′ 5'',E 48° 25′ 16'',52.8847222222222,48.4211111111111
4212,Urochishche Pervomayskiy,Ulyanovsk,Russia,area,N 52° 50′ 20'',E 48° 0′ 53'',52.8388888888889,48.0147222222222
4213,Bazarnosyzgansky District,Ulyanovsk,Russia,second-order administrative division,N 53° 44′ 59'',E 46° 45′ 8'',53.7497222222222,46.7522222222222
4214,Melekessky District,Ulyanovsk,Russia,second-order administrative division,N 54° 11′ 24'',E 49° 36′ 43'',54.19,49.6119444444445
4215,Gorodskoy Okrug Ul’yanovsk,Ulyanovsk,Russia,second-order administrative division,N 54° 18′ 23'',E 48° 20′ 11'',54.3063888888889,48.3363888888889
4216,Maynskiy Rayon,Ulyanovsk,Russia,second-order administrative division,N 54° 8′ 21'',E 47° 38′ 35'',54.1391666666667,47.6430555555556
4217,Cherdaklinskiy Rayon,Ulyanovsk,Russia,second-order administrative division,N 54° 15′ 55'',E 48° 52′ 37'',54.2652777777778,48.8769444444445
4218,Ozero Beloye,Ulyanovsk,Russia,lake,N 53° 50′ 58'',E 47° 35′ 33'',53.8494444444444,47.5925
4219,Novocheremshansk,Ulyanovsk,Russia,populated place,N 54° 21′ 25'',E 50° 9′ 59'',54.3569444444444,50.1663888888889
4220,Starotimoshkino,Ulyanovsk,Russia,populated place,N 53° 43′ 8'',E 47° 31′ 52'',53.7188888888889,47.5311111111111
4221,Starokulatkinskiy Rayon,Ulyanovsk,Russia,second-order administrative division,N 52° 45′ 28'',E 47° 35′ 15'',52.7577777777778,47.5875
4222,Urochishche Staraya Vitelëvka,Ulyanovsk,Russia,area,N 53° 47′ 39'',E 47° 20′ 40'',53.7941666666667,47.3444444444445
4223,Pavlovskiy Rayon,Ulyanovsk,Russia,second-order administrative division,N 52° 42′ 43'',E 47° 7′ 32'',52.7119444444445,47.1255555555556
4224,Novoul'yanovsk,Ulyanovsk,Russia,seat of a second-order administrative division,N 54° 8′ 51'',E 48° 23′ 11'',54.1475,48.3863888888889
4225,Novospasskoye,Ulyanovsk,Russia,seat of a second-order administrative division,N 53° 9′ 2'',E 47° 44′ 51'',53.1505555555556,47.7475
4226,Sengiley,Ulyanovsk,Russia,seat of a second-order administrative division,N 53° 57′ 30'',E 48° 47′ 42'',53.9583333333333,48.795
4227,Valuyevka,Ulyanovsk,Russia,area,N 53° 42′ 29'',E 47° 51′ 4'',53.7080555555556,47.8511111111111
4228,Ulyanovsky District,Ulyanovsk,Russia,second-order administrative division,N 54° 20′ 7'',E 48° 1′ 1'',54.3352777777778,48.0169444444444
4229,Tsil’ninskiy Rayon,Ulyanovsk,Russia,second-order administrative division,N 54° 32′ 53'',E 47° 53′ 4'',54.5480555555556,47.8844444444444
4230,Teren’gul’skiy Rayon,Ulyanovsk,Russia,second-order administrative division,N 53° 45′ 20'',E 48° 12′ 39'',53.7555555555556,48.2108333333333
4231,Mullovka,Ulyanovsk,Russia,populated place,N 54° 12′ 0'',E 49° 24′ 0'',54.2,49.4
4232,Karsunskiy Rayon,Ulyanovsk,Russia,second-order administrative division,N 54° 14′ 55'',E 46° 56′ 16'',54.2486111111111,46.9377777777778
4233,Dimitrovgrad Urban District,Ulyanovsk,Russia,second-order administrative division,N 54° 12′ 47'',E 49° 35′ 24'',54.2130555555556,49.59
4234,Novoulyanovsk Urban District,Ulyanovsk,Russia,second-order administrative division,N 54° 8′ 50'',E 48° 23′ 14'',54.1472222222222,48.3872222222222
4235,Gorodskoy Okrug Novoul’yanovsk,Ulyanovsk,Russia,second-order administrative division,N 54° 9′ 5'',E 48° 22′ 43'',54.1513888888889,48.3786111111111
4236,Gorodskoy Okrug Dimitrovgrad,Ulyanovsk,Russia,second-order administrative division,N 54° 12′ 55'',E 49° 36′ 7'',54.2152777777778,49.6019444444445
4237,Bazarnosyzganskiy Rayon,Ulyanovsk,Russia,second-order administrative division,N 53° 41′ 0'',E 46° 42′ 58'',53.6833333333333,46.7161111111111
4238,Izmaylovo,Ulyanovsk,Russia,populated place,N 53° 43′ 16'',E 47° 14′ 44'',53.7211111111111,47.2455555555556
4239,Urochishche Ivashovka,Ulyanovsk,Russia,area,N 54° 35′ 53'',E 47° 58′ 22'',54.5980555555556,47.9727777777778
4240,Urochishche Aleksandrovka,Ulyanovsk,Russia,area,N 54° 36′ 1'',E 47° 53′ 37'',54.6002777777778,47.8936111111111
4241,Urochishche Dubënki,Ulyanovsk,Russia,area,N 54° 26′ 3'',E 47° 32′ 28'',54.4341666666667,47.5411111111111
4242,Chufarovo,Ulyanovsk,Russia,populated place,N 54° 5′ 46'',E 47° 20′ 12'',54.0961111111111,47.3366666666667
4243,Urochishche Yekaterinovka,Ulyanovsk,Russia,area,N 54° 13′ 4'',E 47° 50′ 8'',54.2177777777778,47.8355555555556
4244,Urochishche Skorlyatka,Ulyanovsk,Russia,area,N 53° 54′ 12'',E 47° 39′ 1'',53.9033333333333,47.6502777777778
4245,Undory,Ulyanovsk,Russia,populated place,N 54° 36′ 30'',E 48° 23′ 33'',54.6083333333333,48.3925
4246,Urochishche Talinka,Ulyanovsk,Russia,area,N 53° 34′ 54'',E 47° 5′ 50'',53.5816666666667,47.0972222222222
4247,Urochishche Kochetovka,Ulyanovsk,Russia,area,N 54° 8′ 43'',E 47° 50′ 52'',54.1452777777778,47.8477777777778
4248,Mirnyy,Ulyanovsk,Russia,populated place,N 54° 21′ 57'',E 48° 43′ 45'',54.3658333333333,48.7291666666667
4249,Urochishche Mikhaylovka,Ulyanovsk,Russia,area,N 54° 36′ 50'',E 47° 56′ 43'',54.6138888888889,47.9452777777778
4250,Vinnytsia,Vinnytsia,Ukraine,seat of a first-order administrative division,N 49° 13′ 55'',E 28° 28′ 7'',49.2319444444444,28.4686111111111
4251,Vinnytsia,Vinnytsia,Ukraine,first-order administrative division,N 49° 14′ 1'',E 28° 27′ 57'',49.2336111111111,28.4658333333333
4252,Vinnytsia International Airport,Vinnytsia,Ukraine,airport,N 49° 14′ 23'',E 28° 36′ 50'',49.2397222222222,28.6138888888889
4253,Bar,Vinnytsia,Ukraine,populated place,N 49° 4′ 25'',E 27° 40′ 26'',49.0736111111111,27.6738888888889
4254,Mohyliv-Podilskyi,Vinnytsia,Ukraine,seat of a second-order administrative division,N 48° 26′ 34'',E 27° 47′ 59'',48.4427777777778,27.7997222222222
4255,Zhurava,Vinnytsia,Ukraine,populated place,N 49° 18′ 13'',E 28° 50′ 20'',49.3036111111111,28.8388888888889
4256,Vinnytsya Raion,Vinnytsia,Ukraine,second-order administrative division,N 49° 14′ 0'',E 28° 26′ 37'',49.2333333333333,28.4436111111111
4257,Bershad,Vinnytsia,Ukraine,populated place,N 48° 21′ 48'',E 29° 30′ 52'',48.3633333333333,29.5144444444444
4258,Sobolivka,Vinnytsia,Ukraine,populated place,N 48° 36′ 59'',E 29° 29′ 20'',48.6163888888889,29.4888888888889
4259,Zhmerynka,Vinnytsia,Ukraine,seat of a second-order administrative division,N 49° 2′ 6'',E 28° 6′ 50'',49.035,28.1138888888889
4260,Hnivan,Vinnytsia,Ukraine,populated place,N 49° 5′ 38'',E 28° 20′ 16'',49.0938888888889,28.3377777777778
4261,Novofastiv,Vinnytsia,Ukraine,populated place,N 49° 34′ 42'',E 29° 27′ 14'',49.5783333333333,29.4538888888889
4262,Nemyriv,Vinnytsia,Ukraine,seat of a second-order administrative division,N 48° 58′ 12'',E 28° 50′ 16'',48.97,28.8377777777778
4263,Zoziv,Vinnytsia,Ukraine,populated place,N 49° 18′ 58'',E 29° 0′ 43'',49.3161111111111,29.0119444444444
4264,Kalynivka Raion,Vinnytsia,Ukraine,historical second-order administrative division,N 49° 27′ 32'',E 28° 31′ 17'',49.4588888888889,28.5213888888889
4265,Kalynivka,Vinnytsia,Ukraine,seat of a second-order administrative division,N 49° 27′ 40'',E 28° 30′ 55'',49.4611111111111,28.5152777777778
4266,Illintsi Raion,Vinnytsia,Ukraine,historical second-order administrative division,N 49° 6′ 22'',E 29° 12′ 20'',49.1061111111111,29.2055555555556
4267,Haisyn Raion,Vinnytsia,Ukraine,second-order administrative division,N 48° 48′ 37'',E 29° 23′ 19'',48.8102777777778,29.3886111111111
4268,Haisyn,Vinnytsia,Ukraine,seat of a second-order administrative division,N 48° 48′ 46'',E 29° 22′ 45'',48.8127777777778,29.3791666666667
4269,Bratslav,Vinnytsia,Ukraine,populated place,N 48° 49′ 23'',E 28° 56′ 17'',48.8230555555556,28.9380555555556
4270,Bershad Raion,Vinnytsia,Ukraine,historical second-order administrative division,N 48° 21′ 49'',E 29° 30′ 48'',48.3636111111111,29.5133333333333
4271,Bar Raion,Vinnytsia,Ukraine,historical second-order administrative division,N 49° 4′ 21'',E 27° 40′ 19'',49.0725,27.6719444444444
4272,Khmilnyk Raion,Vinnytsia,Ukraine,second-order administrative division,N 49° 33′ 31'',E 27° 57′ 19'',49.5586111111111,27.9552777777778
4273,Khmilnyk,Vinnytsia,Ukraine,seat of a second-order administrative division,N 49° 33′ 29'',E 27° 57′ 24'',49.5580555555556,27.9566666666667
4274,Kozyatyn Raion,Vinnytsia,Ukraine,historical second-order administrative division,N 49° 42′ 59'',E 28° 50′ 20'',49.7163888888889,28.8388888888889
4275,Koziatyn,Vinnytsia,Ukraine,seat of a second-order administrative division,N 49° 42′ 59'',E 28° 50′ 18'',49.7163888888889,28.8383333333333
4276,Lityn Raion,Vinnytsia,Ukraine,historical second-order administrative division,N 49° 19′ 28'',E 28° 5′ 22'',49.3244444444444,28.0894444444444
4277,Lypovets Raion,Vinnytsia,Ukraine,historical second-order administrative division,N 49° 13′ 36'',E 29° 3′ 39'',49.2266666666667,29.0608333333333
4278,Ladyzhyn,Vinnytsia,Ukraine,populated place,N 48° 41′ 3'',E 29° 14′ 10'',48.6841666666667,29.2361111111111
4279,Kryzhopil Raion,Vinnytsia,Ukraine,historical second-order administrative division,N 48° 22′ 52'',E 28° 52′ 5'',48.3811111111111,28.8680555555556
4280,Chechelnyk Raion,Vinnytsia,Ukraine,historical second-order administrative division,N 48° 12′ 55'',E 29° 21′ 49'',48.2152777777778,29.3636111111111
4281,Pishchanka Raion,Vinnytsia,Ukraine,historical second-order administrative division,N 48° 12′ 37'',E 28° 53′ 3'',48.2102777777778,28.8841666666667
4282,Orativ Raion,Vinnytsia,Ukraine,historical second-order administrative division,N 49° 11′ 16'',E 29° 31′ 58'',49.1877777777778,29.5327777777778
4283,Pohrebyshche Raion,Vinnytsia,Ukraine,historical second-order administrative division,N 49° 29′ 15'',E 29° 15′ 21'',49.4875,29.2558333333333
4284,Nemyriv Raion,Vinnytsia,Ukraine,historical second-order administrative division,N 48° 58′ 5'',E 28° 50′ 6'',48.9680555555556,28.835
4285,Sharhorod Raion,Vinnytsia,Ukraine,historical second-order administrative division,N 48° 44′ 17'',E 28° 5′ 3'',48.7380555555556,28.0841666666667
4286,Tyvriv Raion,Vinnytsia,Ukraine,historical second-order administrative division,N 49° 0′ 43'',E 28° 30′ 2'',49.0119444444444,28.5005555555556
4287,Tulchyn Raion,Vinnytsia,Ukraine,second-order administrative division,N 48° 40′ 26'',E 28° 52′ 8'',48.6738888888889,28.8688888888889
4288,Tulchyn,Vinnytsia,Ukraine,seat of a second-order administrative division,N 48° 40′ 26'',E 28° 52′ 6'',48.6738888888889,28.8683333333333
4289,Trostianets Raion,Vinnytsia,Ukraine,historical second-order administrative division,N 48° 30′ 49'',E 29° 13′ 9'',48.5136111111111,29.2191666666667
4290,Tomashpil Raion,Vinnytsia,Ukraine,historical second-order administrative division,N 48° 32′ 14'',E 28° 30′ 50'',48.5372222222222,28.5138888888889
4291,Teplyk Raion,Vinnytsia,Ukraine,historical second-order administrative division,N 48° 39′ 57'',E 29° 44′ 42'',48.6658333333333,29.745
4292,Zhuravlivka,Vinnytsia,Ukraine,populated place,N 48° 38′ 28'',E 28° 43′ 23'',48.6411111111111,28.7230555555556
4293,Zhmerynka Raion,Vinnytsia,Ukraine,second-order administrative division,N 49° 2′ 1'',E 28° 6′ 53'',49.0336111111111,28.1147222222222
4294,Chernivtsi Raion,Vinnytsia,Ukraine,historical second-order administrative division,N 48° 32′ 27'',E 28° 7′ 29'',48.5408333333333,28.1247222222222
4295,Murovani Kurylivtsi Raion,Vinnytsia,Ukraine,historical second-order administrative division,N 48° 43′ 2'',E 27° 31′ 50'',48.7172222222222,27.5305555555556
4296,Mohyliv-Podilskyi Raion,Vinnytsia,Ukraine,second-order administrative division,N 48° 26′ 30'',E 27° 47′ 59'',48.4416666666667,27.7997222222222
4297,Yampil Raion,Vinnytsia,Ukraine,historical second-order administrative division,N 48° 14′ 30'',E 28° 16′ 51'',48.2416666666667,28.2808333333333
4298,Zhvan,Vinnytsia,Ukraine,populated place,N 48° 36′ 57'',E 27° 28′ 47'',48.6158333333333,27.4797222222222
4299,Illintsi,Vinnytsia,Ukraine,seat of a second-order administrative division,N 49° 6′ 19'',E 29° 12′ 21'',49.1052777777778,29.2058333333333
4300,Voronezh,Voronezh,Russia,seat of a first-order administrative division,N 51° 40′ 6'',E 39° 11′ 31'',51.6683333333333,39.1919444444444
4301,Voronezh Oblast,Voronezh,Russia,first-order administrative division,N 50° 58′ 0'',E 40° 14′ 0'',50.9666666666667,40.2333333333333
4302,Borisoglebsk,Voronezh,Russia,seat of a second-order administrative division,N 51° 22′ 8'',E 42° 5′ 52'',51.3688888888889,42.0977777777778
4303,Ostrogozhsk,Voronezh,Russia,seat of a second-order administrative division,N 50° 51′ 57'',E 39° 4′ 41'',50.8658333333333,39.0780555555556
4304,Liski,Voronezh,Russia,seat of a second-order administrative division,N 50° 58′ 56'',E 39° 30′ 14'',50.9822222222222,39.5038888888889
4305,Voronezh International Airport,Voronezh,Russia,airport,N 51° 48′ 51'',E 39° 13′ 46'',51.8141666666667,39.2294444444445
4306,Buturlinovka,Voronezh,Russia,seat of a second-order administrative division,N 50° 49′ 34'',E 40° 35′ 52'',50.8261111111111,40.5977777777778
4307,Novovoronezh,Voronezh,Russia,seat of a second-order administrative division,N 51° 18′ 55'',E 39° 13′ 7'',51.3152777777778,39.2186111111111
4308,Rossosh,Voronezh,Russia,populated place,N 51° 7′ 15'',E 38° 30′ 41'',51.1208333333333,38.5113888888889
4309,Semiluki,Voronezh,Russia,populated place,N 51° 40′ 55'',E 39° 1′ 48'',51.6819444444444,39.03
4310,Povorino,Voronezh,Russia,seat of a second-order administrative division,N 51° 11′ 53'',E 42° 14′ 45'',51.1980555555556,42.2458333333333
4311,Pavlovsk,Voronezh,Russia,seat of a second-order administrative division,N 50° 27′ 15'',E 40° 7′ 25'',50.4541666666667,40.1236111111111
4312,Bobrov,Voronezh,Russia,seat of a second-order administrative division,N 51° 5′ 54'',E 40° 1′ 48'',51.0983333333333,40.03
4313,Urochishche Dudnikov,Voronezh,Russia,area,N 50° 1′ 32'',E 39° 18′ 13'',50.0255555555556,39.3036111111111
4314,Urochishche Kalinin,Voronezh,Russia,area,N 51° 29′ 40'',E 41° 50′ 38'',51.4944444444445,41.8438888888889
4315,Kalach,Voronezh,Russia,seat of a second-order administrative division,N 50° 25′ 30'',E 41° 0′ 57'',50.425,41.0158333333333
4316,Novaya Usman',Voronezh,Russia,seat of a second-order administrative division,N 51° 38′ 36'',E 39° 24′ 41'',51.6433333333333,39.4113888888889
4317,Rossoh',Voronezh,Russia,seat of a second-order administrative division,N 50° 11′ 47'',E 39° 33′ 58'',50.1963888888889,39.5661111111111
4318,Voronezh,Voronezh,Russia,second-order administrative division,N 51° 40′ 40'',E 39° 7′ 30'',51.6777777777778,39.125
4319,Urochishche Dolgiy,Voronezh,Russia,area,N 49° 56′ 3'',E 40° 10′ 35'',49.9341666666667,40.1763888888889
4320,Urochishche Kalinovka,Voronezh,Russia,area,N 49° 44′ 40'',E 40° 2′ 35'',49.7444444444445,40.0430555555556
4321,Urochishche Kozlovka,Voronezh,Russia,area,N 49° 46′ 52'',E 40° 18′ 28'',49.7811111111111,40.3077777777778
4322,Urochishche Klenovyy,Voronezh,Russia,area,N 49° 34′ 33'',E 39° 48′ 43'',49.5758333333333,39.8119444444444
4323,Urochishche Kosovka,Voronezh,Russia,area,N 49° 54′ 56'',E 39° 53′ 54'',49.9155555555556,39.8983333333333
4324,Urochishche Koshcheyev,Voronezh,Russia,area,N 49° 43′ 2'',E 39° 36′ 34'',49.7172222222222,39.6094444444445
4325,Urochishche Akhor,Voronezh,Russia,area,N 49° 53′ 35'',E 39° 46′ 49'',49.8930555555556,39.7802777777778
4326,Urochishche Kalinov,Voronezh,Russia,area,N 49° 48′ 18'',E 39° 40′ 32'',49.805,39.6755555555556
4327,Urochishche Kruten’kiy,Voronezh,Russia,area,N 49° 46′ 8'',E 39° 36′ 44'',49.7688888888889,39.6122222222222
4328,Urochishche Klenovyy,Voronezh,Russia,area,N 49° 44′ 14'',E 39° 36′ 19'',49.7372222222222,39.6052777777778
4329,Urochishche Dubki,Voronezh,Russia,area,N 49° 58′ 41'',E 39° 32′ 20'',49.9780555555556,39.5388888888889
4330,Urochishche Aleksandrovska,Voronezh,Russia,area,N 49° 53′ 58'',E 39° 29′ 30'',49.8994444444444,39.4916666666667
4331,Urochishche Kardail,Voronezh,Russia,area,N 51° 24′ 6'',E 41° 51′ 21'',51.4016666666667,41.8558333333333
4332,Urochishche Aulovka,Voronezh,Russia,area,N 51° 21′ 16'',E 41° 31′ 9'',51.3544444444445,41.5191666666667
4333,Urochishche Krasnyy Kust,Voronezh,Russia,area,N 51° 20′ 50'',E 41° 25′ 2'',51.3472222222222,41.4172222222222
4334,Urochishche Dubrovka,Voronezh,Russia,area,N 50° 33′ 40'',E 41° 5′ 35'',50.5611111111111,41.0930555555556
4335,Urochishche Kopytinskiy,Voronezh,Russia,area,N 50° 59′ 6'',E 40° 58′ 7'',50.985,40.9686111111111
4336,Urochishche Ol’khov,Voronezh,Russia,area,N 50° 2′ 13'',E 40° 34′ 24'',50.0369444444444,40.5733333333333
4337,Urochishche Rodnichëk,Voronezh,Russia,area,N 51° 39′ 49'',E 40° 56′ 22'',51.6636111111111,40.9394444444444
4338,Urochishche Krupskoy,Voronezh,Russia,area,N 51° 40′ 44'',E 40° 54′ 24'',51.6788888888889,40.9066666666667
4339,Urochishche Komarov,Voronezh,Russia,area,N 50° 3′ 4'',E 39° 54′ 27'',50.0511111111111,39.9075
4340,Urochishche Kosharnyy,Voronezh,Russia,area,N 50° 1′ 30'',E 39° 20′ 18'',50.025,39.3383333333333
4341,Urochishche Kreshchatik,Voronezh,Russia,area,N 50° 15′ 1'',E 39° 53′ 21'',50.2502777777778,39.8891666666667
4342,Urochishche Plotnitskiy,Voronezh,Russia,area,N 50° 19′ 4'',E 39° 31′ 22'',50.3177777777778,39.5227777777778
4343,Urochishche Bogucharskiy,Voronezh,Russia,area,N 50° 29′ 47'',E 39° 37′ 37'',50.4963888888889,39.6269444444445
4344,Urochishche Gorodishche,Voronezh,Russia,area,N 50° 36′ 57'',E 39° 57′ 10'',50.6158333333333,39.9527777777778
4345,Urochishche Dolgalevo,Voronezh,Russia,area,N 50° 39′ 28'',E 39° 33′ 46'',50.6577777777778,39.5627777777778
4346,Urochishche Mandrovka,Voronezh,Russia,area,N 50° 7′ 31'',E 40° 40′ 53'',50.1252777777778,40.6813888888889
4347,Borisoglebsky Urban Okrug,Voronezh,Russia,second-order administrative division,N 51° 25′ 0'',E 42° 5′ 0'',51.4166666666667,42.0833333333333
4348,Gribanovsky District,Voronezh,Russia,second-order administrative division,N 51° 24′ 58'',E 41° 45′ 46'',51.4161111111111,41.7627777777778
4349,Kalacheyevskiy Rayon,Voronezh,Russia,second-order administrative division,N 50° 24′ 59'',E 41° 3′ 26'',50.4163888888889,41.0572222222222
4350,Wisconsin,Wisconsin,United States,first-order administrative division,N 44° 30′ 0'',W 90° 0′ 1'',44.5,-90.0002777777778
4351,Madison,Wisconsin,United States,seat of a first-order administrative division,N 43° 4′ 23'',W 89° 24′ 4'',43.0730555555556,-89.4011111111111
4352,"Milwaukee-Waukesha, WI",Wisconsin,United States,economic region,N 43° 10′ 49'',W 87° 47′ 49'',43.1802777777778,-87.7969444444445
4353,Green Bay,Wisconsin,United States,seat of a second-order administrative division,N 44° 31′ 9'',W 88° 1′ 11'',44.5191666666667,-88.0197222222222
4354,Milwaukee,Wisconsin,United States,seat of a second-order administrative division,N 43° 2′ 20'',W 87° 54′ 23'',43.0388888888889,-87.9063888888889
4355,Oshkosh,Wisconsin,United States,seat of a second-order administrative division,N 44° 1′ 28'',W 88° 32′ 33'',44.0244444444444,-88.5425
4356,Racine,Wisconsin,United States,seat of a second-order administrative division,N 42° 43′ 34'',W 87° 46′ 58'',42.7261111111111,-87.7827777777778
4357,Kenosha,Wisconsin,United States,seat of a second-order administrative division,N 42° 35′ 5'',W 87° 49′ 16'',42.5847222222222,-87.8211111111111
4358,Appleton,Wisconsin,United States,seat of a second-order administrative division,N 44° 15′ 42'',W 88° 24′ 55'',44.2616666666667,-88.4152777777778
4359,Waukesha,Wisconsin,United States,seat of a second-order administrative division,N 43° 0′ 42'',W 88° 13′ 53'',43.0116666666667,-88.2313888888889
4360,Wisconsin Dells,Wisconsin,United States,populated place,N 43° 37′ 38'',W 89° 46′ 15'',43.6272222222222,-89.7708333333333
4361,La Crosse,Wisconsin,United States,seat of a second-order administrative division,N 43° 48′ 4'',W 91° 14′ 22'',43.8011111111111,-91.2394444444444
4362,Eau Claire,Wisconsin,United States,seat of a second-order administrative division,N 44° 48′ 40'',W 91° 29′ 54'',44.8111111111111,-91.4983333333333
4363,Janesville,Wisconsin,United States,seat of a second-order administrative division,N 42° 40′ 58'',W 89° 1′ 7'',42.6827777777778,-89.0186111111111
4364,Wisconsin Rapids,Wisconsin,United States,seat of a second-order administrative division,N 44° 23′ 0'',W 89° 49′ 2'',44.3833333333333,-89.8172222222222
4365,Sheboygan,Wisconsin,United States,seat of a second-order administrative division,N 43° 45′ 3'',W 87° 42′ 52'',43.7508333333333,-87.7144444444445
4366,Wausau,Wisconsin,United States,seat of a second-order administrative division,N 44° 57′ 32'',W 89° 37′ 48'',44.9588888888889,-89.63
4367,Brookfield,Wisconsin,United States,populated place,N 43° 3′ 38'',W 88° 6′ 23'',43.0605555555556,-88.1063888888889
4368,Beloit,Wisconsin,United States,populated place,N 42° 30′ 30'',W 89° 1′ 54'',42.5083333333333,-89.0316666666667
4369,Fond du Lac,Wisconsin,United States,seat of a second-order administrative division,N 43° 46′ 30'',W 88° 26′ 19'',43.775,-88.4386111111111
4370,New Berlin,Wisconsin,United States,populated place,N 42° 58′ 35'',W 88° 6′ 30'',42.9763888888889,-88.1083333333333
4371,West Bend,Wisconsin,United States,seat of a second-order administrative division,N 43° 25′ 31'',W 88° 11′ 0'',43.4252777777778,-88.1833333333333
4372,Manitowoc,Wisconsin,United States,seat of a second-order administrative division,N 44° 5′ 19'',W 87° 39′ 27'',44.0886111111111,-87.6575
4373,Menomonee Falls,Wisconsin,United States,populated place,N 43° 10′ 44'',W 88° 7′ 2'',43.1788888888889,-88.1172222222222
4374,Neenah,Wisconsin,United States,populated place,N 44° 11′ 8'',W 88° 27′ 45'',44.1855555555556,-88.4625
4375,Central Wisconsin Airport,Wisconsin,United States,airport,N 44° 46′ 41'',W 89° 39′ 58'',44.7780555555556,-89.6661111111111
4376,Marshfield,Wisconsin,United States,populated place,N 44° 40′ 7'',W 90° 10′ 18'',44.6686111111111,-90.1716666666667
4377,Stevens Point,Wisconsin,United States,seat of a second-order administrative division,N 44° 31′ 24'',W 89° 34′ 28'',44.5233333333333,-89.5744444444444
4378,Sun Prairie,Wisconsin,United States,populated place,N 43° 11′ 1'',W 89° 12′ 49'',43.1836111111111,-89.2136111111111
4379,Superior,Wisconsin,United States,seat of a second-order administrative division,N 46° 43′ 14'',W 92° 6′ 14'',46.7205555555556,-92.1038888888889
4380,Franklin,Wisconsin,United States,populated place,N 42° 53′ 19'',W 88° 2′ 18'',42.8886111111111,-88.0383333333333
4381,General Mitchell International Airport,Wisconsin,United States,airport,N 42° 56′ 48'',W 87° 53′ 48'',42.9466666666667,-87.8966666666667
4382,Menomonie,Wisconsin,United States,populated place,N 44° 52′ 31'',W 91° 55′ 9'',44.8752777777778,-91.9191666666667
4383,Oak Creek,Wisconsin,United States,populated place,N 42° 53′ 9'',W 87° 51′ 47'',42.8858333333333,-87.8630555555556
4384,"Wisconsin Rapids-Marshfield, WI Micro Area",Wisconsin,United States,economic region,N 44° 27′ 19'',W 90° 2′ 29'',44.4552777777778,-90.0413888888889
4385,"Green Bay, WI Metro Area",Wisconsin,United States,economic region,N 44° 41′ 55'',W 87° 49′ 30'',44.6986111111111,-87.825
4386,"Madison, WI Metro Area",Wisconsin,United States,economic region,N 43° 4′ 48'',W 89° 35′ 32'',43.08,-89.5922222222222
4387,Southern Wisconsin Regional Airport,Wisconsin,United States,airport,N 42° 36′ 54'',W 89° 2′ 29'',42.615,-89.0413888888889
4388,Port Washington,Wisconsin,United States,seat of a second-order administrative division,N 43° 23′ 14'',W 87° 52′ 32'',43.3872222222222,-87.8755555555556
4389,Monroe,Wisconsin,United States,seat of a second-order administrative division,N 42° 36′ 4'',W 89° 38′ 18'',42.6011111111111,-89.6383333333333
4390,Waupun,Wisconsin,United States,populated place,N 43° 37′ 59'',W 88° 43′ 46'',43.6330555555556,-88.7294444444444
4391,Wausau Municipal Airport,Wisconsin,United States,airport,N 44° 55′ 32'',W 89° 37′ 31'',44.9255555555556,-89.6252777777778
4392,Wauwatosa,Wisconsin,United States,populated place,N 43° 2′ 58'',W 88° 0′ 27'',43.0494444444444,-88.0075
4393,West Allis,Wisconsin,United States,populated place,N 43° 1′ 0'',W 88° 0′ 25'',43.0166666666667,-88.0069444444444
4394,Whitewater,Wisconsin,United States,populated place,N 42° 50′ 1'',W 88° 43′ 56'',42.8336111111111,-88.7322222222222
4395,Wittman Regional Airport,Wisconsin,United States,airport,N 43° 59′ 39'',W 88° 33′ 11'',43.9941666666667,-88.5530555555556
4396,Sparta-Fort McCoy Airport,Wisconsin,United States,airport,N 43° 57′ 29'',W 90° 44′ 16'',43.9580555555556,-90.7377777777778
4397,Stoughton,Wisconsin,United States,populated place,N 42° 55′ 1'',W 89° 13′ 4'',42.9169444444444,-89.2177777777778
4398,Taylor County Airport,Wisconsin,United States,airport,N 45° 5′ 57'',W 90° 18′ 20'',45.0991666666667,-90.3055555555556
4399,Lac Vieux Desert,Wisconsin,United States,lake,N 46° 7′ 46'',W 89° 7′ 2'',46.1294444444444,-89.1172222222222
4400,Zacatecas,Zacatecas,Mexico,first-order administrative division,N 23° 15′ 0'',W 103° 0′ 0'',23.25,-103
4401,Zacatecas City,Zacatecas,Mexico,seat of a first-order administrative division,N 22° 46′ 6'',W 102° 34′ 53'',22.7683333333333,-102.581388888889
4402,Fresnillo,Zacatecas,Mexico,seat of a second-order administrative division,N 23° 10′ 29'',W 102° 52′ 4'',23.1747222222222,-102.867777777778
4403,Guadalupe,Zacatecas,Mexico,seat of a second-order administrative division,N 22° 44′ 48'',W 102° 31′ 7'',22.7466666666667,-102.518611111111
4404,Zacatecas International Airport,Zacatecas,Mexico,airport,N 22° 53′ 49'',W 102° 41′ 12'',22.8969444444444,-102.686666666667
4405,Zacatecas,Zacatecas,Mexico,second-order administrative division,N 22° 44′ 20'',W 102° 40′ 8'',22.7388888888889,-102.668888888889
4406,Víctor Rosales,Zacatecas,Mexico,populated place,N 22° 56′ 56'',W 102° 42′ 8'',22.9488888888889,-102.702222222222
4407,Valparaíso,Zacatecas,Mexico,second-order administrative division,N 22° 46′ 22'',W 103° 42′ 47'',22.7727777777778,-103.713055555556
4408,Villa de Cos,Zacatecas,Mexico,second-order administrative division,N 23° 27′ 40'',W 102° 15′ 15'',23.4611111111111,-102.254166666667
4409,Jerez de García Salinas,Zacatecas,Mexico,seat of a second-order administrative division,N 22° 38′ 58'',W 102° 59′ 23'',22.6494444444444,-102.989722222222
4410,Apozol,Zacatecas,Mexico,second-order administrative division,N 21° 28′ 3'',W 103° 3′ 20'',21.4675,-103.055555555556
4411,Atolinga,Zacatecas,Mexico,second-order administrative division,N 21° 46′ 38'',W 103° 26′ 47'',21.7772222222222,-103.446388888889
4412,Calera,Zacatecas,Mexico,second-order administrative division,N 22° 58′ 57'',W 102° 41′ 33'',22.9825,-102.6925
4413,Cañitas de Felipe Pescador,Zacatecas,Mexico,second-order administrative division,N 23° 34′ 43'',W 102° 43′ 2'',23.5786111111111,-102.717222222222
4414,Concepción del Oro,Zacatecas,Mexico,second-order administrative division,N 24° 31′ 43'',W 101° 17′ 35'',24.5286111111111,-101.293055555556
4415,Fresnillo,Zacatecas,Mexico,second-order administrative division,N 23° 13′ 31'',W 102° 58′ 20'',23.2252777777778,-102.972222222222
4416,Trinidad García de la Cadena,Zacatecas,Mexico,second-order administrative division,N 21° 13′ 20'',W 103° 29′ 35'',21.2222222222222,-103.493055555556
4417,General Enrique Estrada,Zacatecas,Mexico,second-order administrative division,N 23° 1′ 5'',W 102° 46′ 6'',23.0180555555556,-102.768333333333
4418,General Francisco R. Murguía,Zacatecas,Mexico,second-order administrative division,N 24° 6′ 7'',W 102° 56′ 11'',24.1019444444444,-102.936388888889
4419,El Plateado de Joaquín Amaro,Zacatecas,Mexico,second-order administrative division,N 22° 0′ 3'',W 103° 3′ 16'',22.0008333333333,-103.054444444444
4420,General Pánfilo Natera,Zacatecas,Mexico,second-order administrative division,N 22° 39′ 23'',W 102° 5′ 46'',22.6563888888889,-102.096111111111
4421,Guadalupe,Zacatecas,Mexico,second-order administrative division,N 22° 43′ 49'',W 102° 27′ 56'',22.7302777777778,-102.465555555556
4422,Huanusco,Zacatecas,Mexico,second-order administrative division,N 21° 45′ 3'',W 102° 53′ 34'',21.7508333333333,-102.892777777778
4423,Jalpa,Zacatecas,Mexico,second-order administrative division,N 21° 38′ 11'',W 102° 58′ 36'',21.6363888888889,-102.976666666667
4424,Jerez,Zacatecas,Mexico,second-order administrative division,N 22° 41′ 12'',W 102° 59′ 52'',22.6866666666667,-102.997777777778
4425,Jiménez del Teul,Zacatecas,Mexico,second-order administrative division,N 23° 10′ 35'',W 103° 51′ 42'',23.1763888888889,-103.861666666667
4426,Juan Aldama,Zacatecas,Mexico,second-order administrative division,N 24° 15′ 38'',W 103° 19′ 45'',24.2605555555556,-103.329166666667
4427,Juchipila,Zacatecas,Mexico,second-order administrative division,N 21° 23′ 0'',W 103° 6′ 18'',21.3833333333333,-103.105
4428,Luis Moya,Zacatecas,Mexico,second-order administrative division,N 22° 26′ 15'',W 102° 15′ 2'',22.4375,-102.250555555556
4429,Mazapil Municipality,Zacatecas,Mexico,second-order administrative division,N 24° 26′ 1'',W 101° 53′ 36'',24.4336111111111,-101.893333333333
4430,Mezquital del Oro,Zacatecas,Mexico,second-order administrative division,N 21° 12′ 19'',W 103° 20′ 56'',21.2052777777778,-103.348888888889
4431,Momax,Zacatecas,Mexico,second-order administrative division,N 21° 56′ 2'',W 103° 17′ 42'',21.9338888888889,-103.295
4432,Monte Escobedo,Zacatecas,Mexico,second-order administrative division,N 22° 23′ 19'',W 103° 29′ 27'',22.3886111111111,-103.490833333333
4433,Moyahua de Estrada,Zacatecas,Mexico,second-order administrative division,N 21° 10′ 45'',W 103° 10′ 3'',21.1791666666667,-103.1675
4434,Nochistlán de Mejía,Zacatecas,Mexico,second-order administrative division,N 21° 26′ 30'',W 102° 51′ 0'',21.4416666666667,-102.85
4435,Noria de Ángeles,Zacatecas,Mexico,second-order administrative division,N 22° 23′ 4'',W 101° 53′ 41'',22.3844444444444,-101.894722222222
4436,Ojocaliente,Zacatecas,Mexico,second-order administrative division,N 22° 34′ 36'',W 102° 14′ 24'',22.5766666666667,-102.24
4437,Pánuco,Zacatecas,Mexico,second-order administrative division,N 23° 0′ 56'',W 102° 25′ 51'',23.0155555555556,-102.430833333333
4438,Río Grande,Zacatecas,Mexico,second-order administrative division,N 23° 48′ 22'',W 103° 4′ 9'',23.8061111111111,-103.069166666667
4439,Sain Alto,Zacatecas,Mexico,second-order administrative division,N 23° 35′ 47'',W 103° 16′ 8'',23.5963888888889,-103.268888888889
4440,Sombrerete,Zacatecas,Mexico,second-order administrative division,N 23° 38′ 23'',W 103° 36′ 46'',23.6397222222222,-103.612777777778
4441,Susticacán,Zacatecas,Mexico,second-order administrative division,N 22° 36′ 47'',W 103° 8′ 52'',22.6130555555556,-103.147777777778
4442,Tabasco,Zacatecas,Mexico,second-order administrative division,N 21° 54′ 33'',W 102° 56′ 15'',21.9091666666667,-102.9375
4443,Tepechitlán,Zacatecas,Mexico,second-order administrative division,N 21° 37′ 38'',W 103° 19′ 42'',21.6272222222222,-103.328333333333
4444,Tepetongo,Zacatecas,Mexico,second-order administrative division,N 22° 27′ 27'',W 103° 7′ 56'',22.4575,-103.132222222222
4445,Teúl de González Ortega,Zacatecas,Mexico,second-order administrative division,N 21° 21′ 59'',W 103° 27′ 31'',21.3663888888889,-103.458611111111
4446,Tlaltenango de Sánchez Román,Zacatecas,Mexico,second-order administrative division,N 21° 46′ 39'',W 103° 14′ 45'',21.7775,-103.245833333333
4447,Vetagrande,Zacatecas,Mexico,second-order administrative division,N 22° 51′ 8'',W 102° 28′ 57'',22.8522222222222,-102.4825
4448,Villa García,Zacatecas,Mexico,second-order administrative division,N 22° 8′ 1'',W 101° 54′ 29'',22.1336111111111,-101.908055555556
4449,Villa González Ortega,Zacatecas,Mexico,second-order administrative division,N 22° 32′ 23'',W 101° 56′ 52'',22.5397222222222,-101.947777777778
